topic	weight
topic 0	0.00287389796098
topic 1	1.51080617566e-05
topic 2	0.0
topic 3	4.26545167635e-06
topic 4	0.0
topic 5	0.00850038777189
topic 6	0.0
