topic	weight
topic 0	0.0183236227899
topic 1	0.214387600097
topic 2	0.0
topic 3	0.0
topic 4	0.0
topic 5	0.0
topic 6	0.0
