topic	weight
topic 0	0.0033499378327
topic 1	6.76452603241e-05
topic 2	0.00468405117502
topic 3	0.0
topic 4	0.0190490940262
topic 5	0.00592235633512
topic 6	0.00775905367713
