topic	weight
topic 0	0.000297754872418
topic 1	0.000212855511651
topic 2	0.000773841539966
topic 3	0.000594133349057
topic 4	4.52091669983e-05
topic 5	0.0
topic 6	0.0
