topic	weight
topic 0	0.0
topic 1	0.0195868638397
topic 2	0.0283430881168
topic 3	0.00588482900903
topic 4	0.0
topic 5	0.0139117448939
topic 6	0.0
