topic	weight
topic 0	1.39114011583e-05
topic 1	0.0
topic 2	0.000156250488596
topic 3	0.00213851846117
topic 4	0.000478153858626
topic 5	0.00012978955611
topic 6	0.0
