topic	weight
topic 0	0.000768550693437
topic 1	6.69713330564e-05
topic 2	0.00114556256875
topic 3	0.00198044606166
topic 4	0.001429924882
topic 5	0.00134316603553
topic 6	0.0
