topic	weight
topic 0	0.0
topic 1	4.06774417468e-05
topic 2	0.000104289355017
topic 3	3.72525065728e-05
topic 4	0.000647070171522
topic 5	0.000446425333529
topic 6	4.86802285596e-05
