topic	weight
topic 0	0.00233160218042
topic 1	0.00054946484838
topic 2	0.00344863917005
topic 3	0.0
topic 4	0.0106793691474
topic 5	0.00304652285512
topic 6	0.000678662810983
