topic	weight
topic 0	0.00012427474824
topic 1	0.0157726378101
topic 2	0.00814778347455
topic 3	0.00344097291883
topic 4	0.00393304109182
topic 5	0.00125851227726
topic 6	2.66264735099e-05
