topic	weight
topic 0	0.0336992087132
topic 1	0.0100866224875
topic 2	0.0197389695174
topic 3	0.0122493266583
topic 4	0.00485194458669
topic 5	0.0
topic 6	0.0
