topic	weight
topic 0	0.00616732183715
topic 1	0.0
topic 2	0.0
topic 3	0.000513550423768
topic 4	0.00576219957109
topic 5	0.0
topic 6	0.00372171303199
