topic	weight
topic 0	0.0
topic 1	0.0208464805333
topic 2	0.0122115753206
topic 3	0.0
topic 4	0.0266781631209
topic 5	0.00548159384469
topic 6	0.00239218789906
