topic	weight
topic 0	0.0
topic 1	0.000190040359337
topic 2	0.00285442882877
topic 3	0.0006302271754
topic 4	0.0131239557528
topic 5	0.00884225807788
topic 6	0.0
