topic	weight
topic 0	0.0
topic 1	0.00276535338653
topic 2	0.00554817963117
topic 3	0.00126585225615
topic 4	0.00528374067337
topic 5	0.000229799450644
topic 6	0.0
