topic	weight
topic 0	0.0117079352336
topic 1	0.0
topic 2	0.00246362278642
topic 3	0.00308222123818
topic 4	0.000800848139745
topic 5	0.0346517146088
topic 6	0.00448764864729
