topic	weight
topic 0	0.0
topic 1	0.0046737606711
topic 2	0.000170905574898
topic 3	0.00039442614509
topic 4	0.0025700967388
topic 5	0.00135590160685
topic 6	0.0
