topic	weight
topic 0	0.0
topic 1	0.0151820626615
topic 2	0.00902855084729
topic 3	0.0
topic 4	0.0345700618536
topic 5	0.00595911595028
topic 6	0.00165207645334
