topic	weight
topic 0	0.00920163942714
topic 1	0.0
topic 2	0.0
topic 3	0.0
topic 4	0.0910664331841
topic 5	0.00944611970141
topic 6	0.0
