topic	weight
topic 0	0.0
topic 1	0.00144354077917
topic 2	0.00664462232017
topic 3	0.00258782323139
topic 4	0.00374931359471
topic 5	0.00395322564562
topic 6	0.0
