topic	weight
topic 0	0.0
topic 1	0.194783787725
topic 2	0.000323223862231
topic 3	0.000841162008952
topic 4	0.00378103232836
topic 5	0.00499071746917
topic 6	0.0
