topic	weight
topic 0	0.00677973596711
topic 1	0.00644316519604
topic 2	0.00722180651712
topic 3	0.0
topic 4	0.0188496974775
topic 5	0.000686886603948
topic 6	0.0
