topic	weight
topic 0	0.00332776934365
topic 1	0.0
topic 2	0.0108979552425
topic 3	0.00172827001972
topic 4	0.0
topic 5	0.0
topic 6	0.0
