topic	weight
topic 0	0.0
topic 1	0.000126427145993
topic 2	0.00137312961081
topic 3	0.000152636305547
topic 4	0.00143383396929
topic 5	0.000806466756477
topic 6	0.0
