topic	weight
topic 0	0.000206784751921
topic 1	5.36521214472e-05
topic 2	0.000840606525314
topic 3	3.67141583894e-05
topic 4	0.000348232455909
topic 5	0.000101629874791
topic 6	0.0
