topic	weight
topic 0	0.0
topic 1	2.05314666577e-05
topic 2	0.0146857556528
topic 3	0.0
topic 4	0.0084171566492
topic 5	0.00628548489977
topic 6	0.0
