topic	weight
topic 0	0.0
topic 1	0.00049788287229
topic 2	0.0013287424171
topic 3	0.0226800335781
topic 4	0.00384631664022
topic 5	0.0
topic 6	0.0
