topic	weight
topic 0	0.0
topic 1	0.0
topic 2	0.000541727976052
topic 3	0.0
topic 4	0.00985973925996
topic 5	0.000107146225022
topic 6	0.0
