topic	weight
topic 0	0.0
topic 1	0.000503649578805
topic 2	0.000208595871392
topic 3	0.00137885445698
topic 4	0.000109981017233
topic 5	0.00230287241146
topic 6	5.27660480615e-05
