topic	weight
topic 0	0.0
topic 1	0.00136299963247
topic 2	4.9021063507e-06
topic 3	0.000219164657365
topic 4	0.000540642680767
topic 5	0.000118945969339
topic 6	0.0
