topic	weight
topic 0	0.0
topic 1	0.0
topic 2	0.000183336420284
topic 3	0.0138456163101
topic 4	0.0
topic 5	0.0
topic 6	0.000136599624183
