topic	weight
topic 0	0.0
topic 1	0.0
topic 2	0.0
topic 3	0.00590690965448
topic 4	0.10887894442
topic 5	0.0
topic 6	0.00175754812301
