topic	weight
topic 0	0.0
topic 1	0.00424415796084
topic 2	0.0169229252638
topic 3	0.0
topic 4	0.0205375917446
topic 5	0.00906990226509
topic 6	0.0136704644144
