topic	weight
topic 0	0.00312179277828
topic 1	0.00848034469322
topic 2	0.0
topic 3	0.00420357182239
topic 4	0.00558020367725
topic 5	0.226378536899
topic 6	0.0
