topic	weight
topic 0	0.0
topic 1	0.00452127923619
topic 2	0.0076512954129
topic 3	0.0
topic 4	0.0111031258615
topic 5	0.00241793805822
topic 6	0.000104625474366
