topic	weight
topic 0	0.0
topic 1	0.0102340702918
topic 2	0.0148284824282
topic 3	0.00589659687537
topic 4	0.0174647670043
topic 5	0.00558923334667
topic 6	0.0143757495725
