topic	weight
topic 0	0.00129990497213
topic 1	0.000791911650845
topic 2	0.0
topic 3	0.050448623998
topic 4	0.0
topic 5	0.0
topic 6	4.85334594932e-05
