topic	weight
topic 0	5.82729864772e-05
topic 1	0.000506799877468
topic 2	0.0011861891625
topic 3	0.00171643086616
topic 4	0.00101006090293
topic 5	8.31770776114e-05
topic 6	0.0
