topic	weight
topic 0	0.0066513573155
topic 1	0.00101255270815
topic 2	0.0292964089052
topic 3	0.000268666967397
topic 4	0.00572977601961
topic 5	0.00227384061115
topic 6	0.0
