topic	weight
topic 0	7.36705843517e-06
topic 1	0.00121689605193
topic 2	0.00421969533819
topic 3	0.00151125441319
topic 4	0.00124204368001
topic 5	0.000905995388859
topic 6	0.0
