topic	weight
topic 0	0.000314538186421
topic 1	0.00171419144592
topic 2	0.0113009938073
topic 3	0.0
topic 4	0.0102823367664
topic 5	0.00344791946099
topic 6	0.0138776478071
