topic	weight
topic 0	0.0
topic 1	0.00292761876157
topic 2	0.00948965608939
topic 3	0.0
topic 4	0.00521233496496
topic 5	0.00153322682044
topic 6	3.15340256901e-05
