topic	weight
topic 0	0.00137614907646
topic 1	0.0
topic 2	0.0
topic 3	0.0
topic 4	0.000376285911175
topic 5	0.00359220359018
topic 6	0.0
