topic	weight
topic 0	0.0
topic 1	0.147834383784
topic 2	0.0
topic 3	0.000845578728242
topic 4	0.0064038745762
topic 5	0.00883727956744
topic 6	0.000991770369783
