topic	weight
topic 0	0.000403840660031
topic 1	3.82479893787e-05
topic 2	0.000331907260756
topic 3	8.10861944909e-05
topic 4	4.95525768492e-05
topic 5	0.0
topic 6	0.000138907102759
