topic	weight
topic 0	0.00365552837583
topic 1	1.87253775124e-05
topic 2	0.00134247396059
topic 3	0.0
topic 4	0.00094616293141
topic 5	0.0
topic 6	0.0
