topic	weight
topic 0	0.0
topic 1	0.00970176287219
topic 2	0.000811980838024
topic 3	0.000256383294263
topic 4	0.00275229887469
topic 5	0.0105116209157
topic 6	0.0
