topic	weight
topic 0	0.0
topic 1	0.0215863113004
topic 2	0.133093010684
topic 3	0.0
topic 4	0.0
topic 5	0.0
topic 6	0.0
