topic	weight
topic 0	0.00716011227657
topic 1	0.0
topic 2	0.00225430512515
topic 3	0.000436215799542
topic 4	0.00886442481574
topic 5	0.0316057397964
topic 6	0.00171849045718
