topic	weight
topic 0	0.0
topic 1	0.0
topic 2	0.0298880212364
topic 3	0.000967835535053
topic 4	0.00725723200839
topic 5	0.00731317925916
topic 6	0.0
