topic	weight
topic 0	0.000205575749912
topic 1	0.000329783553613
topic 2	0.00317818239786
topic 3	0.00138104199864
topic 4	0.00122776580531
topic 5	0.0015067144603
topic 6	0.0
