topic	weight
topic 0	0.0
topic 1	0.000387394046476
topic 2	0.00123991888939
topic 3	0.00111437564676
topic 4	0.00157375837898
topic 5	0.00106216483388
topic 6	0.0
