topic	weight
topic 0	0.0
topic 1	0.00185118686631
topic 2	0.0099118758258
topic 3	0.0
topic 4	0.0214163999979
topic 5	0.00173578244718
topic 6	0.00162000437153
