topic	weight
topic 0	0.0
topic 1	0.00870272925051
topic 2	0.00905939205735
topic 3	0.000417094979879
topic 4	0.019022330234
topic 5	0.00155769973976
topic 6	0.00166901520155
