topic	weight
topic 0	0.0
topic 1	0.00331407366241
topic 2	0.00653888005359
topic 3	0.0
topic 4	0.0100887944579
topic 5	0.00108062159114
topic 6	0.0
