topic	weight
topic 0	0.000210882503844
topic 1	0.0
topic 2	0.000262085826203
topic 3	0.0
topic 4	0.00929591567331
topic 5	0.00641650231879
topic 6	0.0
