topic	weight
topic 0	0.000506214439223
topic 1	0.000815267130201
topic 2	0.000399843975306
topic 3	0.000363796709581
topic 4	0.000144426585287
topic 5	0.0143502297002
topic 6	0.0
