topic	weight
topic 0	0.00399818950291
topic 1	0.00330100578219
topic 2	0.00150146840172
topic 3	0.00674608557737
topic 4	0.000206626077516
topic 5	0.00120382501001
topic 6	0.0
