topic	weight
topic 0	0.0180953133369
topic 1	0.0244410172224
topic 2	6.61477739943e-05
topic 3	0.0
topic 4	0.00542860027332
topic 5	0.000121084157766
topic 6	0.0
