topic	weight
topic 0	0.00126310253022
topic 1	0.0
topic 2	0.0
topic 3	1.81777162422e-05
topic 4	0.000526850617138
topic 5	0.0
topic 6	0.00644620122227
