topic	weight
topic 0	0.0
topic 1	0.00380789645765
topic 2	0.000254711140812
topic 3	0.000663670923147
topic 4	0.0
topic 5	0.0174157273067
topic 6	0.0
