topic	weight
topic 0	2.50811883592e-05
topic 1	3.60999376096e-05
topic 2	1.81871508656e-05
topic 3	0.000264987083484
topic 4	7.67410537752e-05
topic 5	0.0
topic 6	0.0
