topic	weight
topic 0	0.0
topic 1	0.0452909853878
topic 2	0.0
topic 3	0.0
topic 4	0.0
topic 5	0.000563287411658
topic 6	0.0
