topic	weight
topic 0	0.00382704887615
topic 1	0.0
topic 2	0.0
topic 3	0.000399002119097
topic 4	0.00542507200355
topic 5	0.000223629073857
topic 6	0.224007339288
