topic	weight
topic 0	0.000119886967606
topic 1	0.00542876797649
topic 2	0.00340364975415
topic 3	0.0148951393784
topic 4	0.0
topic 5	0.00149976746797
topic 6	0.0
