topic	weight
topic 0	0.0194251120998
topic 1	3.73756280062e-05
topic 2	0.00249455013032
topic 3	0.000273812923087
topic 4	0.000255823633066
topic 5	0.0
topic 6	1.70100578703e-05
