topic	weight
topic 0	0.0
topic 1	0.00540738052313
topic 2	0.0315739337192
topic 3	0.00604761894224
topic 4	0.000217351793286
topic 5	0.0123011952459
topic 6	0.0
