topic	weight
topic 0	0.000801725647333
topic 1	0.00827735452775
topic 2	0.00522370154401
topic 3	0.00187310789654
topic 4	0.0108266794135
topic 5	0.00766044336484
topic 6	0.0
