topic	weight
topic 0	0.00840502595872
topic 1	0.00751083393341
topic 2	0.0
topic 3	0.00029151021841
topic 4	0.00479187200408
topic 5	0.011484250727
topic 6	3.20205385175e-06
