topic	weight
topic 0	0.00915983733694
topic 1	0.0
topic 2	0.0
topic 3	0.000545540303891
topic 4	0.00174359959697
topic 5	0.0268387414134
topic 6	0.000272362964473
