topic	weight
topic 0	0.0
topic 1	0.00865740224022
topic 2	0.0323598784474
topic 3	0.00093569394722
topic 4	0.0106574542076
topic 5	0.0193935532263
topic 6	0.0
