topic	weight
topic 0	0.00984820654557
topic 1	0.0
topic 2	0.0
topic 3	0.0
topic 4	0.073766882296
topic 5	0.0315796070434
topic 6	0.00260570919435
