topic	weight
topic 0	0.000121756096544
topic 1	0.00564246937235
topic 2	0.00176795240667
topic 3	0.00218226478711
topic 4	0.00660859684291
topic 5	0.00329864449647
topic 6	0.00056062023111
