topic	weight
topic 0	0.0
topic 1	0.00653922749502
topic 2	0.00459579789837
topic 3	0.0014310149472
topic 4	0.00743683351134
topic 5	0.000610616969124
topic 6	0.0
