topic	weight
topic 0	0.00698076758777
topic 1	0.00634935745407
topic 2	0.0171680841019
topic 3	0.00363555813045
topic 4	0.00647736777163
topic 5	0.0
topic 6	0.0
