topic	weight
topic 0	0.00175419536413
topic 1	0.000370288467785
topic 2	0.000257288965178
topic 3	0.000293319933056
topic 4	0.00138376306608
topic 5	0.000890775402099
topic 6	0.0
