topic	weight
topic 0	0.000501199361896
topic 1	0.00439355837101
topic 2	0.0028244322283
topic 3	0.00190167152878
topic 4	0.00338993064366
topic 5	0.00333935874489
topic 6	0.0
