topic	weight
topic 0	0.0
topic 1	0.001512548778
topic 2	0.00449545976182
topic 3	0.000472156970056
topic 4	0.0015253894571
topic 5	0.00108371681812
topic 6	7.77248578291e-05
