topic	weight
topic 0	0.0055935965979
topic 1	0.0
topic 2	0.0
topic 3	0.0
topic 4	0.0
topic 5	0.0147279956555
topic 6	0.0
