topic	weight
topic 0	0.0
topic 1	0.00106956419413
topic 2	0.00651359357868
topic 3	0.00255468301646
topic 4	0.00454669260563
topic 5	0.00673261998812
topic 6	0.0
