topic	weight
topic 0	0.00069767085735
topic 1	0.00708577487603
topic 2	0.00108673450568
topic 3	0.00209007930945
topic 4	0.00645985537938
topic 5	0.0075901830833
topic 6	0.0
