topic	weight
topic 0	0.0
topic 1	0.0090843946958
topic 2	0.108865984214
topic 3	0.0
topic 4	0.00237344755611
topic 5	0.0
topic 6	0.00735266960575
