topic	weight
topic 0	0.0
topic 1	0.0
topic 2	0.000332205668202
topic 3	0.00227449676994
topic 4	0.00137991859464
topic 5	0.00275243056242
topic 6	0.0
