topic	weight
topic 0	0.0
topic 1	0.0202248975264
topic 2	0.0
topic 3	0.0
topic 4	0.0
topic 5	0.191059060373
topic 6	0.0
