topic	weight
topic 0	0.0
topic 1	0.00336238930626
topic 2	0.000625237385648
topic 3	0.000131380546413
topic 4	0.000417735505249
topic 5	0.00260145458317
topic 6	0.0
