topic	weight
topic 0	0.0
topic 1	0.00110301994355
topic 2	0.00265411403691
topic 3	0.0107545816681
topic 4	0.00152641702072
topic 5	0.00644470955505
topic 6	0.0
