topic	weight
topic 0	0.00836706179709
topic 1	0.000291401893247
topic 2	0.00657471965642
topic 3	0.0017916765898
topic 4	0.00903316384917
topic 5	0.0
topic 6	0.0
