topic	weight
topic 0	0.0287770667365
topic 1	0.0
topic 2	0.00129024984553
topic 3	0.0
topic 4	0.0013099632646
topic 5	0.0
topic 6	0.0
