topic	weight
topic 0	0.0
topic 1	0.0
topic 2	0.0101120240367
topic 3	0.0
topic 4	0.00826142747399
topic 5	0.000108437328546
topic 6	0.000893970554649
