topic	weight
topic 0	0.167675522862
topic 1	0.0
topic 2	0.0
topic 3	0.000195063556115
topic 4	0.00117923316516
topic 5	0.0250349073239
topic 6	0.000230572881047
