topic	weight
topic 0	0.0
topic 1	0.0
topic 2	0.000750813987414
topic 3	0.019767729839
topic 4	0.0
topic 5	0.000453538036555
topic 6	0.0
