topic	weight
topic 0	0.00132006080428
topic 1	0.00628687752089
topic 2	0.00807594782454
topic 3	0.000138023522074
topic 4	0.0142640176894
topic 5	0.0
topic 6	0.00211601863782
