topic	weight
topic 0	0.0
topic 1	0.00104585027267
topic 2	0.0
topic 3	0.0
topic 4	0.0507966093203
topic 5	0.0
topic 6	0.0
