topic	weight
topic 0	0.0
topic 1	0.0031665337742
topic 2	0.00837159231243
topic 3	0.00266851247798
topic 4	0.0037245151642
topic 5	0.0105121960869
topic 6	0.0
