topic	weight
topic 0	0.0
topic 1	0.00107240297669
topic 2	0.0046922264899
topic 3	0.00260939997055
topic 4	0.00251031907745
topic 5	0.0067203711976
topic 6	0.0
