topic	weight
topic 0	0.0
topic 1	0.0
topic 2	0.0
topic 3	0.0
topic 4	0.00303613822334
topic 5	0.000160455318003
topic 6	2.35124623452e-05
