topic	weight
topic 0	0.0
topic 1	0.00129454726297
topic 2	0.184790015623
topic 3	0.00184280068
topic 4	0.0
topic 5	0.0
topic 6	0.0
