topic	weight
topic 0	0.0
topic 1	0.0
topic 2	0.0
topic 3	0.0722284966369
topic 4	0.0102650589276
topic 5	8.25440965262e-05
topic 6	0.0
