topic	weight
topic 0	0.0
topic 1	0.017972496737
topic 2	0.0186306729613
topic 3	0.0
topic 4	0.0
topic 5	0.00154327431366
topic 6	0.0
