topic	weight
topic 0	0.0
topic 1	0.0319422384853
topic 2	0.780704897072
topic 3	0.0
topic 4	0.0
topic 5	0.0
topic 6	0.20343046998
