topic	weight
topic 0	0.0
topic 1	0.00473722478466
topic 2	0.00886512741469
topic 3	0.00310642197373
topic 4	0.0118882005359
topic 5	0.0
topic 6	0.00115862075672
