topic	weight
topic 0	0.0202282115088
topic 1	0.0
topic 2	0.00159244334198
topic 3	7.7267418525e-05
topic 4	0.000731227532693
topic 5	0.0
topic 6	9.90654506063e-05
