topic	weight
topic 0	0.0
topic 1	0.00502836135678
topic 2	0.00549465492427
topic 3	0.0112214658556
topic 4	0.0100428558199
topic 5	0.000577665486441
topic 6	0.0
