topic	weight
topic 0	0.0
topic 1	0.0
topic 2	0.0078788462288
topic 3	0.136900885687
topic 4	0.0
topic 5	0.0
topic 6	0.0
