topic	weight
topic 0	0.0
topic 1	0.0208542486727
topic 2	0.00229278434153
topic 3	0.000134684992883
topic 4	0.00166691525254
topic 5	9.54352868005e-05
topic 6	0.00179018917902
