topic	weight
topic 0	0.00170778914821
topic 1	0.0143747711564
topic 2	0.00441931184367
topic 3	0.0
topic 4	0.0
topic 5	0.00210609091744
topic 6	0.0
