topic	weight
topic 0	0.0
topic 1	0.000803371429549
topic 2	0.00049583560768
topic 3	1.76817181744e-05
topic 4	0.00171906616188
topic 5	0.000482237272776
topic 6	0.0
