topic	weight
topic 0	0.0280736819844
topic 1	0.0
topic 2	0.000891762784395
topic 3	0.0
topic 4	0.000914583425923
topic 5	0.0
topic 6	0.0
