topic	weight
topic 0	0.0
topic 1	0.145137364655
topic 2	0.0
topic 3	5.63891197996e-05
topic 4	0.004317598292
topic 5	0.0
topic 6	0.0
