topic	weight
topic 0	0.00463508672731
topic 1	0.00903743369837
topic 2	0.0286558589745
topic 3	0.00878049788489
topic 4	0.0123880727059
topic 5	0.0110033416542
topic 6	0.0
