topic	weight
topic 0	0.0
topic 1	0.0
topic 2	0.00363165591823
topic 3	0.0
topic 4	0.000280143199725
topic 5	0.000328469911931
topic 6	0.0
