topic	weight
topic 0	0.0
topic 1	0.00699936524374
topic 2	0.00394027028598
topic 3	0.00148264706412
topic 4	0.00159258558964
topic 5	0.130652581644
topic 6	0.0
