topic	weight
topic 0	0.000352575049457
topic 1	0.000774549147176
topic 2	3.08192146586e-05
topic 3	0.0
topic 4	0.00518545225168
topic 5	0.0
topic 6	0.0
