topic	weight
topic 0	0.0
topic 1	0.00205088218134
topic 2	0.00632069358213
topic 3	0.0
topic 4	0.000862570157859
topic 5	0.0
topic 6	0.0
