topic	weight
topic 0	0.0
topic 1	0.00273862454953
topic 2	0.00358858593714
topic 3	0.00686282445234
topic 4	0.019055831288
topic 5	0.00119471903269
topic 6	0.0
