topic	weight
topic 0	0.000666467425429
topic 1	0.00115777504997
topic 2	0.00373782941814
topic 3	0.00204389525287
topic 4	0.00221707737904
topic 5	0.000661571325857
topic 6	8.46341205883e-05
