topic	weight
topic 0	0.0
topic 1	0.000324673941391
topic 2	0.0
topic 3	0.126118861237
topic 4	0.0
topic 5	0.0126512793082
topic 6	0.0
