topic	weight
topic 0	0.00147024718092
topic 1	0.010398196946
topic 2	0.00521682477313
topic 3	0.0503452101103
topic 4	0.00914710407532
topic 5	0.0107260002925
topic 6	0.0
