topic	weight
topic 0	0.000779619656474
topic 1	0.0
topic 2	0.00138377554939
topic 3	0.000739754098042
topic 4	0.00188672635697
topic 5	0.000436699023017
topic 6	0.0
