topic	weight
topic 0	0.00949292288844
topic 1	0.00154347654918
topic 2	0.00541123307272
topic 3	0.0
topic 4	0.00759378536951
topic 5	0.00028904328794
topic 6	0.0
