topic	weight
topic 0	0.0
topic 1	0.00122209518843
topic 2	0.0011071939805
topic 3	0.00106621122651
topic 4	0.0003845019861
topic 5	0.00281037990177
topic 6	0.0
