topic	weight
topic 0	0.0
topic 1	0.00243706442682
topic 2	0.0126856736512
topic 3	0.0
topic 4	0.0068986901066
topic 5	0.00207343271892
topic 6	0.0103924360309
