topic	weight
topic 0	0.0
topic 1	0.0
topic 2	0.0
topic 3	0.0
topic 4	0.206562354104
topic 5	0.00111120712433
topic 6	0.0
