topic	weight
topic 0	0.00208782461618
topic 1	0.142316552124
topic 2	0.0
topic 3	0.00223670203438
topic 4	0.000213436539279
topic 5	0.00937739015174
topic 6	0.0
