topic	weight
topic 0	0.0
topic 1	0.000765358543002
topic 2	0.000779157129268
topic 3	1.33924104268e-05
topic 4	0.000992092015584
topic 5	0.000281898671947
topic 6	0.00113490012162
