topic	weight
topic 0	0.0
topic 1	0.00232187371153
topic 2	0.00314811245845
topic 3	0.000681007463965
topic 4	0.000677639127051
topic 5	0.0
topic 6	0.0
