topic	weight
topic 0	0.0
topic 1	0.208363743336
topic 2	0.0
topic 3	0.0
topic 4	0.0
topic 5	0.0
topic 6	0.316151416759
