topic	weight
topic 0	0.0
topic 1	0.0015107354242
topic 2	0.0184958177654
topic 3	0.0
topic 4	0.00208725821327
topic 5	0.00110891334203
topic 6	0.0
