topic	weight
topic 0	0.00183176448096
topic 1	0.000306356101911
topic 2	0.00014948910805
topic 3	0.0
topic 4	0.00101493222231
topic 5	0.00176917062593
topic 6	3.10021146728e-05
