topic	weight
topic 0	0.00264917407453
topic 1	0.000805216599896
topic 2	0.0
topic 3	0.0048921261534
topic 4	0.00117379411928
topic 5	0.163446017714
topic 6	0.0
