topic	weight
topic 0	0.00531516265602
topic 1	0.00798723737343
topic 2	0.0165462098673
topic 3	0.00416357563517
topic 4	0.00590233641332
topic 5	0.00272043554331
topic 6	0.0
