topic	weight
topic 0	0.0
topic 1	0.00871679605933
topic 2	0.0233315205815
topic 3	0.0
topic 4	2.21626425016e-05
topic 5	0.0
topic 6	0.0
