topic	weight
topic 0	0.024444544124
topic 1	0.0298631486886
topic 2	0.0
topic 3	0.0
topic 4	0.0
topic 5	0.0
topic 6	0.0
