topic	weight
topic 0	0.0
topic 1	1.77477378066e-05
topic 2	9.56922085068e-05
topic 3	0.000178745595688
topic 4	6.44751273226e-05
topic 5	0.000147773842201
topic 6	0.0
