topic	weight
topic 0	0.0
topic 1	0.00350233855036
topic 2	0.00357118125274
topic 3	0.004017672907
topic 4	0.00561506473726
topic 5	0.00066973544211
topic 6	0.0
