topic	weight
topic 0	0.0
topic 1	0.000172554485491
topic 2	0.000971469754705
topic 3	0.0032312718037
topic 4	0.0030306581013
topic 5	0.00361319848918
topic 6	0.0
