topic	weight
topic 0	0.00628481573424
topic 1	0.0139616523949
topic 2	0.0232923421237
topic 3	0.0
topic 4	0.00411663578135
topic 5	0.0013338842767
topic 6	0.0
