topic	weight
topic 0	0.0
topic 1	0.0065610091193
topic 2	0.00722314263457
topic 3	0.000267483678697
topic 4	0.00812134275566
topic 5	0.00325191448166
topic 6	0.0
