topic	weight
topic 0	0.00153984553414
topic 1	0.0
topic 2	0.000353851125964
topic 3	0.0
topic 4	0.0753649489502
topic 5	0.0
topic 6	0.0
