topic	weight
topic 0	0.000251294288095
topic 1	0.0063395339788
topic 2	2.28551642171e-05
topic 3	0.000407546163115
topic 4	0.0065534811437
topic 5	0.00284821040457
topic 6	0.00629209025663
