topic	weight
topic 0	0.0
topic 1	0.00326227051749
topic 2	0.0013238533503
topic 3	0.0
topic 4	0.00887003760428
topic 5	0.00371593516538
topic 6	0.0
