topic	weight
topic 0	0.0
topic 1	0.0010278199393
topic 2	0.0223743187017
topic 3	3.82372591903e-05
topic 4	0.00279485374695
topic 5	8.17032151624e-05
topic 6	0.0
