topic	weight
topic 0	0.0
topic 1	0.0027129805874
topic 2	0.0
topic 3	0.000186447034549
topic 4	0.0
topic 5	0.000359175643263
topic 6	0.0
