topic	weight
topic 0	0.0
topic 1	0.00247674080235
topic 2	0.00691722765029
topic 3	9.44966558573e-05
topic 4	0.00595313082267
topic 5	0.00346805315846
topic 6	0.0
