topic	weight
topic 0	0.00221461250263
topic 1	0.0
topic 2	0.00667725538635
topic 3	0.0010626508097
topic 4	0.00284050011737
topic 5	0.00407785213226
topic 6	0.0
