topic	weight
topic 0	0.0
topic 1	0.000444569656856
topic 2	0.00651822374349
topic 3	0.00189598970505
topic 4	0.0171204250045
topic 5	6.45807393609e-05
topic 6	0.000735498114321
