topic	weight
topic 0	0.0
topic 1	0.00269747334291
topic 2	0.0241421028604
topic 3	0.0209728419616
topic 4	0.00702343942976
topic 5	0.0116602363493
topic 6	0.0
