topic	weight
topic 0	0.00197729162963
topic 1	0.00348224038653
topic 2	0.0114957184837
topic 3	0.000527101809177
topic 4	0.0109019447229
topic 5	0.00331215138442
topic 6	0.01388075411
