topic	weight
topic 0	0.0
topic 1	0.0104888645039
topic 2	0.0173888732293
topic 3	0.011456473541
topic 4	0.00176683026299
topic 5	0.00459823263796
topic 6	0.0
