topic	weight
topic 0	0.00159503327652
topic 1	4.87825108792e-05
topic 2	0.000917711921758
topic 3	1.61804521455e-05
topic 4	0.00120076150133
topic 5	0.0
topic 6	0.000692968637204
