topic	weight
topic 0	0.0
topic 1	0.0
topic 2	0.036013719623
topic 3	0.000677764703619
topic 4	0.00994317227472
topic 5	0.00911234323556
topic 6	0.0
