topic	weight
topic 0	0.0
topic 1	4.48420580118e-05
topic 2	0.000971239517393
topic 3	0.000117030854867
topic 4	0.00061070850756
topic 5	2.4827544241e-05
topic 6	0.0
