topic	weight
topic 0	0.0
topic 1	0.0
topic 2	0.00393755693002
topic 3	0.207240997197
topic 4	0.00437085170212
topic 5	0.0
topic 6	0.00260633178517
