topic	weight
topic 0	0.00312067363544
topic 1	0.00188423099039
topic 2	0.00310234346832
topic 3	0.00131833969936
topic 4	0.0141922138705
topic 5	0.00287302054063
topic 6	0.00494370024392
