topic	weight
topic 0	0.0
topic 1	0.0105060845419
topic 2	0.00431192737923
topic 3	0.00728479542674
topic 4	0.0166645259587
topic 5	0.00251087167481
topic 6	0.00375104187076
