topic	weight
topic 0	0.000534697810639
topic 1	0.000190524559418
topic 2	0.000437170918906
topic 3	0.00258184746633
topic 4	0.000598505339943
topic 5	0.0
topic 6	0.0
