topic	weight
topic 0	0.00198132480711
topic 1	0.00272772406155
topic 2	0.00346740546151
topic 3	0.00206413525006
topic 4	0.0014139271797
topic 5	0.00246466424333
topic 6	0.0
