topic	weight
topic 0	0.00200274288578
topic 1	0.0236135152995
topic 2	0.00801070134783
topic 3	0.0128894273227
topic 4	0.0
topic 5	0.00330454531011
topic 6	0.0
