topic	weight
topic 0	8.01249415365e-05
topic 1	0.000344111700869
topic 2	0.000382737752247
topic 3	6.08801284917e-05
topic 4	0.000184510876321
topic 5	0.0
topic 6	0.0
