topic	weight
topic 0	0.0
topic 1	0.00013500689688
topic 2	0.00493868326844
topic 3	0.00150738065614
topic 4	0.00209730351473
topic 5	0.0279564284324
topic 6	0.0
