topic	weight
topic 0	0.0
topic 1	0.00421476347525
topic 2	0.00868066129021
topic 3	0.0
topic 4	0.004751740754
topic 5	0.0185668020861
topic 6	0.0
