topic	weight
topic 0	0.000429118088908
topic 1	0.0
topic 2	0.000215641070309
topic 3	0.00019886615715
topic 4	7.33137444867e-05
topic 5	0.0
topic 6	0.0
