topic	weight
topic 0	0.0
topic 1	0.0
topic 2	0.0
topic 3	0.0
topic 4	0.0260187100586
topic 5	0.0
topic 6	0.00767808681578
