topic	weight
topic 0	0.00544049733025
topic 1	0.0135818702644
topic 2	0.0149261932094
topic 3	0.00217903210928
topic 4	0.00760177265996
topic 5	0.00671860734337
topic 6	0.0
