topic	weight
topic 0	2.88652791487e-06
topic 1	0.000242606608434
topic 2	0.000425140488927
topic 3	0.000243091091809
topic 4	0.00096717847471
topic 5	6.29038284464e-05
topic 6	0.0
