topic	weight
topic 0	0.0
topic 1	0.0031750906788
topic 2	0.014232325148
topic 3	0.00107271005663
topic 4	0.00855761409458
topic 5	0.000416066168761
topic 6	0.0
