topic	weight
topic 0	0.0
topic 1	0.00450995725379
topic 2	0.0102663900072
topic 3	0.00577376615272
topic 4	0.00280617059498
topic 5	0.00849121702107
topic 6	0.0
