topic	weight
topic 0	0.000734020285756
topic 1	0.000586776130575
topic 2	0.00394492679984
topic 3	0.000168075805019
topic 4	0.000535445179292
topic 5	0.0
topic 6	0.0
