topic	weight
topic 0	7.82046301292e-05
topic 1	0.000122385412506
topic 2	0.000124668208784
topic 3	2.96006606532e-05
topic 4	0.00102819598336
topic 5	0.0
topic 6	0.0
