topic	weight
topic 0	0.000642214253628
topic 1	0.0156943913358
topic 2	0.000886485903169
topic 3	0.00156119235482
topic 4	0.0113382058129
topic 5	0.00856168057894
topic 6	0.000369949141845
