topic	weight
topic 0	0.0
topic 1	0.00965429814546
topic 2	0.0158239598801
topic 3	0.00925156618131
topic 4	0.00159085713028
topic 5	0.00355206563885
topic 6	0.0
