topic	weight
topic 0	0.0
topic 1	0.0
topic 2	0.0
topic 3	0.00517271353922
topic 4	0.0
topic 5	0.000563126042513
topic 6	0.0
