topic	weight
topic 0	0.000195472467985
topic 1	0.00198668477209
topic 2	0.003733535951
topic 3	0.00275966767424
topic 4	0.0221236654656
topic 5	0.000478692724417
topic 6	0.0
