topic	weight
topic 0	0.00361679556366
topic 1	0.000567196713248
topic 2	0.00802820956785
topic 3	0.00322044658576
topic 4	0.00636491252393
topic 5	0.0
topic 6	0.0
