topic	weight
topic 0	0.0
topic 1	5.40250703905e-05
topic 2	0.0
topic 3	0.0
topic 4	0.0
topic 5	0.0157761330328
topic 6	0.0
