topic	weight
topic 0	0.00556888268786
topic 1	0.0
topic 2	0.00842087882684
topic 3	0.00409667148229
topic 4	0.00337957167783
topic 5	0.0
topic 6	0.0
