topic	weight
topic 0	0.0091960843738
topic 1	0.00617799575908
topic 2	0.00639359413158
topic 3	0.00674041283763
topic 4	0.00559955113128
topic 5	0.0
topic 6	0.0
