topic	weight
topic 0	0.005570001408
topic 1	0.00366799444563
topic 2	0.0126713754608
topic 3	1.42218072817e-05
topic 4	0.00920159906451
topic 5	0.0100000414943
topic 6	0.0
