topic	weight
topic 0	0.00294263824598
topic 1	0.00133962479003
topic 2	0.00226745782642
topic 3	0.00421293867909
topic 4	0.00164939559273
topic 5	0.00792197819428
topic 6	0.0
