topic	weight
topic 0	2.66268042683e-05
topic 1	0.0
topic 2	0.0
topic 3	0.00067094072204
topic 4	0.00124452493705
topic 5	0.0
topic 6	0.0
