topic	weight
topic 0	0.0143361916419
topic 1	0.00970665018765
topic 2	0.0169766134155
topic 3	0.000534085870998
topic 4	0.0
topic 5	0.00633504634777
topic 6	0.0317824081698
