topic	weight
topic 0	9.60442904212e-05
topic 1	0.00312266357714
topic 2	0.000774074413733
topic 3	0.0
topic 4	0.00141521771314
topic 5	0.0012932370101
topic 6	0.0
