topic	weight
topic 0	0.00186858154209
topic 1	0.0128134713485
topic 2	0.0262886505525
topic 3	0.00196552322553
topic 4	0.0154520312302
topic 5	0.0286175497453
topic 6	0.0
