topic	weight
topic 0	0.0
topic 1	0.00100544047216
topic 2	0.00078392312242
topic 3	0.00034849699217
topic 4	0.000128944370111
topic 5	0.00242322864383
topic 6	0.0
