topic	weight
topic 0	0.0
topic 1	0.000696668470636
topic 2	0.00677989901632
topic 3	8.01897345349e-05
topic 4	0.00132723172384
topic 5	0.00145900153787
topic 6	0.0
