topic	weight
topic 0	0.0273339758264
topic 1	0.0
topic 2	0.00225251669683
topic 3	0.0
topic 4	0.00523587109506
topic 5	0.0
topic 6	0.000270921203326
