topic	weight
topic 0	0.0
topic 1	0.000502102964349
topic 2	0.00339836236164
topic 3	0.000420227739825
topic 4	0.0148019804782
topic 5	0.00784992296391
topic 6	0.00255207977417
