topic	weight
topic 0	0.0104224241062
topic 1	0.000488376623454
topic 2	0.00743766956993
topic 3	0.0
topic 4	0.00805169746264
topic 5	0.0
topic 6	0.0
