topic	weight
topic 0	2.29003438158e-05
topic 1	0.000911238092251
topic 2	0.00100543802162
topic 3	0.000156999550973
topic 4	0.00304640783227
topic 5	0.000258632793047
topic 6	0.000340741935214
