topic	weight
topic 0	0.0
topic 1	0.000181378850465
topic 2	0.00131852353369
topic 3	0.000155972675713
topic 4	0.000641559085735
topic 5	1.02044862236e-05
topic 6	0.0
