topic	weight
topic 0	0.0
topic 1	0.00137895967827
topic 2	0.000415979082733
topic 3	0.00800076576086
topic 4	0.00187431406088
topic 5	0.0062105139972
topic 6	0.0
