topic	weight
topic 0	0.00239156637114
topic 1	0.00045229630939
topic 2	0.0100314627907
topic 3	0.000358722849236
topic 4	0.00215219718725
topic 5	0.0
topic 6	0.0
