topic	weight
topic 0	0.0
topic 1	0.0
topic 2	0.36876206848
topic 3	0.0
topic 4	0.00206196738882
topic 5	0.0
topic 6	0.00821664588144
