topic	weight
topic 0	0.00397143155733
topic 1	0.00501614789044
topic 2	0.0115829852192
topic 3	0.00246675779165
topic 4	0.0142110958191
topic 5	0.00241128073997
topic 6	0.012002922163
