topic	weight
topic 0	0.0
topic 1	0.0
topic 2	0.0
topic 3	0.0
topic 4	0.0118088997934
topic 5	9.80567909223e-05
topic 6	0.0
