topic	weight
topic 0	0.0
topic 1	0.00144921241491
topic 2	0.00592667161193
topic 3	0.00236173190569
topic 4	0.00249469271793
topic 5	0.000178327793787
topic 6	0.0
