topic	weight
topic 0	0.0
topic 1	0.00520254414167
topic 2	0.0318577877188
topic 3	0.00738014027438
topic 4	0.0143780598731
topic 5	0.0300102400442
topic 6	0.0
