topic	weight
topic 0	0.0
topic 1	0.00188478232004
topic 2	0.00223054739577
topic 3	0.000200535356715
topic 4	0.00219790429513
topic 5	0.000343244861869
topic 6	0.0
