topic	weight
topic 0	0.0
topic 1	0.00275597248172
topic 2	0.00449891427917
topic 3	0.067009526202
topic 4	0.000971754182684
topic 5	0.0
topic 6	0.0
