topic	weight
topic 0	0.0
topic 1	0.00265612807046
topic 2	0.0151321785138
topic 3	0.0054758346243
topic 4	0.011202955854
topic 5	0.0152240182422
topic 6	0.0
