topic	weight
topic 0	0.0
topic 1	0.0146082834104
topic 2	0.00599662834337
topic 3	0.00134429307269
topic 4	0.000667209837697
topic 5	0.00125002288135
topic 6	0.000335969817384
