topic	weight
topic 0	0.0
topic 1	0.149958049486
topic 2	0.0
topic 3	0.00860883656446
topic 4	0.0
topic 5	0.0
topic 6	0.0
