topic	weight
topic 0	0.0
topic 1	0.000760628037223
topic 2	0.00472002324485
topic 3	0.0709752110617
topic 4	3.15031306705e-05
topic 5	0.000388955230417
topic 6	0.0
