topic	weight
topic 0	0.0
topic 1	0.00524240843851
topic 2	0.00270197749228
topic 3	0.0119966252899
topic 4	0.0
topic 5	0.000697483701272
topic 6	0.0
