topic	weight
topic 0	0.0
topic 1	0.000281080861766
topic 2	0.000626947280523
topic 3	0.0037541099446
topic 4	0.0177047639407
topic 5	0.000368985160808
topic 6	0.000388953895203
