topic	weight
topic 0	0.000452440372274
topic 1	0.0106492982384
topic 2	0.00918591762038
topic 3	0.000346413336013
topic 4	0.00229354251732
topic 5	0.00204657949925
topic 6	0.0
