topic	weight
topic 0	0.000511215109566
topic 1	0.00100591608354
topic 2	0.00432770383052
topic 3	0.00516460006135
topic 4	0.000320786038406
topic 5	0.0
topic 6	0.0
