topic	weight
topic 0	0.0
topic 1	0.00195763056943
topic 2	0.00335159628523
topic 3	0.0
topic 4	0.016163448945
topic 5	0.000839594507166
topic 6	0.0
