topic	weight
topic 0	0.0
topic 1	0.00127578308605
topic 2	0.00910513802814
topic 3	0.000425885727325
topic 4	0.00811915961116
topic 5	0.00336752228253
topic 6	0.0094610463584
