topic	weight
topic 0	0.0
topic 1	0.000184190927222
topic 2	0.000242441651489
topic 3	0.0011471711311
topic 4	0.000182123296971
topic 5	0.000257353934575
topic 6	7.56824914179e-05
