topic	weight
topic 0	0.000829071011388
topic 1	0.000963941554766
topic 2	0.0211089912819
topic 3	0.0024506034156
topic 4	0.010666934605
topic 5	0.000358725109414
topic 6	0.000915512071074
