topic	weight
topic 0	0.0
topic 1	0.00651802690331
topic 2	0.0112411687152
topic 3	0.00448458282647
topic 4	0.0488526894026
topic 5	0.00805402269751
topic 6	0.00218504980715
