topic	weight
topic 0	0.00938954402557
topic 1	0.0
topic 2	0.00219482296913
topic 3	0.00361125195197
topic 4	0.0105916552095
topic 5	0.0400475537117
topic 6	0.00244628111363
