topic	weight
topic 0	0.0
topic 1	0.113445840661
topic 2	0.00826021668697
topic 3	0.0
topic 4	0.0194023522041
topic 5	0.0869641463572
topic 6	0.0
