topic	weight
topic 0	0.0
topic 1	0.00345794567071
topic 2	0.0
topic 3	0.0
topic 4	0.00480390616175
topic 5	0.00134531326026
topic 6	0.00303090512127
