topic	weight
topic 0	0.0
topic 1	0.000266025294512
topic 2	0.0450014485584
topic 3	6.14028768589e-05
topic 4	0.0164774321546
topic 5	0.0101118499473
topic 6	0.014675184364
