topic	weight
topic 0	0.0
topic 1	0.00688298679514
topic 2	0.0194474059928
topic 3	0.0140799028998
topic 4	0.00555455146566
topic 5	0.01089456176
topic 6	0.0
