topic	weight
topic 0	0.00429188355239
topic 1	0.000848163178835
topic 2	0.000204388693954
topic 3	0.0
topic 4	0.00328714741798
topic 5	0.00929841378134
topic 6	0.0
