topic	weight
topic 0	0.0023341716859
topic 1	0.00155126009338
topic 2	0.00881117631464
topic 3	0.00225696033776
topic 4	0.00784354196462
topic 5	0.00282965906982
topic 6	0.0116338129794
