topic	weight
topic 0	0.00582641934025
topic 1	0.00230616880622
topic 2	0.00205703631532
topic 3	0.00440029443755
topic 4	0.0012000924136
topic 5	0.0443286974782
topic 6	3.30298908861e-05
