topic	weight
topic 0	0.00220640896896
topic 1	0.0
topic 2	0.0
topic 3	0.0
topic 4	0.164498444166
topic 5	0.0
topic 6	0.000883339797769
