topic	weight
topic 0	0.0
topic 1	0.0
topic 2	0.000698006430243
topic 3	8.56872484865e-05
topic 4	0.00763680009355
topic 5	0.000880767830379
topic 6	0.00056109633141
