topic	weight
topic 0	1.03169890338e-05
topic 1	0.000333629767913
topic 2	0.00384550248739
topic 3	0.00147131066337
topic 4	0.000986689418868
topic 5	0.000331706987425
topic 6	0.0
