topic	weight
topic 0	0.00969480320443
topic 1	0.00863936788906
topic 2	0.0176128981201
topic 3	0.00729751314624
topic 4	0.0127977868266
topic 5	0.0
topic 6	0.0
