topic	weight
topic 0	0.00217081429434
topic 1	0.00351478691657
topic 2	0.00247900176806
topic 3	0.00347982365071
topic 4	0.00173448751631
topic 5	0.00103961267708
topic 6	0.0
