topic	weight
topic 0	0.0816332234716
topic 1	0.0534544594589
topic 2	0.0786593488114
topic 3	0.032054337341
topic 4	0.0318624078833
topic 5	0.0
topic 6	0.0
