topic	weight
topic 0	0.0
topic 1	0.00029856706121
topic 2	0.00715344672879
topic 3	0.00106401960333
topic 4	0.00272826197992
topic 5	0.000118983351908
topic 6	0.0
