topic	weight
topic 0	0.00296294470883
topic 1	0.00359485756094
topic 2	0.00230951983567
topic 3	0.00370035534425
topic 4	0.00841722394885
topic 5	0.00186512549214
topic 6	0.0
