topic	weight
topic 0	0.00118001547501
topic 1	0.0
topic 2	6.90983956588e-05
topic 3	2.56064685089e-05
topic 4	0.0
topic 5	0.00182952731609
topic 6	0.0
