topic	weight
topic 0	0.0
topic 1	0.00063722880289
topic 2	0.00413165685697
topic 3	0.0172319274246
topic 4	0.000538646547859
topic 5	0.00163679526381
topic 6	0.0
