topic	weight
topic 0	0.0
topic 1	0.00990158909186
topic 2	0.017168396686
topic 3	0.00767598567893
topic 4	0.0124231437085
topic 5	0.00374508335008
topic 6	0.0
