topic	weight
topic 0	0.000537261227623
topic 1	0.00133748806588
topic 2	0.0121753585495
topic 3	0.0
topic 4	0.0249605468012
topic 5	9.15784976588e-06
topic 6	0.0
