topic	weight
topic 0	0.0
topic 1	0.00667702642805
topic 2	0.00814479763865
topic 3	0.0026555230051
topic 4	0.0129856368836
topic 5	0.00116302735566
topic 6	0.0
