topic	weight
topic 0	0.00367570111146
topic 1	0.00570191061425
topic 2	0.0186297850316
topic 3	0.00305410738042
topic 4	0.00710727458598
topic 5	0.0085475716486
topic 6	0.0
