topic	weight
topic 0	0.0
topic 1	0.161063936263
topic 2	0.0586407104016
topic 3	0.0
topic 4	0.0
topic 5	0.0
topic 6	0.00377611040007
