topic	weight
topic 0	0.00565782041005
topic 1	0.00509522174104
topic 2	0.013996230931
topic 3	0.00267325824406
topic 4	0.00738590776856
topic 5	0.0
topic 6	0.00281108062369
