topic	weight
topic 0	0.0
topic 1	0.0308072427594
topic 2	0.00178224184842
topic 3	0.000781076727543
topic 4	0.00290774352268
topic 5	0.00813524683461
topic 6	0.0
