topic	weight
topic 0	0.00899777997663
topic 1	0.00760220952659
topic 2	0.0148944366662
topic 3	0.00496516063189
topic 4	0.00801281558119
topic 5	0.0
topic 6	0.0
