topic	weight
topic 0	0.00791650763384
topic 1	0.0
topic 2	0.00431075317119
topic 3	0.0133968760493
topic 4	0.128562750308
topic 5	0.0
topic 6	0.0
