topic	weight
topic 0	0.00531058324923
topic 1	0.00648279575618
topic 2	0.0149844306263
topic 3	0.00747504225513
topic 4	0.00521861714302
topic 5	0.0120251362388
topic 6	0.0
