topic	weight
topic 0	0.0
topic 1	0.000434891280294
topic 2	0.00387851107137
topic 3	0.0612246668675
topic 4	0.000810633916367
topic 5	0.000320595851057
topic 6	0.000930906289548
