topic	weight
topic 0	0.0
topic 1	6.74624097065e-05
topic 2	0.00125839263204
topic 3	0.0
topic 4	0.176681068407
topic 5	0.0
topic 6	0.0
