topic	weight
topic 0	0.00127233555731
topic 1	0.0
topic 2	0.0
topic 3	0.00816560385135
topic 4	0.0
topic 5	0.229015145439
topic 6	0.0
