topic	weight
topic 0	0.00622169211766
topic 1	0.000966530524458
topic 2	0.00433558613219
topic 3	0.000423397665792
topic 4	0.0048852639891
topic 5	0.000156646348467
topic 6	3.07907536596e-05
