topic	weight
topic 0	0.00104035156338
topic 1	0.0310522296563
topic 2	0.00617801113337
topic 3	0.00267147780634
topic 4	0.00770069977251
topic 5	0.00910318745975
topic 6	0.000398557059544
