topic	weight
topic 0	0.0012013572251
topic 1	0.00352074108671
topic 2	0.00230568662104
topic 3	0.00326703172654
topic 4	0.00141122519036
topic 5	0.0011644017071
topic 6	0.0
