topic	weight
topic 0	8.31197506131e-06
topic 1	7.67862853005e-06
topic 2	0.000127831348705
topic 3	0.00115883463198
topic 4	0.00209041659076
topic 5	0.0
topic 6	1.04823187857e-06
