topic	weight
topic 0	0.0
topic 1	0.00368319958861
topic 2	0.0056293745421
topic 3	0.00216235669123
topic 4	0.00518160617513
topic 5	0.0
topic 6	0.0
