topic	weight
topic 0	0.000366419248761
topic 1	0.122250219932
topic 2	0.0
topic 3	0.000191091672051
topic 4	4.35641934725e-05
topic 5	0.00449989247238
topic 6	0.0046697381947
