topic	weight
topic 0	0.0
topic 1	0.00254226026232
topic 2	0.00310401200656
topic 3	0.000633901669153
topic 4	0.00120172937149
topic 5	0.00336223390229
topic 6	1.91818131687e-06
