topic	weight
topic 0	0.000784075640955
topic 1	0.0
topic 2	0.000172227607854
topic 3	0.0598954305923
topic 4	0.0
topic 5	0.0
topic 6	3.63680270518e-05
