topic	weight
topic 0	0.0
topic 1	0.00263437447009
topic 2	0.0321459781725
topic 3	0.0413062906876
topic 4	0.000284957867251
topic 5	0.00115701132454
topic 6	0.0021016030719
