topic	weight
topic 0	0.00403835330593
topic 1	0.00140178469787
topic 2	0.000836503207895
topic 3	0.0
topic 4	0.00458996351503
topic 5	0.00113355068862
topic 6	0.0
