topic	weight
topic 0	0.0
topic 1	0.00204242426765
topic 2	0.011587190268
topic 3	0.0140655730322
topic 4	0.00636939311846
topic 5	0.00934697393495
topic 6	0.0
