topic	weight
topic 0	0.000212845187948
topic 1	0.0194026555103
topic 2	0.00539389367446
topic 3	0.00992989252619
topic 4	0.0
topic 5	0.00037518095148
topic 6	0.000247505601161
