topic	weight
topic 0	0.000536341241855
topic 1	0.00064805312171
topic 2	0.000602899393926
topic 3	0.001315706204
topic 4	0.00330820830317
topic 5	0.000268365183748
topic 6	0.0
