topic	weight
topic 0	0.189245291049
topic 1	0.000247304446987
topic 2	0.00135784964855
topic 3	0.000924935917718
topic 4	0.000230349724135
topic 5	0.0
topic 6	0.000130321441543
