topic	weight
topic 0	6.66941896951e-05
topic 1	0.00201801918856
topic 2	0.00982109090816
topic 3	0.000421165631122
topic 4	0.000208957432401
topic 5	0.00163086557777
topic 6	0.0
