topic	weight
topic 0	0.0
topic 1	0.0102252227579
topic 2	0.000898000403626
topic 3	0.00202993032466
topic 4	0.00226772427043
topic 5	0.00940081375838
topic 6	0.000797874065965
