topic	weight
topic 0	8.56893439017e-05
topic 1	0.000321320910301
topic 2	0.00246311540201
topic 3	0.00211966296336
topic 4	0.000963655843866
topic 5	0.00232095741101
topic 6	0.0
