topic	weight
topic 0	0.0
topic 1	0.00332144363606
topic 2	0.00049668643137
topic 3	0.156570266952
topic 4	0.0
topic 5	0.0
topic 6	0.0
