topic	weight
topic 0	0.0
topic 1	0.00296674694136
topic 2	0.0
topic 3	0.000167723450227
topic 4	0.000124731569531
topic 5	0.0001030160056
topic 6	0.0
