topic	weight
topic 0	0.0
topic 1	0.0
topic 2	0.0
topic 3	0.15784839687
topic 4	0.0126595782535
topic 5	0.0
topic 6	0.0
