topic	weight
topic 0	0.000182704535386
topic 1	0.00220819081775
topic 2	0.00524217138603
topic 3	0.0013117152937
topic 4	0.00501994758478
topic 5	0.000573142698308
topic 6	0.0
