topic	weight
topic 0	0.0135258023694
topic 1	0.00109121789592
topic 2	7.16511663237e-05
topic 3	0.000864042654727
topic 4	0.0124044542242
topic 5	0.0312658623641
topic 6	0.00467315352336
