topic	weight
topic 0	0.00925508443596
topic 1	0.0
topic 2	0.000180405248542
topic 3	1.5375212699e-05
topic 4	0.000492931439066
topic 5	0.000533443164927
topic 6	1.99195451777e-05
