topic	weight
topic 0	0.0
topic 1	0.0082171737578
topic 2	0.0134550185895
topic 3	0.0442671423438
topic 4	0.0726590508834
topic 5	0.00513891562625
topic 6	0.00296426704353
