topic	weight
topic 0	9.14111740863e-05
topic 1	0.00084799079904
topic 2	0.0108277069811
topic 3	0.00161801644259
topic 4	0.0
topic 5	0.00126339551083
topic 6	0.0
