topic	weight
topic 0	0.0
topic 1	0.00350581433702
topic 2	0.000824821170223
topic 3	0.000876388265079
topic 4	0.000488650080989
topic 5	0.00113024962604
topic 6	9.88125872963e-05
