topic	weight
topic 0	0.00827916118963
topic 1	0.00151724626272
topic 2	0.000763754495107
topic 3	0.000606064476041
topic 4	0.0117365302707
topic 5	0.0
topic 6	0.000160241470267
