topic	weight
topic 0	0.0
topic 1	0.00197741565487
topic 2	0.00540792018884
topic 3	0.0
topic 4	0.0062887795507
topic 5	0.0020806551718
topic 6	0.0
