topic	weight
topic 0	0.000449063809531
topic 1	0.00055280906228
topic 2	9.5830476359e-05
topic 3	0.00380309316177
topic 4	0.000369807797226
topic 5	0.00118659980787
topic 6	0.0
