topic	weight
topic 0	0.0
topic 1	0.00819599889749
topic 2	0.0135429883816
topic 3	0.00647701595176
topic 4	0.0051069336402
topic 5	0.00435784996344
topic 6	0.0
