topic	weight
topic 0	0.0
topic 1	0.00142632576196
topic 2	0.0271970121409
topic 3	0.00519370216931
topic 4	0.0113503560287
topic 5	0.00691798339283
topic 6	0.0
