topic	weight
topic 0	0.0
topic 1	0.0118438413348
topic 2	0.0130561379891
topic 3	0.00231328378418
topic 4	0.00176231246818
topic 5	0.00368103379797
topic 6	0.0
