topic	weight
topic 0	0.0
topic 1	0.000788276269444
topic 2	0.00071902497615
topic 3	0.00058443430282
topic 4	0.00352158037122
topic 5	8.52090434277e-05
topic 6	0.0
