topic	weight
topic 0	0.00305370873089
topic 1	0.000130829901233
topic 2	0.0
topic 3	0.00320983213666
topic 4	0.0103980979636
topic 5	0.00501056049614
topic 6	0.000133140299277
