topic	weight
topic 0	0.00115895847963
topic 1	0.000384485535926
topic 2	0.00774419081464
topic 3	0.0190335175902
topic 4	0.000326807176678
topic 5	0.0
topic 6	0.0
