topic	weight
topic 0	0.0
topic 1	0.016032186482
topic 2	0.0
topic 3	0.000331911850809
topic 4	8.84176353436e-05
topic 5	0.000233348247039
topic 6	0.0
