topic	weight
topic 0	0.0
topic 1	0.000535695176463
topic 2	0.00618359738545
topic 3	0.00499797432199
topic 4	0.00100952689841
topic 5	0.000837668630363
topic 6	0.0
