topic	weight
topic 0	0.0
topic 1	0.00199737349785
topic 2	0.0285002489284
topic 3	0.0
topic 4	0.0060942415441
topic 5	0.00137140913116
topic 6	0.00957073213397
