topic	weight
topic 0	0.0
topic 1	0.00379021568193
topic 2	0.0045815459719
topic 3	0.00147627782805
topic 4	0.0073420862123
topic 5	0.000678257315277
topic 6	0.0
