topic	weight
topic 0	0.0023431410983
topic 1	0.00264767418906
topic 2	0.00203318346622
topic 3	0.00193713388968
topic 4	0.0025651140097
topic 5	0.00923180425603
topic 6	4.09034190267e-06
