topic	weight
topic 0	0.0
topic 1	0.00561074910874
topic 2	0.0
topic 3	0.0
topic 4	0.0
topic 5	0.00371313774501
topic 6	0.212003147156
