topic	weight
topic 0	0.195533092148
topic 1	0.0055414312426
topic 2	0.00810509486243
topic 3	0.00707182978404
topic 4	0.0
topic 5	0.0
topic 6	0.0
