topic	weight
topic 0	0.000524063377748
topic 1	0.0
topic 2	0.00083279797749
topic 3	0.0270257077581
topic 4	0.0115173717149
topic 5	0.00178540628389
topic 6	0.0
