topic	weight
topic 0	0.0
topic 1	0.0083827258147
topic 2	0.0141103777598
topic 3	0.0449849199445
topic 4	0.0144867566468
topic 5	0.00815974175493
topic 6	0.0
