topic	weight
topic 0	0.00061111300739
topic 1	0.00044297742209
topic 2	0.00225443637136
topic 3	0.00419739126867
topic 4	0.00098750123982
topic 5	0.00020715422899
topic 6	0.0
