topic	weight
topic 0	9.68537463955e-05
topic 1	0.000977638375674
topic 2	0.00109586532148
topic 3	0.00861085641658
topic 4	0.00112094263201
topic 5	0.000817583648053
topic 6	0.0
