topic	weight
topic 0	0.0
topic 1	0.0107471888053
topic 2	0.00353354267963
topic 3	0.0
topic 4	0.0203872664761
topic 5	0.011072050909
topic 6	0.00360399079335
