topic	weight
topic 0	0.0
topic 1	0.0137522050806
topic 2	0.0309260610408
topic 3	0.00031737208351
topic 4	0.0
topic 5	0.0
topic 6	0.011814496669
