topic	weight
topic 0	0.0001242448475
topic 1	0.00750972611502
topic 2	0.00277321122915
topic 3	0.00708066360792
topic 4	0.00446459567109
topic 5	0.0044575892711
topic 6	0.0
