topic	weight
topic 0	0.0
topic 1	0.00033329983018
topic 2	0.000155914215085
topic 3	0.0
topic 4	0.000118755010538
topic 5	5.8357076731e-05
topic 6	0.0
