topic	weight
topic 0	0.119589897524
topic 1	0.0
topic 2	0.0
topic 3	0.0
topic 4	0.0
topic 5	0.217993339301
topic 6	0.0
