topic	weight
topic 0	0.0
topic 1	0.00742315694971
topic 2	0.00574682332389
topic 3	0.000752295930503
topic 4	0.0
topic 5	0.00545152672364
topic 6	0.0
