topic	weight
topic 0	0.000257738672439
topic 1	0.000196452375811
topic 2	0.00192846496408
topic 3	0.00235304195558
topic 4	0.0
topic 5	0.000160364127548
topic 6	0.0
