topic	weight
topic 0	0.0
topic 1	8.76127055641e-05
topic 2	0.000524120227213
topic 3	0.000397523231665
topic 4	0.00443780626224
topic 5	0.000146802860925
topic 6	0.0
