topic	weight
topic 0	0.0
topic 1	0.0
topic 2	0.0
topic 3	0.0307061533201
topic 4	0.0100754901
topic 5	0.00013028716091
topic 6	0.0
