topic	weight
topic 0	0.0287239344523
topic 1	0.00441443586206
topic 2	0.0152450516614
topic 3	0.00199496162676
topic 4	0.00934518742195
topic 5	0.0
topic 6	0.0
