topic	weight
topic 0	0.0
topic 1	0.000189662400078
topic 2	0.00309876406768
topic 3	0.000955239552958
topic 4	0.000357364054929
topic 5	0.00172635973496
topic 6	0.0
