topic	weight
topic 0	0.0
topic 1	0.0138887396916
topic 2	0.0
topic 3	0.000379622503168
topic 4	0.0
topic 5	0.0
topic 6	0.20311221871
