topic	weight
topic 0	0.0
topic 1	0.00269394474124
topic 2	0.00871841969281
topic 3	0.0084455665759
topic 4	0.00976667336292
topic 5	0.0150012095774
topic 6	0.0
