topic	weight
topic 0	0.0
topic 1	0.000315060234741
topic 2	0.000794135243875
topic 3	0.0
topic 4	0.000990466082934
topic 5	0.000219204782913
topic 6	0.0
