topic	weight
topic 0	0.00023279988222
topic 1	3.94185159545e-05
topic 2	0.000827520797048
topic 3	0.000514881674251
topic 4	0.000257504798447
topic 5	0.0
topic 6	2.70161849648e-05
