topic	weight
topic 0	0.0049773217684
topic 1	0.000782628961492
topic 2	0.00368458157964
topic 3	0.00162029969624
topic 4	0.00709377957822
topic 5	0.000230455030956
topic 6	0.0
