topic	weight
topic 0	0.00140611007724
topic 1	0.0110447774618
topic 2	0.00218283664632
topic 3	0.0199694889705
topic 4	0.00760217195847
topic 5	0.00234596949061
topic 6	0.0017658259165
