topic	weight
topic 0	0.00513455250383
topic 1	0.0186248624453
topic 2	0.16070244665
topic 3	0.0
topic 4	0.0
topic 5	0.0
topic 6	0.0
