topic	weight
topic 0	0.0
topic 1	0.00239905279828
topic 2	7.96124139789e-05
topic 3	0.000437200746274
topic 4	0.000986073112969
topic 5	0.00728141537965
topic 6	0.0
