topic	weight
topic 0	0.0019885923525
topic 1	0.0
topic 2	0.00406851874406
topic 3	0.0014941536982
topic 4	0.001053839276
topic 5	0.000553104040023
topic 6	0.0
