topic	weight
topic 0	0.00585702220953
topic 1	0.00115067001247
topic 2	0.0069197968719
topic 3	0.0011354654331
topic 4	0.00400409210617
topic 5	0.0
topic 6	0.0
