topic	weight
topic 0	0.0
topic 1	0.00740802872088
topic 2	0.00063576435268
topic 3	0.000388404103133
topic 4	0.00203896982323
topic 5	0.00862884524497
topic 6	0.0
