topic	weight
topic 0	0.0
topic 1	0.00222947653149
topic 2	0.0
topic 3	0.209900042347
topic 4	0.0
topic 5	0.0
topic 6	0.0
