topic	weight
topic 0	0.0
topic 1	0.00230343583119
topic 2	0.0111328578683
topic 3	0.00388514206653
topic 4	0.0103421611183
topic 5	0.00894703320091
topic 6	0.0
