topic	weight
topic 0	0.0
topic 1	0.0
topic 2	0.0225255404348
topic 3	0.00397078369397
topic 4	0.0
topic 5	0.000894148902481
topic 6	0.0
