topic	weight
topic 0	0.00024389347842
topic 1	0.000557839098149
topic 2	0.00771668011094
topic 3	0.000549944214273
topic 4	0.00140028896448
topic 5	0.000115690424203
topic 6	0.0011111832261
