topic	weight
topic 0	0.00089681778867
topic 1	0.0
topic 2	0.0
topic 3	0.000593001411833
topic 4	0.0257930037939
topic 5	0.0
topic 6	0.00359238068184
