topic	weight
topic 0	0.0
topic 1	0.0141767710531
topic 2	0.00951345545928
topic 3	0.00494226281128
topic 4	0.00313649143611
topic 5	0.00621649205429
topic 6	0.000770570645043
