topic	weight
topic 0	0.0
topic 1	0.0120735985343
topic 2	0.00257284953715
topic 3	0.0
topic 4	0.0
topic 5	0.0
topic 6	0.0
