topic	weight
topic 0	0.000547715269517
topic 1	0.0
topic 2	0.0
topic 3	0.00043698124894
topic 4	0.00661334648943
topic 5	0.0
topic 6	1.8947681046e-05
