topic	weight
topic 0	0.0
topic 1	0.0
topic 2	0.0
topic 3	0.0
topic 4	0.000958442324732
topic 5	0.242416351149
topic 6	0.0
