topic	weight
topic 0	0.0
topic 1	0.00868770667995
topic 2	0.00518168559132
topic 3	0.0
topic 4	0.0120199074286
topic 5	0.00445992265541
topic 6	0.0
