topic	weight
topic 0	0.0210188064656
topic 1	0.000680724945636
topic 2	0.000915451481945
topic 3	0.0
topic 4	0.00094731046425
topic 5	0.0
topic 6	0.0
