topic	weight
topic 0	0.00630378388538
topic 1	0.0
topic 2	0.0
topic 3	0.0
topic 4	0.202039586382
topic 5	0.0
topic 6	0.0
