topic	weight
topic 0	0.0
topic 1	0.025621110487
topic 2	0.161167202788
topic 3	0.0268982781475
topic 4	0.0404535430931
topic 5	0.0849232990364
topic 6	0.0
