topic	weight
topic 0	0.167587359369
topic 1	0.00500232891776
topic 2	0.0
topic 3	0.0
topic 4	0.0
topic 5	0.189495724115
topic 6	0.0
