topic	weight
topic 0	0.000490204201056
topic 1	0.00542489720148
topic 2	0.00532408923654
topic 3	0.000684481801793
topic 4	0.00428429609188
topic 5	0.0038359050465
topic 6	0.0
