topic	weight
topic 0	0.0170378030026
topic 1	0.0
topic 2	0.00127400337079
topic 3	7.00260058367e-05
topic 4	0.00391731225176
topic 5	0.00105254472753
topic 6	0.00349940425319
