topic	weight
topic 0	0.0199602382208
topic 1	0.00542856881719
topic 2	0.0271990595747
topic 3	0.0155308661258
topic 4	0.00867654511902
topic 5	0.00128411395013
topic 6	0.0
