topic	weight
topic 0	0.0
topic 1	0.0037582371015
topic 2	0.00341192350121
topic 3	0.00744965175417
topic 4	0.009482328212
topic 5	0.00573289003007
topic 6	0.00137586696943
