topic	weight
topic 0	0.0
topic 1	0.00194486138317
topic 2	0.00128002773427
topic 3	0.0
topic 4	0.0
topic 5	0.0
topic 6	0.0
