topic	weight
topic 0	0.0
topic 1	2.64889868508e-07
topic 2	0.00847520553227
topic 3	0.0
topic 4	0.0496741949794
topic 5	0.00104003260899
topic 6	0.0
