topic	weight
topic 0	7.07236887702e-05
topic 1	0.0
topic 2	0.00347230887287
topic 3	0.00359668766258
topic 4	0.0931080557283
topic 5	0.00113256560688
topic 6	0.000402055450273
