topic	weight
topic 0	0.0
topic 1	0.0037506972652
topic 2	0.00590660781225
topic 3	0.00235074883659
topic 4	0.00739433661183
topic 5	0.00116590101651
topic 6	0.0
