topic	weight
topic 0	0.0
topic 1	0.00215330763534
topic 2	0.00113269394491
topic 3	0.0656185763426
topic 4	0.00251725096377
topic 5	0.000222453011493
topic 6	0.0
