topic	weight
topic 0	0.0
topic 1	0.0
topic 2	0.000655919694041
topic 3	0.0
topic 4	0.00391648967032
topic 5	5.08631488596e-05
topic 6	1.13639249071e-05
