topic	weight
topic 0	0.00290014245825
topic 1	0.00348572831091
topic 2	0.00200658330967
topic 3	0.000605605139009
topic 4	0.00335454270605
topic 5	0.00250689909183
topic 6	0.0
