topic	weight
topic 0	0.000186322106124
topic 1	0.00236808555317
topic 2	0.000563804674041
topic 3	0.00506065040067
topic 4	0.00315996661603
topic 5	0.00589884484084
topic 6	0.00126072606591
