topic	weight
topic 0	0.0
topic 1	0.00285454059654
topic 2	0.000119900110376
topic 3	0.0
topic 4	7.16252270335e-06
topic 5	3.84953590008e-05
topic 6	0.0
