topic	weight
topic 0	0.00493592335225
topic 1	0.00607426713583
topic 2	0.00535846361248
topic 3	0.0
topic 4	0.0137243713311
topic 5	0.000457602596708
topic 6	0.0
