topic	weight
topic 0	0.000923748983732
topic 1	0.00236138466265
topic 2	0.00205812266758
topic 3	0.00293512789871
topic 4	0.0013018492173
topic 5	0.000935783498784
topic 6	0.0
