topic	weight
topic 0	0.0
topic 1	0.0019089949033
topic 2	0.0174752947294
topic 3	0.00177995292504
topic 4	0.00644931970203
topic 5	0.00455898706945
topic 6	0.0
