topic	weight
topic 0	0.0142176618731
topic 1	0.00040535095187
topic 2	0.00671497675013
topic 3	0.0019283571672
topic 4	0.00375797370833
topic 5	0.0
topic 6	0.0
