topic	weight
topic 0	0.0
topic 1	0.00579136108001
topic 2	0.0
topic 3	0.0340595761065
topic 4	0.0124345364152
topic 5	0.00198855180643
topic 6	0.0
