topic	weight
topic 0	0.164837549959
topic 1	0.00462905978808
topic 2	0.0
topic 3	0.0
topic 4	0.0
topic 5	0.181523057385
topic 6	0.0
