topic	weight
topic 0	0.000232185246255
topic 1	0.000317896266908
topic 2	0.000276792090543
topic 3	0.00118924435002
topic 4	0.00043966798335
topic 5	0.0
topic 6	0.0
