topic	weight
topic 0	0.00215005362258
topic 1	0.00920392226118
topic 2	0.0121841986358
topic 3	0.000714879375829
topic 4	0.0136970923775
topic 5	0.00168860445014
topic 6	0.00253265162348
