topic	weight
topic 0	0.0
topic 1	0.00023348809609
topic 2	0.000480056705082
topic 3	0.000606410622143
topic 4	0.0003926999168
topic 5	0.001126575711
topic 6	0.0
