topic	weight
topic 0	0.00302361749183
topic 1	8.41881170983e-06
topic 2	0.00276744796972
topic 3	0.0
topic 4	0.00138270365939
topic 5	0.0
topic 6	0.0
