topic	weight
topic 0	0.00654412024345
topic 1	0.0168885226869
topic 2	0.0302544829589
topic 3	0.00271976456578
topic 4	0.0232672442768
topic 5	0.0
topic 6	0.00138006802954
