topic	weight
topic 0	0.0
topic 1	0.000801700865754
topic 2	0.00108377711839
topic 3	0.000777805068949
topic 4	0.0075364689564
topic 5	0.000307719103638
topic 6	0.0
