topic	weight
topic 0	0.0
topic 1	8.99622477476e-05
topic 2	0.00139835369902
topic 3	2.92744495328e-05
topic 4	0.000295636947555
topic 5	0.00105108001069
topic 6	0.0
