topic	weight
topic 0	0.0
topic 1	0.0
topic 2	0.0
topic 3	0.283637656614
topic 4	0.00482878046721
topic 5	0.0
topic 6	0.0
