topic	weight
topic 0	0.0
topic 1	0.0278956835394
topic 2	0.0192503814563
topic 3	0.00063519192854
topic 4	0.0454011815819
topic 5	0.0228115543842
topic 6	0.0
