topic	weight
topic 0	0.0
topic 1	7.83308249092e-06
topic 2	0.0020029553156
topic 3	0.0
topic 4	0.0012109755363
topic 5	0.000951993149492
topic 6	0.0
