topic	weight
topic 0	0.0359667578551
topic 1	0.0
topic 2	0.000737724997274
topic 3	0.000715121300778
topic 4	0.00229893663774
topic 5	0.0317156231985
topic 6	0.000314055142072
