topic	weight
topic 0	0.0
topic 1	0.00255566468503
topic 2	0.00427510194586
topic 3	0.00170058549465
topic 4	0.00521873844908
topic 5	0.000397319882279
topic 6	0.0
