topic	weight
topic 0	0.0
topic 1	0.00127484493792
topic 2	0.00677585071238
topic 3	0.0105090459615
topic 4	0.00138389691226
topic 5	0.0
topic 6	0.0
