topic	weight
topic 0	0.0
topic 1	0.0249258065552
topic 2	0.00512046295533
topic 3	0.00104373129499
topic 4	0.00666565952616
topic 5	0.000723339457651
topic 6	0.0
