topic	weight
topic 0	0.0
topic 1	0.0
topic 2	0.0285102085748
topic 3	0.0266098261591
topic 4	0.0
topic 5	0.0120959506851
topic 6	0.000401855993045
