topic	weight
topic 0	0.00444775226589
topic 1	0.00990952965711
topic 2	0.016949894661
topic 3	0.0
topic 4	0.112068242307
topic 5	0.0
topic 6	0.0
