topic	weight
topic 0	0.0
topic 1	0.0020140009442
topic 2	0.00420123525765
topic 3	7.79436321552e-05
topic 4	0.00238619574357
topic 5	0.0088595433893
topic 6	0.0
