topic	weight
topic 0	0.000136387392016
topic 1	0.0
topic 2	0.0013432746657
topic 3	2.09823346783e-05
topic 4	9.29801814815e-07
topic 5	0.0
topic 6	0.0
