topic	weight
topic 0	0.0
topic 1	0.000100428795456
topic 2	0.00194392768493
topic 3	8.13660980006e-05
topic 4	0.000257055477313
topic 5	0.000919471884618
topic 6	0.0
