topic	weight
topic 0	0.00208434833314
topic 1	0.0189320866054
topic 2	0.00509217269963
topic 3	0.00911074958089
topic 4	0.00121407361611
topic 5	0.00972720932729
topic 6	0.0
