topic	weight
topic 0	0.0
topic 1	0.00188215485559
topic 2	0.00520332568645
topic 3	0.0
topic 4	0.00246060698715
topic 5	0.00869495740091
topic 6	0.0
