topic	weight
topic 0	0.00195667238308
topic 1	0.0258648539141
topic 2	0.00424505579267
topic 3	0.0
topic 4	0.00571244894631
topic 5	3.19894303062e-05
topic 6	0.00115713312535
