topic	weight
topic 0	0.0
topic 1	0.0
topic 2	0.115808976898
topic 3	0.0161974690207
topic 4	0.00305818094446
topic 5	0.00280918284814
topic 6	0.0
