topic	weight
topic 0	2.51092244019e-05
topic 1	0.00113076155351
topic 2	0.000181142608604
topic 3	0.000290304885837
topic 4	2.42919385619e-05
topic 5	0.0
topic 6	0.00230168880616
