topic	weight
topic 0	0.0151468749721
topic 1	0.0
topic 2	0.00163671890315
topic 3	0.00015899893247
topic 4	0.000769614883177
topic 5	0.0
topic 6	1.97135319534e-05
