topic	weight
topic 0	0.0
topic 1	9.40362206788e-05
topic 2	0.000290209713651
topic 3	0.00192958110587
topic 4	0.0
topic 5	0.000460702255764
topic 6	0.0
