topic	weight
topic 0	0.000151517721724
topic 1	0.0
topic 2	0.0
topic 3	2.19465980439e-05
topic 4	0.000418391266057
topic 5	0.0077287589407
topic 6	2.90534837282e-05
