topic	weight
topic 0	0.00319257473308
topic 1	0.0
topic 2	0.102620782371
topic 3	0.0
topic 4	0.0
topic 5	0.0
topic 6	0.0
