topic	weight
topic 0	0.0
topic 1	0.000326144948914
topic 2	0.130252281682
topic 3	0.0
topic 4	0.107657176142
topic 5	0.0
topic 6	0.0
