topic	weight
topic 0	0.0
topic 1	0.0
topic 2	0.0
topic 3	0.0
topic 4	0.478180972013
topic 5	0.0244351865741
topic 6	0.0476113943236
