topic	weight
topic 0	3.73132039434e-05
topic 1	0.00175941541268
topic 2	0.000685687629069
topic 3	0.000575152782556
topic 4	0.00357725042194
topic 5	5.39135705757e-05
topic 6	0.0
