topic	weight
topic 0	0.0
topic 1	0.0934076359746
topic 2	0.0172712856391
topic 3	0.00486594798764
topic 4	0.00481666528221
topic 5	0.0101004848266
topic 6	0.0
