topic	weight
topic 0	0.0
topic 1	0.00455590450568
topic 2	0.00233819016499
topic 3	0.0106106184969
topic 4	0.000654859165839
topic 5	0.000633332431443
topic 6	0.0
