topic	weight
topic 0	0.0
topic 1	0.00415103673438
topic 2	0.000967484646472
topic 3	0.00551597839432
topic 4	0.00366856793652
topic 5	0.000776637855366
topic 6	0.00145860576035
