topic	weight
topic 0	0.0
topic 1	0.000731713194541
topic 2	0.0107658549592
topic 3	0.0006006645018
topic 4	0.00605038546009
topic 5	0.00131513644444
topic 6	0.0
