topic	weight
topic 0	0.00386074372864
topic 1	0.000790037243287
topic 2	0.000363700435744
topic 3	0.0
topic 4	0.0016734718306
topic 5	0.0105108835521
topic 6	0.0
