topic	weight
topic 0	0.0
topic 1	0.21295111065
topic 2	0.0
topic 3	0.00449249912223
topic 4	0.00379645225341
topic 5	0.0
topic 6	0.0
