topic	weight
topic 0	0.000256787699735
topic 1	0.0932160399538
topic 2	7.47089657486e-05
topic 3	0.000397807420074
topic 4	0.104524018465
topic 5	0.000977595108282
topic 6	0.0
