topic	weight
topic 0	0.0
topic 1	0.00112938481914
topic 2	0.00189436136674
topic 3	0.000210758720256
topic 4	0.00118443720151
topic 5	1.37684212964e-05
topic 6	0.0
