topic	weight
topic 0	0.0
topic 1	0.0
topic 2	0.0
topic 3	0.0
topic 4	0.00174879595128
topic 5	0.125277187248
topic 6	0.0
