topic	weight
topic 0	0.0
topic 1	0.000691974457849
topic 2	0.0206600416771
topic 3	0.0506698661689
topic 4	0.00480061368728
topic 5	0.00968568461252
topic 6	0.0
