topic	weight
topic 0	0.0
topic 1	0.00120478730988
topic 2	0.00516790304049
topic 3	0.00285912605454
topic 4	0.00276843682405
topic 5	0.000915988437849
topic 6	0.0
