topic	weight
topic 0	0.0
topic 1	0.0041886830253
topic 2	0.00302157786028
topic 3	0.0563369363233
topic 4	0.0
topic 5	0.00151564027088
topic 6	0.0
