topic	weight
topic 0	0.0
topic 1	0.0
topic 2	0.0221108033711
topic 3	0.0345005865472
topic 4	0.0177275690833
topic 5	0.00588438827691
topic 6	0.00151483053844
