topic	weight
topic 0	0.00109828064414
topic 1	0.00894685498597
topic 2	0.00595022452992
topic 3	0.00218592593194
topic 4	0.00875460493674
topic 5	0.00569005108229
topic 6	0.0
