topic	weight
topic 0	0.0
topic 1	0.000457053526192
topic 2	0.000423982802841
topic 3	5.7068319687e-05
topic 4	0.000346112067055
topic 5	0.000160061425339
topic 6	0.0
