topic	weight
topic 0	0.00075279256831
topic 1	0.0
topic 2	0.0242034023612
topic 3	0.0
topic 4	0.000244464993742
topic 5	0.000982543335964
topic 6	0.00276598051894
