topic	weight
topic 0	0.0
topic 1	0.000182301054343
topic 2	0.00282843215888
topic 3	0.00351653448115
topic 4	0.00119501137729
topic 5	0.0019541787117
topic 6	0.0
