topic	weight
topic 0	0.000214342226253
topic 1	0.00109439848494
topic 2	0.00162571150672
topic 3	0.00164300169366
topic 4	0.00050719918893
topic 5	0.00168917880805
topic 6	0.0
