topic	weight
topic 0	0.0
topic 1	0.00350356167981
topic 2	0.00451825230535
topic 3	0.000841761789977
topic 4	0.00491739212653
topic 5	0.0
topic 6	0.0
