topic	weight
topic 0	0.000409155702138
topic 1	0.00432324644421
topic 2	0.000881026202278
topic 3	0.000825119983704
topic 4	0.000670941168883
topic 5	0.00124759053132
topic 6	3.42517031448e-05
