topic	weight
topic 0	0.0
topic 1	0.000364737951599
topic 2	0.000513556335979
topic 3	0.0
topic 4	0.00198086220773
topic 5	0.000130531316052
topic 6	0.0
