topic	weight
topic 0	0.0
topic 1	0.0
topic 2	0.122049383574
topic 3	0.0
topic 4	0.000460028533421
topic 5	0.0
topic 6	0.0
