topic	weight
topic 0	0.0717986617566
topic 1	0.0
topic 2	0.0
topic 3	0.000693236695688
topic 4	0.000308410076763
topic 5	0.0
topic 6	0.000482637386984
