topic	weight
topic 0	0.0122663693111
topic 1	0.000896822830351
topic 2	0.000182121636403
topic 3	0.00649822423839
topic 4	0.0014259163578
topic 5	0.0574327013122
topic 6	0.000330613806426
