topic	weight
topic 0	0.0110429104216
topic 1	0.0
topic 2	0.000786895899542
topic 3	9.27479308635e-05
topic 4	0.000696003200617
topic 5	0.0
topic 6	0.0
