topic	weight
topic 0	0.0
topic 1	0.0
topic 2	0.0
topic 3	0.103332820553
topic 4	0.00796511836108
topic 5	0.000330562202139
topic 6	0.0
