topic	weight
topic 0	1.00789871424e-05
topic 1	0.0
topic 2	0.0
topic 3	0.0
topic 4	0.00991648916154
topic 5	0.0
topic 6	0.0
