topic	weight
topic 0	0.0
topic 1	0.0186372499214
topic 2	0.0191327361992
topic 3	0.00709071430754
topic 4	0.00976059259578
topic 5	0.0115015651236
topic 6	0.0
