topic	weight
topic 0	0.0
topic 1	0.000409663561702
topic 2	0.0
topic 3	0.0698421880605
topic 4	0.0
topic 5	0.0
topic 6	9.29204286201e-05
