topic	weight
topic 0	0.0
topic 1	0.000151496920291
topic 2	0.000211763089171
topic 3	0.00131892494669
topic 4	7.9756919856e-05
topic 5	0.000118731800827
topic 6	0.000113791638884
