topic	weight
topic 0	2.88964657034e-06
topic 1	0.0
topic 2	2.1740893235e-05
topic 3	1.4259600519e-05
topic 4	9.27863266253e-05
topic 5	0.0
topic 6	0.0
