topic	weight
topic 0	0.0
topic 1	0.00877092918648
topic 2	0.0202648774773
topic 3	0.0539475141001
topic 4	0.0128313669211
topic 5	0.0102547507191
topic 6	0.00851818940388
