topic	weight
topic 0	0.0
topic 1	0.171955383446
topic 2	0.00370165013483
topic 3	0.0
topic 4	0.0097337444301
topic 5	0.0
topic 6	0.001917065859
