topic	weight
topic 0	5.74871891185e-05
topic 1	4.22270947282e-07
topic 2	0.000100100744728
topic 3	0.000127072876953
topic 4	0.000144078867378
topic 5	0.000234495818594
topic 6	0.0
