topic	weight
topic 0	0.0
topic 1	0.00529729317545
topic 2	0.00599219190153
topic 3	0.0203564187907
topic 4	0.120858286549
topic 5	0.0114528101964
topic 6	0.0
