topic	weight
topic 0	0.0
topic 1	0.011329662641
topic 2	0.0085503568638
topic 3	0.007406872882
topic 4	0.0271936695988
topic 5	0.00210710020459
topic 6	0.00354430605794
