topic	weight
topic 0	9.52347236581e-05
topic 1	0.0
topic 2	7.90687887626e-05
topic 3	0.00105415449992
topic 4	0.000958221688424
topic 5	0.0
topic 6	0.0
