topic	weight
topic 0	0.00664263563576
topic 1	0.00181418893953
topic 2	0.00433963799901
topic 3	0.00038826707592
topic 4	0.00322809431912
topic 5	0.00730463095705
topic 6	0.0
