topic	weight
topic 0	0.0392179806837
topic 1	0.0010823392458
topic 2	0.0306704812023
topic 3	0.016018481008
topic 4	0.0216735115208
topic 5	0.0
topic 6	0.0
