topic	weight
topic 0	0.000104320366563
topic 1	7.34859644154e-05
topic 2	0.000284288221095
topic 3	0.0
topic 4	0.00127206265934
topic 5	1.46416272338e-06
topic 6	0.0
