topic	weight
topic 0	0.0
topic 1	0.0013665195757
topic 2	0.000453444151455
topic 3	0.0
topic 4	0.000409083386742
topic 5	0.000244901600194
topic 6	0.00317278921791
