topic	weight
topic 0	0.0386032541096
topic 1	0.000388483327801
topic 2	0.0313773476852
topic 3	0.000746082831147
topic 4	0.0317104704756
topic 5	0.0
topic 6	0.00323282593573
