topic	weight
topic 0	0.0025833035852
topic 1	0.0
topic 2	0.0
topic 3	0.0
topic 4	0.0152235183898
topic 5	0.00573099069139
topic 6	0.233023398607
