topic	weight
topic 0	0.0
topic 1	0.0
topic 2	0.0257839544356
topic 3	0.000297080559607
topic 4	0.00734025768031
topic 5	0.0
topic 6	0.0
