topic	weight
topic 0	0.0
topic 1	0.00110814793453
topic 2	0.0
topic 3	0.0
topic 4	0.0524667921283
topic 5	0.0032093962915
topic 6	0.00703746072925
