topic	weight
topic 0	0.0
topic 1	0.00220536628165
topic 2	0.00043824400029
topic 3	0.000552557720165
topic 4	0.000594280860237
topic 5	0.00150167197645
topic 6	6.83206700235e-05
