topic	weight
topic 0	0.168808636453
topic 1	0.0
topic 2	0.000906696239473
topic 3	0.00161209092754
topic 4	0.0
topic 5	0.0
topic 6	0.0
