topic	weight
topic 0	0.00488358595869
topic 1	4.90707696585e-05
topic 2	0.000445777069724
topic 3	0.00113941385703
topic 4	0.00159311439406
topic 5	0.0160597957963
topic 6	0.000916573276497
