topic	weight
topic 0	0.00508645640494
topic 1	0.000644382406597
topic 2	0.00179709457038
topic 3	4.4939911166e-05
topic 4	0.0024517144306
topic 5	0.00121968680821
topic 6	0.0015217108989
