topic	weight
topic 0	0.000526631795279
topic 1	0.00603391245409
topic 2	0.00415445452093
topic 3	0.00210658952377
topic 4	0.00366577163058
topic 5	0.00567436291309
topic 6	0.0
