topic	weight
topic 0	0.0
topic 1	0.000607782470507
topic 2	0.00144378118419
topic 3	0.00107734782289
topic 4	0.000429737637363
topic 5	0.000374875134577
topic 6	0.0
