topic	weight
topic 0	0.0
topic 1	0.00790834594927
topic 2	0.0143550962708
topic 3	0.0100018063782
topic 4	0.00427809005839
topic 5	0.0142410616057
topic 6	0.0
