topic	weight
topic 0	0.159949310092
topic 1	1.39767955144e-05
topic 2	0.0
topic 3	0.0
topic 4	0.00213222648587
topic 5	0.0
topic 6	0.0
