topic	weight
topic 0	0.000100854294778
topic 1	0.000527715831394
topic 2	0.00135212678241
topic 3	0.00165284782839
topic 4	0.000925243970627
topic 5	0.0
topic 6	0.0
