topic	weight
topic 0	0.0
topic 1	0.00239572256287
topic 2	0.0131197971036
topic 3	0.00765771255575
topic 4	0.00683250249054
topic 5	0.0107512732502
topic 6	0.0
