topic	weight
topic 0	0.00194875100057
topic 1	0.0
topic 2	0.00420472290445
topic 3	0.000794570874309
topic 4	0.0012649081437
topic 5	0.00224048081354
topic 6	0.00041096755146
