topic	weight
topic 0	0.0
topic 1	0.00180484082104
topic 2	0.0626954960444
topic 3	0.0
topic 4	0.003982621105
topic 5	0.0
topic 6	0.0167615414277
