topic	weight
topic 0	0.0781472445944
topic 1	0.0057090379183
topic 2	0.107633735669
topic 3	0.00756572665876
topic 4	0.03166075128
topic 5	0.0
topic 6	0.0
