topic	weight
topic 0	0.0
topic 1	0.00130857570696
topic 2	0.00838324145368
topic 3	0.00335689877325
topic 4	0.00434289856499
topic 5	0.0123591017647
topic 6	0.0
