topic	weight
topic 0	0.00218190017669
topic 1	0.00139109832865
topic 2	0.00249579211892
topic 3	0.000984191386154
topic 4	0.00161865661214
topic 5	0.000743880860791
topic 6	8.63101670551e-05
