topic	weight
topic 0	0.000355721776029
topic 1	0.0
topic 2	0.0278542450803
topic 3	0.00651097116015
topic 4	0.00496653966459
topic 5	0.0
topic 6	0.0
