topic	weight
topic 0	0.0
topic 1	0.00340032877684
topic 2	0.000893410090095
topic 3	0.258682595653
topic 4	0.0
topic 5	0.0
topic 6	0.0
