topic	weight
topic 0	0.0
topic 1	0.000295521655304
topic 2	0.0014171635179
topic 3	0.0
topic 4	0.00901861471073
topic 5	0.00104590469568
topic 6	0.0
