topic	weight
topic 0	0.00014080597925
topic 1	0.00178881600476
topic 2	0.0268626277483
topic 3	0.000402796301836
topic 4	0.0142863886417
topic 5	0.00536761662786
topic 6	0.0
