topic	weight
topic 0	0.00648906182229
topic 1	4.76365733845e-05
topic 2	0.00575301342244
topic 3	0.00242371241369
topic 4	0.00386170757419
topic 5	0.0
topic 6	0.0
