topic	weight
topic 0	0.0
topic 1	0.0140155628956
topic 2	0.0139700845828
topic 3	0.0
topic 4	0.0295352913244
topic 5	0.0
topic 6	0.00273777408373
