topic	weight
topic 0	0.0
topic 1	0.014896089029
topic 2	0.00435003875608
topic 3	0.00105403802483
topic 4	0.000312428643556
topic 5	0.0
topic 6	0.000380513795329
