topic	weight
topic 0	0.0
topic 1	0.0001601814801
topic 2	0.000532451850047
topic 3	0.000505496627563
topic 4	0.00349554890374
topic 5	8.50356982424e-05
topic 6	0.0
