topic	weight
topic 0	0.127804116751
topic 1	0.0
topic 2	0.0
topic 3	0.00116861024994
topic 4	0.00708853353709
topic 5	0.0153038389987
topic 6	0.00470227905774
