topic	weight
topic 0	0.0
topic 1	6.48448016645e-05
topic 2	3.58937194764e-05
topic 3	4.64516734713e-05
topic 4	0.000105386379515
topic 5	0.000160470574193
topic 6	0.0
