topic	weight
topic 0	0.000817843480993
topic 1	0.00089119164615
topic 2	0.0
topic 3	0.0
topic 4	0.000895155339303
topic 5	0.00187970500705
topic 6	0.0
