topic	weight
topic 0	0.000757910706104
topic 1	0.00567320880048
topic 2	0.000375185976789
topic 3	0.000445275775722
topic 4	0.0004264467486
topic 5	0.00631966001308
topic 6	0.0
