topic	weight
topic 0	0.00363723741523
topic 1	0.00244740218734
topic 2	0.000519303100312
topic 3	0.00356086093597
topic 4	0.00226645246127
topic 5	0.0328823250347
topic 6	0.000102143778318
