topic	weight
topic 0	0.0
topic 1	0.00228815138437
topic 2	0.0135785137988
topic 3	0.00525878716847
topic 4	0.00688056927744
topic 5	0.0141815095449
topic 6	0.0
