topic	weight
topic 0	0.0
topic 1	0.00663394283707
topic 2	0.00308707856794
topic 3	0.000256811045793
topic 4	0.00179691628822
topic 5	0.00279228117115
topic 6	0.0
