topic	weight
topic 0	0.000417141397421
topic 1	0.000762512140728
topic 2	0.00311859232657
topic 3	0.00196992116929
topic 4	0.00352493464728
topic 5	0.00179237864024
topic 6	0.0
