topic	weight
topic 0	0.00163212561021
topic 1	0.0
topic 2	1.28739759427e-05
topic 3	0.00253776637197
topic 4	0.0
topic 5	0.0
topic 6	0.0
