topic	weight
topic 0	0.0
topic 1	0.000117584264206
topic 2	0.000450906453125
topic 3	0.000125764369683
topic 4	0.00140727225283
topic 5	0.000105567791598
topic 6	0.0
