topic	weight
topic 0	0.00140495040574
topic 1	0.000916552828359
topic 2	0.0
topic 3	0.0346520422321
topic 4	0.0116044998608
topic 5	0.12720896582
topic 6	0.0
