topic	weight
topic 0	0.0
topic 1	0.0015459586563
topic 2	6.08555429421e-05
topic 3	5.28281326029e-05
topic 4	2.56734784658e-05
topic 5	0.00409501473285
topic 6	0.0
