topic	weight
topic 0	0.00044569171317
topic 1	0.000176858290395
topic 2	0.0111228359419
topic 3	0.00193813311347
topic 4	0.000911721932217
topic 5	0.0104296146804
topic 6	0.0
