topic	weight
topic 0	0.0
topic 1	1.82828499849e-05
topic 2	0.000105521622683
topic 3	0.00031726012473
topic 4	7.95026262124e-05
topic 5	0.000762573832148
topic 6	0.0
