topic	weight
topic 0	0.0
topic 1	0.00502530486969
topic 2	0.00293318723123
topic 3	0.0114251745894
topic 4	0.0
topic 5	0.00063869359302
topic 6	0.0
