topic	weight
topic 0	0.00232380477709
topic 1	6.70846792896e-05
topic 2	0.000655321636743
topic 3	0.000230365051946
topic 4	0.0
topic 5	0.0
topic 6	0.0
