topic	weight
topic 0	0.00213438074043
topic 1	0.0
topic 2	0.0344082103872
topic 3	0.00167047251785
topic 4	0.00560859502357
topic 5	0.00686250404527
topic 6	0.0
