topic	weight
topic 0	0.00141020166162
topic 1	0.0019307535446
topic 2	0.00419844746425
topic 3	0.0004842791784
topic 4	0.00111122670068
topic 5	0.000482896739723
topic 6	0.0
