topic	weight
topic 0	0.0
topic 1	0.00625137366141
topic 2	0.00799007467087
topic 3	0.0625085116705
topic 4	0.0
topic 5	0.0128498717053
topic 6	0.0
