topic	weight
topic 0	0.0
topic 1	0.00595994047861
topic 2	0.00774837650453
topic 3	0.00129720546401
topic 4	0.00640038433493
topic 5	0.0
topic 6	0.0
