topic	weight
topic 0	0.00110242088583
topic 1	0.0
topic 2	0.000358617109596
topic 3	3.25243816639e-05
topic 4	0.000511824899214
topic 5	0.00206021409959
topic 6	0.0
