topic	weight
topic 0	0.000881169776659
topic 1	0.00222596243395
topic 2	0.000667916317127
topic 3	0.00222537693688
topic 4	0.000780863239122
topic 5	0.00141104731556
topic 6	0.0
