topic	weight
topic 0	0.000615578977666
topic 1	0.00799238095535
topic 2	0.0074383068746
topic 3	0.0128498329396
topic 4	0.00238134300208
topic 5	0.000654488745948
topic 6	0.0
