topic	weight
topic 0	0.00725360133074
topic 1	0.00655333685727
topic 2	0.0197001535301
topic 3	0.00310191324778
topic 4	0.0103466586642
topic 5	0.0
topic 6	0.00142498297308
