topic	weight
topic 0	4.76296438991e-05
topic 1	0.000236694145016
topic 2	0.00038166907576
topic 3	0.00183947781711
topic 4	0.0
topic 5	4.27299301749e-05
topic 6	0.0
