topic	weight
topic 0	0.0
topic 1	0.00251978355692
topic 2	0.000852428756843
topic 3	0.00216860317662
topic 4	0.0
topic 5	0.0149920775894
topic 6	0.0
