topic	weight
topic 0	0.00762512764321
topic 1	0.00270354080571
topic 2	0.00134867696565
topic 3	0.00152856692356
topic 4	0.00422873739814
topic 5	0.0252359388851
topic 6	4.44088753519e-05
