topic	weight
topic 0	0.0
topic 1	0.0224283329781
topic 2	0.000606650383716
topic 3	0.00498377295358
topic 4	0.000864186223376
topic 5	0.0114674419506
topic 6	0.0
