topic	weight
topic 0	0.0010792193191
topic 1	0.0
topic 2	0.00101468376332
topic 3	0.00659293421908
topic 4	0.00711305928657
topic 5	0.0
topic 6	0.0
