topic	weight
topic 0	0.00482206810266
topic 1	0.0107778243747
topic 2	0.0174276091776
topic 3	0.012345600928
topic 4	0.00502878739267
topic 5	0.00384280195009
topic 6	0.0
