topic	weight
topic 0	0.0
topic 1	0.0206480000291
topic 2	0.00711280531978
topic 3	0.000212290808421
topic 4	0.0022446450957
topic 5	0.000994059796615
topic 6	0.000441275643803
