topic	weight
topic 0	0.00146653191617
topic 1	0.0112691199811
topic 2	0.0
topic 3	0.0
topic 4	6.34889979358e-05
topic 5	0.0
topic 6	0.0
