topic	weight
topic 0	0.0
topic 1	0.0
topic 2	0.000390570221114
topic 3	0.174527916054
topic 4	0.0
topic 5	0.0
topic 6	0.0
