topic	weight
topic 0	0.000113183157699
topic 1	0.00324905120358
topic 2	0.00174678676372
topic 3	0.00199236979263
topic 4	0.0052550900442
topic 5	0.00489380447262
topic 6	0.0
