topic	weight
topic 0	0.00538739570564
topic 1	0.000724264637779
topic 2	0.00579526753154
topic 3	0.000745566888613
topic 4	0.0037642791346
topic 5	0.0
topic 6	0.0
