topic	weight
topic 0	0.00325808255611
topic 1	0.000120952865855
topic 2	0.0011116624241
topic 3	0.000198878266415
topic 4	0.00154825937033
topic 5	0.0
topic 6	0.0
