topic	weight
topic 0	0.00170170957529
topic 1	0.00692170177654
topic 2	0.00411998183414
topic 3	0.00074132179945
topic 4	0.0166569537495
topic 5	0.00601631192344
topic 6	0.00369705168061
