topic	weight
topic 0	0.0113818612286
topic 1	0.0
topic 2	0.0
topic 3	0.000561505107117
topic 4	0.00651686337653
topic 5	0.0384863006125
topic 6	0.000263248726716
