topic	weight
topic 0	0.0
topic 1	0.0087318572463
topic 2	0.0278637155268
topic 3	0.015455082244
topic 4	0.0037069783185
topic 5	0.00334481221145
topic 6	0.0
