topic	weight
topic 0	0.0
topic 1	0.0
topic 2	0.00416273704242
topic 3	0.000392785128305
topic 4	0.000455443303943
topic 5	0.00049671949335
topic 6	0.0
