topic	weight
topic 0	0.0
topic 1	0.00269331510654
topic 2	0.0073359933294
topic 3	0.00143284692765
topic 4	0.00198996010803
topic 5	0.000119384139374
topic 6	0.0
