topic	weight
topic 0	0.0
topic 1	0.0
topic 2	0.000270205150692
topic 3	0.0
topic 4	0.115365219457
topic 5	0.0
topic 6	0.0
