topic	weight
topic 0	0.0
topic 1	4.39918650038e-05
topic 2	0.000421194423704
topic 3	0.0
topic 4	0.0023327047879
topic 5	0.00436552661832
topic 6	0.0
