topic	weight
topic 0	0.0
topic 1	0.0
topic 2	0.0321594671864
topic 3	0.049940666886
topic 4	0.0258665546966
topic 5	0.00858724579411
topic 6	0.0
