topic	weight
topic 0	0.0
topic 1	0.00052291842295
topic 2	0.0376801414474
topic 3	0.0
topic 4	0.105457540544
topic 5	0.0
topic 6	0.00266425794829
