topic	weight
topic 0	0.000698916345805
topic 1	0.00128927665865
topic 2	0.00197923478147
topic 3	0.00569365973168
topic 4	0.000686503550017
topic 5	0.00016638867533
topic 6	0.000199757431845
