topic	weight
topic 0	0.00507129347221
topic 1	0.00806887152781
topic 2	0.0172493132094
topic 3	0.00520748788358
topic 4	0.0121730453414
topic 5	0.000847957316608
topic 6	0.0
