topic	weight
topic 0	0.0
topic 1	0.00024825353162
topic 2	0.000783439796522
topic 3	0.000792270211907
topic 4	0.00530983670627
topic 5	0.000142336879466
topic 6	0.0
