topic	weight
topic 0	0.0
topic 1	0.0104478666177
topic 2	0.0
topic 3	0.0
topic 4	0.00578273029261
topic 5	0.00799521869624
topic 6	0.00195838189514
