topic	weight
topic 0	0.0
topic 1	0.00449903774162
topic 2	0.0123256038493
topic 3	0.0053561018119
topic 4	0.0142912581388
topic 5	0.00482556782566
topic 6	0.0
