topic	weight
topic 0	0.0
topic 1	0.126022516346
topic 2	0.0
topic 3	0.00478196972245
topic 4	2.60392403569e-05
topic 5	0.00617112551042
topic 6	0.00487525266215
