topic	weight
topic 0	0.0
topic 1	0.0124090178931
topic 2	0.0521761554493
topic 3	0.000491256174654
topic 4	0.00648441253657
topic 5	0.00922645792006
topic 6	0.0
