topic	weight
topic 0	0.0
topic 1	0.000126464045341
topic 2	0.00136273180113
topic 3	0.00168298174435
topic 4	0.0
topic 5	0.0
topic 6	0.000223917693293
