topic	weight
topic 0	0.0
topic 1	0.00182066226477
topic 2	0.00566227595104
topic 3	0.0
topic 4	0.0748362112545
topic 5	0.00341427210545
topic 6	0.00438741118371
