topic	weight
topic 0	0.0
topic 1	0.0155804592662
topic 2	0.00424971768775
topic 3	0.000209445674581
topic 4	0.0
topic 5	0.0022437301011
topic 6	0.000399661580902
