topic	weight
topic 0	0.0
topic 1	0.00109829766411
topic 2	0.00467790168662
topic 3	0.00179441719095
topic 4	0.00186455714705
topic 5	0.00107446255479
topic 6	0.0
