topic	weight
topic 0	0.0
topic 1	0.00076103588855
topic 2	0.0109962345147
topic 3	0.00153765106561
topic 4	0.00153895806135
topic 5	0.00274979310467
topic 6	0.0
