topic	weight
topic 0	0.00536624513561
topic 1	0.0
topic 2	0.015044699173
topic 3	0.0
topic 4	0.0
topic 5	0.0
topic 6	0.0
