topic	weight
topic 0	0.0
topic 1	0.000187005864295
topic 2	0.000320300108716
topic 3	0.000770366719946
topic 4	0.000500740583129
topic 5	0.000140309851755
topic 6	0.0
