topic	weight
topic 0	0.0
topic 1	0.000154103417947
topic 2	0.00269767474464
topic 3	0.00926594469844
topic 4	0.0
topic 5	4.48776598629e-05
topic 6	0.000212643061283
