topic	weight
topic 0	0.0
topic 1	0.00915712740252
topic 2	0.0
topic 3	0.0
topic 4	0.0418599038834
topic 5	0.00345957760949
topic 6	0.167531950845
