topic	weight
topic 0	0.0
topic 1	4.22685467712e-05
topic 2	0.0194099109543
topic 3	0.0
topic 4	0.000234779942318
topic 5	0.0
topic 6	0.0
