topic	weight
topic 0	0.0
topic 1	0.117513834237
topic 2	0.00748430587217
topic 3	0.00177702857847
topic 4	0.0254626521133
topic 5	0.00174329993404
topic 6	0.000758969315691
