topic	weight
topic 0	0.0
topic 1	0.00209959514535
topic 2	0.00913688800632
topic 3	0.0062960802115
topic 4	0.006362458686
topic 5	0.0074166604063
topic 6	0.0
