topic	weight
topic 0	0.00117182312568
topic 1	0.0
topic 2	0.0997965697072
topic 3	0.00211098111585
topic 4	0.0
topic 5	0.0
topic 6	0.0
