topic	weight
topic 0	0.0
topic 1	0.00209303602188
topic 2	0.000423974498768
topic 3	0.000708426756716
topic 4	0.0
topic 5	0.0111076557215
topic 6	0.0
