topic	weight
topic 0	0.0
topic 1	0.00891392306291
topic 2	0.0351544411649
topic 3	0.0133299812869
topic 4	0.00689132743026
topic 5	0.027406734484
topic 6	0.0
