topic	weight
topic 0	1.76230695336e-05
topic 1	0.000161036979434
topic 2	0.00032893568016
topic 3	0.000239195583359
topic 4	0.00111406643503
topic 5	2.31362657951e-05
topic 6	0.0
