topic	weight
topic 0	0.000460692109492
topic 1	0.00635572069474
topic 2	0.00240628221868
topic 3	0.000556307320763
topic 4	0.000278361645562
topic 5	0.0103324272535
topic 6	0.0
