topic	weight
topic 0	0.0
topic 1	0.00805464139366
topic 2	0.0151411363126
topic 3	0.0271176325824
topic 4	0.00411147768403
topic 5	0.00286668458683
topic 6	0.0
