topic	weight
topic 0	0.00521645600745
topic 1	0.0
topic 2	5.22388539324e-05
topic 3	0.0
topic 4	6.97085443761e-07
topic 5	0.00947670203534
topic 6	0.0
