topic	weight
topic 0	0.00198285363509
topic 1	0.0143353638474
topic 2	0.00410110043403
topic 3	0.0
topic 4	0.0
topic 5	0.00266205058748
topic 6	0.0
