topic	weight
topic 0	0.00416604981042
topic 1	0.00961584453468
topic 2	0.00461656967702
topic 3	0.00161614357346
topic 4	0.00824348675075
topic 5	0.00215358394163
topic 6	0.000302955249163
