topic	weight
topic 0	0.00462883675555
topic 1	0.0111111864353
topic 2	0.0120275216632
topic 3	0.00189210732729
topic 4	0.00147698614469
topic 5	0.0146406535804
topic 6	0.0
