topic	weight
topic 0	0.0
topic 1	0.00149216640099
topic 2	0.00324859955965
topic 3	0.000573738273768
topic 4	0.00297991042943
topic 5	0.00147677004531
topic 6	0.0
