topic	weight
topic 0	0.00457215489639
topic 1	0.0118322123351
topic 2	0.0492354249759
topic 3	0.00998647513891
topic 4	0.01263194209
topic 5	0.00752257179483
topic 6	0.0
