topic	weight
topic 0	0.0
topic 1	0.207836738309
topic 2	0.0
topic 3	0.0011995683589
topic 4	0.0
topic 5	0.0
topic 6	0.0
