topic	weight
topic 0	0.0
topic 1	0.0
topic 2	0.0
topic 3	0.116395444476
topic 4	0.876063900781
topic 5	0.0
topic 6	0.0
