topic	weight
topic 0	0.00423020305219
topic 1	0.0
topic 2	1.6171937452e-05
topic 3	0.0
topic 4	0.28704580292
topic 5	0.0
topic 6	0.0
