topic	weight
topic 0	0.00531738246936
topic 1	0.0044231773476
topic 2	0.0308785711847
topic 3	0.00170748660392
topic 4	0.00493334874007
topic 5	0.0
topic 6	0.0
