topic	weight
topic 0	0.0
topic 1	0.00894473987234
topic 2	0.010401739742
topic 3	0.0
topic 4	0.00914346678946
topic 5	0.00371128669328
topic 6	0.0158230293615
