topic	weight
topic 0	0.0
topic 1	1.11098926508e-05
topic 2	0.000201800423909
topic 3	0.0101384894787
topic 4	0.000415585584678
topic 5	0.0
topic 6	0.0
