topic	weight
topic 0	0.0
topic 1	0.000588657734131
topic 2	0.00170358463031
topic 3	0.000126584217563
topic 4	0.00544685815987
topic 5	0.00402000201673
topic 6	0.0
