topic	weight
topic 0	0.00824118068427
topic 1	0.00180167966709
topic 2	0.000593168898499
topic 3	0.00490594893589
topic 4	0.00121394226893
topic 5	0.0531616358827
topic 6	0.00017714430181
