topic	weight
topic 0	0.0
topic 1	0.00159412399154
topic 2	0.00232611783554
topic 3	0.0
topic 4	0.00790167752458
topic 5	0.0
topic 6	0.0
