topic	weight
topic 0	0.0
topic 1	0.0
topic 2	0.0945641208892
topic 3	0.0611315478408
topic 4	0.0770450392127
topic 5	0.00148732666397
topic 6	0.0233729357593
