topic	weight
topic 0	0.0
topic 1	4.22512893423e-07
topic 2	8.20253598376e-05
topic 3	1.94915326801e-05
topic 4	0.000117180062977
topic 5	0.0
topic 6	0.0
