topic	weight
topic 0	0.000317462668359
topic 1	0.0072040245377
topic 2	0.000301885423749
topic 3	0.0
topic 4	0.101010824627
topic 5	0.0065016686076
topic 6	0.0
