topic	weight
topic 0	0.00308320054962
topic 1	0.00666249323098
topic 2	0.00586655982437
topic 3	0.0114326907966
topic 4	0.00160115884908
topic 5	0.00246821496059
topic 6	0.00239906044927
