topic	weight
topic 0	0.0
topic 1	0.00771412739781
topic 2	0.00745106214183
topic 3	0.00692481415942
topic 4	0.00519180668525
topic 5	0.0187817348498
topic 6	0.0
