topic	weight
topic 0	0.136173366252
topic 1	0.00215561794546
topic 2	0.0036529277016
topic 3	0.00838183268367
topic 4	0.00258183021028
topic 5	0.0852877656787
topic 6	0.0
