topic	weight
topic 0	0.000389313491698
topic 1	0.00584466945811
topic 2	0.00206485746156
topic 3	0.00168963886357
topic 4	0.00866821419203
topic 5	0.00957216319966
topic 6	0.0
