topic	weight
topic 0	0.00401393368941
topic 1	0.164068390574
topic 2	0.0117656461703
topic 3	0.00271144002821
topic 4	0.00366358398684
topic 5	0.0
topic 6	0.0
