topic	weight
topic 0	0.00107136089132
topic 1	0.0
topic 2	0.0
topic 3	0.000667105942839
topic 4	7.16456897256e-05
topic 5	0.0
topic 6	5.34579753782e-05
