topic	weight
topic 0	0.0
topic 1	0.000686007846049
topic 2	0.00720360622201
topic 3	0.00277156680062
topic 4	0.000272771430498
topic 5	0.000710335340997
topic 6	0.0
