topic	weight
topic 0	0.0
topic 1	0.00010723640704
topic 2	0.00263365782051
topic 3	0.000453588389993
topic 4	0.000768891533486
topic 5	0.00198139598261
topic 6	0.0
