topic	weight
topic 0	0.0
topic 1	0.00318792096039
topic 2	0.0544541514081
topic 3	0.00444823540047
topic 4	0.00525385559115
topic 5	0.0104085539819
topic 6	0.0173433076872
