topic	weight
topic 0	0.0
topic 1	0.107268038601
topic 2	0.00304647821388
topic 3	0.0
topic 4	0.00448425811025
topic 5	0.000580243353228
topic 6	0.0087082255023
