topic	weight
topic 0	0.0044757743429
topic 1	0.00555025583188
topic 2	0.0311685590885
topic 3	0.00256651221951
topic 4	0.010387364933
topic 5	0.00375222826336
topic 6	0.0
