topic	weight
topic 0	0.000992499995458
topic 1	0.0167561331541
topic 2	0.00358137124257
topic 3	0.000576317874121
topic 4	0.00155406867183
topic 5	5.98610943332e-05
topic 6	0.0
