topic	weight
topic 0	0.0
topic 1	0.0
topic 2	0.0218822952454
topic 3	0.592127436945
topic 4	0.0
topic 5	0.0
topic 6	0.0
