topic	weight
topic 0	0.00322346144166
topic 1	0.0
topic 2	0.000112139671263
topic 3	5.0981595875e-05
topic 4	0.00122040369347
topic 5	0.000142072281178
topic 6	0.0
