topic	weight
topic 0	0.0
topic 1	0.0095584960407
topic 2	0.00585929471114
topic 3	0.00212949175814
topic 4	0.00863154124613
topic 5	0.00732846462229
topic 6	0.00627994736265
