topic	weight
topic 0	0.0
topic 1	0.0
topic 2	0.0210467449563
topic 3	0.000173813020524
topic 4	0.0
topic 5	0.0
topic 6	0.0
