topic	weight
topic 0	0.00242893903448
topic 1	0.00452868031453
topic 2	0.0
topic 3	0.00228800635407
topic 4	0.0
topic 5	0.263346527212
topic 6	0.00535045316264
