topic	weight
topic 0	0.0
topic 1	0.0
topic 2	0.00017285489083
topic 3	1.41169288273e-05
topic 4	6.58444240225e-05
topic 5	0.00649598290101
topic 6	0.0
