topic	weight
topic 0	0.0609309049959
topic 1	0.0
topic 2	0.0
topic 3	0.0
topic 4	0.00800437534249
topic 5	0.0381731781805
topic 6	0.0
