topic	weight
topic 0	0.0
topic 1	0.00597713268076
topic 2	0.0074407626973
topic 3	0.00571362174732
topic 4	0.00192595700106
topic 5	0.0115031212888
topic 6	0.0
