topic	weight
topic 0	0.00173539501696
topic 1	0.000966617870641
topic 2	0.00230530979502
topic 3	0.00235934829539
topic 4	0.00167141512395
topic 5	8.27675734286e-05
topic 6	0.0
