topic	weight
topic 0	0.0
topic 1	0.0
topic 2	0.0218659513799
topic 3	0.0
topic 4	0.0285488022411
topic 5	0.00524182794575
topic 6	0.00201968039728
