topic	weight
topic 0	0.131434025318
topic 1	0.0
topic 2	0.00271199055137
topic 3	0.0
topic 4	0.0
topic 5	0.152123153234
topic 6	0.0
