topic	weight
topic 0	0.00288588205454
topic 1	0.0
topic 2	0.00292739655751
topic 3	0.0
topic 4	0.0038398722384
topic 5	0.0
topic 6	0.000144516700156
