topic	weight
topic 0	0.0
topic 1	0.00512362906243
topic 2	0.00604834136758
topic 3	0.0
topic 4	0.14755453066
topic 5	0.0
topic 6	0.000770541246461
