topic	weight
topic 0	0.0
topic 1	0.00262247198087
topic 2	0.019115753765
topic 3	0.00433819841729
topic 4	0.00364863731331
topic 5	0.00685609873396
topic 6	0.0
