topic	weight
topic 0	0.00138099802774
topic 1	0.0
topic 2	0.00121278844506
topic 3	0.0779583740672
topic 4	0.0109636957244
topic 5	0.0
topic 6	0.0
