topic	weight
topic 0	0.0
topic 1	0.000127782595194
topic 2	0.000160481724278
topic 3	0.000116821145699
topic 4	9.12332362076e-05
topic 5	0.000713125542719
topic 6	0.0
