topic	weight
topic 0	0.0
topic 1	0.00189317308418
topic 2	0.00147019662744
topic 3	0.0
topic 4	0.00656624396129
topic 5	0.00218067235254
topic 6	0.0
