topic	weight
topic 0	0.00101742225624
topic 1	0.00629661601085
topic 2	0.000753674207323
topic 3	0.00379754522338
topic 4	0.00516107834613
topic 5	0.00985706567522
topic 6	0.0
