topic	weight
topic 0	0.0
topic 1	0.00129292595223
topic 2	0.00282721047991
topic 3	0.000290427478087
topic 4	0.00263993206499
topic 5	0.00252388232304
topic 6	0.0
