topic	weight
topic 0	0.0176966100143
topic 1	0.0142711216617
topic 2	0.0
topic 3	0.00602962405099
topic 4	0.0
topic 5	0.0
topic 6	0.0
