topic	weight
topic 0	0.0
topic 1	0.00406582549893
topic 2	0.00113755711881
topic 3	0.0
topic 4	0.00650938849326
topic 5	0.00816361315624
topic 6	0.0
