topic	weight
topic 0	1.15018579203e-05
topic 1	0.000208621447032
topic 2	0.000742696315401
topic 3	0.0
topic 4	0.00358567765174
topic 5	0.0
topic 6	0.0
