topic	weight
topic 0	0.0
topic 1	0.011034093361
topic 2	0.0183357771866
topic 3	0.0120912704085
topic 4	0.00211978111856
topic 5	0.00477119527803
topic 6	0.0
