topic	weight
topic 0	0.0
topic 1	0.00291796405469
topic 2	0.00419255302187
topic 3	0.00311657664208
topic 4	0.00647677673341
topic 5	0.00418704323471
topic 6	0.0
