topic	weight
topic 0	0.0
topic 1	9.21885117303e-05
topic 2	0.0105158026585
topic 3	0.00177763914759
topic 4	0.00187944158454
topic 5	0.00187642169721
topic 6	0.0
