topic	weight
topic 0	0.0
topic 1	0.0
topic 2	0.00165865231253
topic 3	0.0651022779356
topic 4	0.0
topic 5	0.0
topic 6	0.0
