topic	weight
topic 0	0.00998858735025
topic 1	0.158698874531
topic 2	0.000841889745588
topic 3	0.0
topic 4	0.00578162004779
topic 5	0.00606323042311
topic 6	0.0
