topic	weight
topic 0	0.0
topic 1	6.94734354044e-05
topic 2	0.0012431074159
topic 3	0.00119025631994
topic 4	0.00100398347296
topic 5	4.73780943017e-05
topic 6	0.0
