topic	weight
topic 0	0.00143300269275
topic 1	0.00735284038125
topic 2	0.00494725573775
topic 3	0.00384510319569
topic 4	0.00262935793001
topic 5	0.00507962839041
topic 6	0.0
