topic	weight
topic 0	0.0
topic 1	0.00151313601432
topic 2	0.00222302327692
topic 3	0.0
topic 4	0.00715300275021
topic 5	0.0
topic 6	0.0
