topic	weight
topic 0	0.000690951779528
topic 1	0.00247140222431
topic 2	0.00151444476163
topic 3	0.00300848710744
topic 4	0.00346478900527
topic 5	0.00194355816071
topic 6	0.0
