topic	weight
topic 0	0.00610343483976
topic 1	0.0142899761434
topic 2	0.0273001045866
topic 3	0.00398770923562
topic 4	0.0189163675107
topic 5	0.000803997491003
topic 6	0.00138249151813
