topic	weight
topic 0	0.0
topic 1	4.88663362395e-05
topic 2	0.000172076413534
topic 3	0.0046249343651
topic 4	0.0
topic 5	0.000131031933057
topic 6	0.0
