topic	weight
topic 0	0.00321897803879
topic 1	0.0
topic 2	0.00106573357197
topic 3	0.00246655342659
topic 4	0.000852240746195
topic 5	0.0
topic 6	3.82711995088e-05
