topic	weight
topic 0	0.000666335410677
topic 1	9.00396621837e-05
topic 2	0.00124626432684
topic 3	0.00061087127189
topic 4	0.000795055275637
topic 5	0.00141945112736
topic 6	0.0
