topic	weight
topic 0	0.0
topic 1	0.00358227598773
topic 2	0.00065357933974
topic 3	0.00114239919864
topic 4	0.0
topic 5	0.0146649874384
topic 6	0.0
