topic	weight
topic 0	0.00106580167757
topic 1	0.00850356650082
topic 2	0.00123366139484
topic 3	0.00233732295672
topic 4	0.00720242196809
topic 5	0.00809993704182
topic 6	0.0
