topic	weight
topic 0	0.0
topic 1	0.00075728578345
topic 2	0.000990186501983
topic 3	0.00025584059041
topic 4	0.000429461621559
topic 5	0.000711329179702
topic 6	0.000438432197302
