topic	weight
topic 0	0.0
topic 1	0.00375626277323
topic 2	0.00476624885812
topic 3	0.0
topic 4	0.0303604969722
topic 5	0.0
topic 6	0.0
