topic	weight
topic 0	0.00306809248564
topic 1	0.0005491101876
topic 2	0.00445002274385
topic 3	0.00249357372752
topic 4	0.00501052386177
topic 5	2.46903653025e-05
topic 6	0.0
