topic	weight
topic 0	0.0
topic 1	0.119579368967
topic 2	0.0137651431845
topic 3	0.00342066790736
topic 4	0.0104600902564
topic 5	0.0127038399816
topic 6	0.00904904895377
