topic	weight
topic 0	0.117077596825
topic 1	0.0
topic 2	0.00533749075887
topic 3	0.0177993093298
topic 4	0.00111711747285
topic 5	0.0
topic 6	0.0
