topic	weight
topic 0	0.0
topic 1	0.00815779688052
topic 2	0.0213801175568
topic 3	0.0112385245794
topic 4	0.00841609088404
topic 5	0.0228302397025
topic 6	0.0
