topic	weight
topic 0	0.00380320629106
topic 1	0.0210492613527
topic 2	0.00326294310207
topic 3	0.015540608492
topic 4	0.00599736099913
topic 5	0.0130951317582
topic 6	0.0
