topic	weight
topic 0	0.0
topic 1	0.116161009327
topic 2	0.000317153678968
topic 3	0.0
topic 4	0.0030117957681
topic 5	0.00194091353679
topic 6	0.0
