topic	weight
topic 0	0.00465452675142
topic 1	0.00234567185332
topic 2	0.00523506132556
topic 3	0.00285643175223
topic 4	0.00514690166624
topic 5	0.0120878298074
topic 6	0.0
