topic	weight
topic 0	0.0
topic 1	0.00267206206593
topic 2	0.000576199141318
topic 3	0.194551975417
topic 4	0.000389972883053
topic 5	0.0
topic 6	0.0
