topic	weight
topic 0	0.000164244696466
topic 1	0.0
topic 2	0.0389820890386
topic 3	0.0194859739931
topic 4	0.0
topic 5	0.0
topic 6	0.0
