topic	weight
topic 0	0.000425363028113
topic 1	0.0119179603928
topic 2	0.011877714215
topic 3	0.0
topic 4	0.00662056749918
topic 5	0.000430690821872
topic 6	0.0
