topic	weight
topic 0	0.0
topic 1	0.0
topic 2	0.0
topic 3	0.032479850262
topic 4	0.0
topic 5	0.0
topic 6	0.000139740484342
