topic	weight
topic 0	0.0
topic 1	0.00269716406756
topic 2	0.00590701225188
topic 3	0.00279979219058
topic 4	0.00319456688361
topic 5	0.0033553831744
topic 6	0.0
