topic	weight
topic 0	0.0119289211844
topic 1	0.0
topic 2	0.0707750519016
topic 3	0.000981021001322
topic 4	0.0
topic 5	0.000844149601941
topic 6	0.0
