topic	weight
topic 0	6.93916464636e-05
topic 1	0.000355668102365
topic 2	0.001008390904
topic 3	0.00253390172291
topic 4	0.0
topic 5	0.00172303413637
topic 6	5.46438194659e-05
