topic	weight
topic 0	0.0
topic 1	0.0
topic 2	0.0
topic 3	0.160738247347
topic 4	0.0
topic 5	0.0941891505033
topic 6	0.0
