topic	weight
topic 0	0.000529998846982
topic 1	0.000556919659671
topic 2	0.00260853899077
topic 3	0.0435319561464
topic 4	0.00173544871275
topic 5	0.000284582589178
topic 6	0.0
