topic	weight
topic 0	0.0
topic 1	0.00526026148638
topic 2	0.0198522662281
topic 3	0.0
topic 4	0.0214010741274
topic 5	0.00652932344277
topic 6	0.0175971007346
