topic	weight
topic 0	0.00113154296692
topic 1	0.000574727569673
topic 2	0.00293688562122
topic 3	0.00040267007504
topic 4	0.00255472158474
topic 5	0.000305541900738
topic 6	0.0
