topic	weight
topic 0	0.00421927368425
topic 1	0.151491118062
topic 2	0.000718974781146
topic 3	0.0
topic 4	0.00284748192828
topic 5	0.0
topic 6	0.0
