topic	weight
topic 0	0.0
topic 1	0.109660732793
topic 2	4.31752886136e-05
topic 3	0.0
topic 4	0.00043860021146
topic 5	0.00135103452301
topic 6	0.00122322553513
