topic	weight
topic 0	0.0
topic 1	1.36644376379e-05
topic 2	0.00126868087725
topic 3	0.000745178484108
topic 4	0.000295539180191
topic 5	0.0
topic 6	0.0
