topic	weight
topic 0	0.0
topic 1	0.0
topic 2	0.000488737092103
topic 3	0.000280605498046
topic 4	0.00338722362172
topic 5	0.0
topic 6	5.1881615078e-05
