topic	weight
topic 0	0.094532276415
topic 1	0.00429293116806
topic 2	0.0
topic 3	0.0019463912886
topic 4	0.00467923824321
topic 5	0.0234287621202
topic 6	0.000131442122795
