topic	weight
topic 0	0.0
topic 1	0.0078685108997
topic 2	0.00582408874388
topic 3	0.00425295135765
topic 4	0.0176253754719
topic 5	0.00421183286299
topic 6	0.0
