topic	weight
topic 0	0.0
topic 1	0.00114557976412
topic 2	0.000746794470403
topic 3	0.00253502180806
topic 4	0.000192018067304
topic 5	0.00336097232707
topic 6	0.0
