topic	weight
topic 0	0.0
topic 1	0.000519283985915
topic 2	0.00551435924903
topic 3	0.00958916566361
topic 4	0.0
topic 5	0.00166713957241
topic 6	0.00388232628267
