topic	weight
topic 0	0.00104252155215
topic 1	0.0024577689225
topic 2	0.00207221497639
topic 3	0.0442165322943
topic 4	0.0
topic 5	0.000678672319833
topic 6	0.000129653490741
