topic	weight
topic 0	0.00387196011785
topic 1	0.0
topic 2	0.0277660332598
topic 3	0.0217781810289
topic 4	0.00909552307161
topic 5	0.00539067207556
topic 6	0.0
