topic	weight
topic 0	0.0
topic 1	0.000836799657208
topic 2	0.00370381104166
topic 3	0.0358409748105
topic 4	0.0174538787369
topic 5	0.00106038581582
topic 6	0.00135145125453
