topic	weight
topic 0	0.0
topic 1	0.0
topic 2	0.0
topic 3	0.0
topic 4	0.0593657721385
topic 5	0.00261769556376
topic 6	0.00333373815833
