topic	weight
topic 0	0.000647361647841
topic 1	0.00606075996412
topic 2	0.00283517593389
topic 3	0.00367732107413
topic 4	0.00148514417459
topic 5	0.0115272219944
topic 6	0.0
