topic	weight
topic 0	0.00549299328289
topic 1	0.187656533804
topic 2	0.0123699907648
topic 3	0.000971897464289
topic 4	0.0106746918951
topic 5	0.0
topic 6	0.0
