topic	weight
topic 0	0.00440909666977
topic 1	0.00716385944266
topic 2	0.00943146143895
topic 3	0.00307077898988
topic 4	0.0498767448322
topic 5	0.00434970703601
topic 6	0.00240936646899
