topic	weight
topic 0	0.0
topic 1	0.00185747786484
topic 2	0.000107738555164
topic 3	7.03143567818e-05
topic 4	0.0
topic 5	0.00221907353564
topic 6	0.0
