topic	weight
topic 0	0.00486809903438
topic 1	0.000789955115146
topic 2	0.00212811819293
topic 3	0.000116254753578
topic 4	0.00328587740569
topic 5	0.00274174523374
topic 6	0.0
