topic	weight
topic 0	0.00594254691945
topic 1	0.00688185044688
topic 2	0.0171832453465
topic 3	0.154797130119
topic 4	0.00161024686259
topic 5	0.000386030077417
topic 6	0.0
