topic	weight
topic 0	0.027730457027
topic 1	0.00535418424538
topic 2	0.0503219912052
topic 3	0.157480683056
topic 4	0.0
topic 5	0.0
topic 6	0.0
