topic	weight
topic 0	0.0
topic 1	0.00204179506981
topic 2	0.0102886415977
topic 3	0.0
topic 4	0.010388158562
topic 5	0.00403346775212
topic 6	0.0150705919334
