topic	weight
topic 0	0.0
topic 1	0.0
topic 2	0.00641765029653
topic 3	0.0639574851466
topic 4	0.0
topic 5	0.0
topic 6	0.00156159303812
