topic	weight
topic 0	0.0
topic 1	0.003867067793
topic 2	0.00513684221812
topic 3	0.000394563024857
topic 4	0.00191177288657
topic 5	0.00108128288044
topic 6	0.0
