topic	weight
topic 0	0.0
topic 1	0.00387892068928
topic 2	0.0086569947181
topic 3	5.80920953767e-05
topic 4	0.00358848054791
topic 5	0.0130063399605
topic 6	0.0
