topic	weight
topic 0	0.015543947734
topic 1	0.00828739068756
topic 2	0.0198631336067
topic 3	0.00452561267117
topic 4	0.0144234003887
topic 5	0.0253824152453
topic 6	0.000529557896176
