topic	weight
topic 0	0.0
topic 1	0.00438193958307
topic 2	0.0119712262269
topic 3	0.00324135973627
topic 4	0.00656061057688
topic 5	0.0141899668566
topic 6	0.0
