topic	weight
topic 0	0.0
topic 1	0.00447264882284
topic 2	0.197361241556
topic 3	0.00512803446537
topic 4	0.0
topic 5	0.0
topic 6	0.0
