topic	weight
topic 0	0.000195491538517
topic 1	0.000826904821547
topic 2	0.00385167698334
topic 3	0.00413387577115
topic 4	0.00434964183011
topic 5	0.00193426316205
topic 6	0.0
