topic	weight
topic 0	0.0
topic 1	0.00837544529746
topic 2	0.0326329624315
topic 3	0.00463910389698
topic 4	0.0572325276304
topic 5	0.00430225625952
topic 6	0.00215858324641
