topic	weight
topic 0	0.0
topic 1	0.0103501837261
topic 2	0.0
topic 3	0.0
topic 4	0.00688574922625
topic 5	0.00232990824168
topic 6	0.000633426945782
