topic	weight
topic 0	0.00486245134038
topic 1	0.000878509087333
topic 2	0.00367904871361
topic 3	0.000583765299129
topic 4	0.00387433032979
topic 5	0.000221708075419
topic 6	0.0
