topic	weight
topic 0	0.0
topic 1	0.0
topic 2	0.000322722697272
topic 3	0.0541967247286
topic 4	0.0806183391375
topic 5	0.0
topic 6	0.0
