topic	weight
topic 0	0.0
topic 1	0.0120909727766
topic 2	0.001701406384
topic 3	0.000894556367951
topic 4	0.00374673703898
topic 5	0.0505523906447
topic 6	0.0
