topic	weight
topic 0	0.00437936165369
topic 1	0.00187539136679
topic 2	0.0144045358405
topic 3	4.75301379833e-05
topic 4	0.0126891083026
topic 5	0.00294987989503
topic 6	0.0134607596707
