topic	weight
topic 0	0.0
topic 1	0.000493235094124
topic 2	0.00110290927333
topic 3	0.000729624619229
topic 4	0.00070627839401
topic 5	0.000750779739392
topic 6	0.0
