topic	weight
topic 0	0.0
topic 1	0.0
topic 2	0.0
topic 3	0.00279996209269
topic 4	0.0
topic 5	0.00101418669447
topic 6	0.272085626206
