topic	weight
topic 0	0.0
topic 1	0.00477186629806
topic 2	0.00390900121201
topic 3	0.0
topic 4	0.010135766795
topic 5	0.000567444085277
topic 6	0.0
