topic	weight
topic 0	0.0
topic 1	0.00943686542609
topic 2	0.000534356069662
topic 3	2.6081285846e-05
topic 4	0.00329952427565
topic 5	0.0104552540978
topic 6	0.0
