topic	weight
topic 0	0.0
topic 1	0.173544684126
topic 2	0.00485002465786
topic 3	0.0
topic 4	0.0183177089948
topic 5	0.0
topic 6	0.0013154205988
