topic	weight
topic 0	0.0109026970807
topic 1	0.0
topic 2	0.00252116284436
topic 3	0.00017816471757
topic 4	0.0111522584332
topic 5	0.0385901285265
topic 6	0.00247974301524
