topic	weight
topic 0	0.043412494843
topic 1	0.0
topic 2	0.023505420655
topic 3	0.0
topic 4	0.000539021399467
topic 5	0.0
topic 6	0.0
