topic	weight
topic 0	0.00129142661229
topic 1	0.0
topic 2	0.00617512559866
topic 3	4.05281830436e-05
topic 4	0.0
topic 5	0.0
topic 6	0.0
