topic	weight
topic 0	0.0
topic 1	0.00141893034378
topic 2	0.0504298537595
topic 3	5.61631564631e-05
topic 4	0.0
topic 5	0.0
topic 6	0.0209596531892
