topic	weight
topic 0	0.122194404051
topic 1	0.0
topic 2	0.0
topic 3	0.0
topic 4	0.0
topic 5	0.138523591911
topic 6	0.0
