topic	weight
topic 0	0.000211307239043
topic 1	0.000165105270615
topic 2	0.00297816612101
topic 3	0.0012277571565
topic 4	0.00110046673949
topic 5	0.00137307429555
topic 6	0.0
