topic	weight
topic 0	3.52941270814e-05
topic 1	0.00336934861474
topic 2	0.00212492785866
topic 3	0.00485597757385
topic 4	0.00139885293055
topic 5	0.0167703052204
topic 6	0.0
