topic	weight
topic 0	0.0
topic 1	0.0241362687336
topic 2	0.136201323852
topic 3	0.0227168812447
topic 4	0.0369264768163
topic 5	0.0409538413356
topic 6	0.0
