topic	weight
topic 0	0.0
topic 1	0.00525883705673
topic 2	0.00347499657835
topic 3	0.00213003416662
topic 4	0.00488051349066
topic 5	0.00233078346882
topic 6	0.0
