topic	weight
topic 0	0.0117197270896
topic 1	0.180802494309
topic 2	0.0164759644002
topic 3	0.00583582452161
topic 4	0.00744396253024
topic 5	0.0
topic 6	0.0
