topic	weight
topic 0	0.00277141702134
topic 1	0.000459516210243
topic 2	0.0454941544682
topic 3	0.0
topic 4	0.00212756978067
topic 5	0.0
topic 6	0.0199522675044
