topic	weight
topic 0	0.0
topic 1	0.00099011530838
topic 2	0.00169389799002
topic 3	0.00152909562132
topic 4	0.00100413339706
topic 5	0.00145555689823
topic 6	4.20051381941e-05
