topic	weight
topic 0	0.0015890060671
topic 1	0.0
topic 2	0.00366909318399
topic 3	0.0609100426661
topic 4	0.0114005304856
topic 5	0.0
topic 6	0.0
