topic	weight
topic 0	0.0
topic 1	0.00689942599244
topic 2	0.00128089349419
topic 3	0.000183313360708
topic 4	0.000783181840561
topic 5	0.00210861031731
topic 6	0.0
