topic	weight
topic 0	0.00322710982827
topic 1	0.0
topic 2	0.000148418167339
topic 3	4.9612180382e-05
topic 4	0.00120946387716
topic 5	0.000149766202884
topic 6	0.0
