topic	weight
topic 0	0.000421749253421
topic 1	0.00667230649319
topic 2	0.00361581450991
topic 3	0.000564481848056
topic 4	0.00108357827093
topic 5	0.000123654097127
topic 6	0.0
