topic	weight
topic 0	0.0
topic 1	0.154727798797
topic 2	0.0
topic 3	0.0
topic 4	0.00332238404719
topic 5	0.000480678084075
topic 6	0.00147640575703
