topic	weight
topic 0	0.0034764618549
topic 1	0.000914942616943
topic 2	0.00083277413931
topic 3	0.0
topic 4	0.00579233860409
topic 5	0.0148140116514
topic 6	0.0
