topic	weight
topic 0	0.0
topic 1	0.00161213337454
topic 2	0.0236939962802
topic 3	0.0
topic 4	0.00135754773317
topic 5	0.00246824677654
topic 6	0.0
