topic	weight
topic 0	0.0
topic 1	0.000549974035552
topic 2	0.000634006039593
topic 3	0.00184201889828
topic 4	0.000890320843336
topic 5	0.000137364195711
topic 6	0.0
