topic	weight
topic 0	0.00313503878321
topic 1	0.0079145237067
topic 2	0.0131509865617
topic 3	0.0143024856754
topic 4	0.0108209555436
topic 5	0.00552771094351
topic 6	0.0
