topic	weight
topic 0	0.00518350720317
topic 1	0.0
topic 2	0.0
topic 3	0.000588804231172
topic 4	0.0136700064109
topic 5	0.0
topic 6	0.00875525722408
