topic	weight
topic 0	0.0
topic 1	0.0
topic 2	0.0277210845758
topic 3	0.000706978683859
topic 4	0.0150684135447
topic 5	0.00706202948953
topic 6	0.0
