topic	weight
topic 0	0.00185976473552
topic 1	0.0168005806933
topic 2	0.00525339531285
topic 3	0.000110889924885
topic 4	0.0
topic 5	0.00370188216663
topic 6	0.0
