topic	weight
topic 0	0.0
topic 1	0.0024477319013
topic 2	0.00314302252162
topic 3	0.00919968337608
topic 4	0.000495734569809
topic 5	0.0
topic 6	0.0
