topic	weight
topic 0	0.0
topic 1	0.0058900876777
topic 2	0.0
topic 3	0.0
topic 4	0.143599876059
topic 5	0.0814379520833
topic 6	0.0
