topic	weight
topic 0	0.0
topic 1	0.0
topic 2	0.000285502835693
topic 3	0.000137989109879
topic 4	0.00100912817722
topic 5	0.00294212879645
topic 6	0.0
