topic	weight
topic 0	0.0101911803444
topic 1	0.00633794530854
topic 2	0.00431846576296
topic 3	0.0
topic 4	0.0145583323583
topic 5	0.00522900651179
topic 6	0.0
