topic	weight
topic 0	0.0
topic 1	0.00961697447523
topic 2	0.0171263897329
topic 3	0.0075061318934
topic 4	0.0137606336639
topic 5	0.00340293372666
topic 6	0.0
