topic	weight
topic 0	0.0
topic 1	0.0184019734483
topic 2	0.055122050919
topic 3	0.0
topic 4	0.0
topic 5	0.0
topic 6	0.00682909150213
