topic	weight
topic 0	0.0
topic 1	0.00644882188163
topic 2	0.00848772786527
topic 3	0.0
topic 4	0.0150317439241
topic 5	0.0045135913298
topic 6	0.00198539805702
