topic	weight
topic 0	0.000805870723326
topic 1	0.0
topic 2	0.00185553246685
topic 3	0.000841821746712
topic 4	0.000943228443834
topic 5	0.000337089640846
topic 6	3.14447445155e-05
