topic	weight
topic 0	0.00317655860005
topic 1	0.000139180669768
topic 2	0.00309107092626
topic 3	0.0
topic 4	0.0226632785626
topic 5	0.00765491909368
topic 6	0.00919019755129
