topic	weight
topic 0	0.0107858630049
topic 1	0.00939937258441
topic 2	0.0212156506656
topic 3	0.00855746967133
topic 4	0.00254045400293
topic 5	0.0404160347554
topic 6	0.0
