topic	weight
topic 0	0.00355118645898
topic 1	0.000165681805223
topic 2	0.00267265400643
topic 3	0.00104775929493
topic 4	0.00220354941007
topic 5	0.000458930709855
topic 6	0.0
