topic	weight
topic 0	0.000738591860584
topic 1	0.0
topic 2	0.00546579540076
topic 3	0.00952915284641
topic 4	0.00982126761914
topic 5	0.0
topic 6	0.00220793699917
