topic	weight
topic 0	0.172994852757
topic 1	0.000702703688705
topic 2	0.0
topic 3	0.00565553806901
topic 4	0.000535271542988
topic 5	0.0472533236328
topic 6	0.000190134894261
