topic	weight
topic 0	0.142927949807
topic 1	0.0
topic 2	0.00555595015747
topic 3	0.0
topic 4	0.00496406248507
topic 5	0.0
topic 6	0.0
