topic	weight
topic 0	0.0390528304155
topic 1	0.00105773291479
topic 2	0.00454900957279
topic 3	0.000133469238393
topic 4	0.00124017273342
topic 5	0.043243481948
topic 6	0.0
