topic	weight
topic 0	0.0122432831873
topic 1	0.00567997662958
topic 2	0.0199723541277
topic 3	0.00232641869352
topic 4	0.0116576968931
topic 5	0.0
topic 6	0.0
