topic	weight
topic 0	0.0
topic 1	0.00244922509599
topic 2	0.0
topic 3	0.0
topic 4	0.0
topic 5	0.193987036079
topic 6	0.0
