topic	weight
topic 0	0.00203198404203
topic 1	5.73672345827e-05
topic 2	0.00659847781205
topic 3	0.0255417495393
topic 4	0.0
topic 5	0.0
topic 6	0.0
