topic	weight
topic 0	0.0
topic 1	0.0117074735342
topic 2	0.00367085474569
topic 3	0.00196802045045
topic 4	0.0061877793932
topic 5	0.00224896600831
topic 6	0.00115133195834
