topic	weight
topic 0	0.0
topic 1	0.0147299284194
topic 2	0.0327965070986
topic 3	0.00899189253785
topic 4	0.0154116482867
topic 5	0.00967018791239
topic 6	0.0179837326496
