topic	weight
topic 0	0.0
topic 1	0.00496766954876
topic 2	0.00305493459301
topic 3	0.000285510880302
topic 4	0.0
topic 5	0.000976205028548
topic 6	0.0
