topic	weight
topic 0	0.0
topic 1	0.00229771291569
topic 2	0.00244808533819
topic 3	0.00642114569791
topic 4	0.00560719467281
topic 5	0.00211038838348
topic 6	0.0
