topic	weight
topic 0	0.0
topic 1	0.00852566661068
topic 2	0.0185471341687
topic 3	0.00704891363618
topic 4	0.00141366959719
topic 5	0.00357788484965
topic 6	0.0
