topic	weight
topic 0	0.0
topic 1	0.00534860282798
topic 2	0.0381990814892
topic 3	0.00650075552831
topic 4	0.00158056105669
topic 5	0.0108906436521
topic 6	0.0
