topic	weight
topic 0	0.0
topic 1	0.000433876388842
topic 2	0.00224064509911
topic 3	0.00735663162215
topic 4	0.00109830221561
topic 5	0.000615683492171
topic 6	0.0
