topic	weight
topic 0	0.0155129542317
topic 1	0.00568871925237
topic 2	0.0215307959497
topic 3	0.00329702112261
topic 4	0.00990186414675
topic 5	0.0
topic 6	0.0
