topic	weight
topic 0	0.0
topic 1	0.0022005534886
topic 2	0.00337273661679
topic 3	0.000433482964924
topic 4	0.00149162270465
topic 5	0.00428218350898
topic 6	7.11560660256e-05
