topic	weight
topic 0	0.0
topic 1	0.0
topic 2	0.0
topic 3	0.0
topic 4	0.00663520826618
topic 5	0.23389657569
topic 6	0.0
