topic	weight
topic 0	0.00243194498145
topic 1	0.00150178267173
topic 2	0.00732178381046
topic 3	0.0
topic 4	0.0
topic 5	0.000228401608622
topic 6	0.0
