topic	weight
topic 0	0.0
topic 1	0.000165843871022
topic 2	0.000378180776271
topic 3	8.17108296488e-05
topic 4	0.000275886584729
topic 5	0.000168583041185
topic 6	0.0
