topic	weight
topic 0	0.0186393400766
topic 1	0.0165594118101
topic 2	0.0
topic 3	0.0
topic 4	0.0203365798016
topic 5	0.0
topic 6	0.0
