topic	weight
topic 0	0.0
topic 1	0.00929556667014
topic 2	0.0157020966506
topic 3	0.00760120276793
topic 4	0.00209757575317
topic 5	0.00403331553137
topic 6	0.0
