topic	weight
topic 0	0.000252055879793
topic 1	0.000277657290258
topic 2	0.00096176822782
topic 3	0.000478841873255
topic 4	0.00024246903426
topic 5	0.0
topic 6	0.000119505172534
