topic	weight
topic 0	0.0019679074396
topic 1	0.00766731745018
topic 2	0.0305897833183
topic 3	0.0505515798763
topic 4	0.00881942188265
topic 5	0.0158686699583
topic 6	0.0
