topic	weight
topic 0	0.00288708474977
topic 1	0.00362399310336
topic 2	0.00674827250739
topic 3	0.0198322423315
topic 4	0.00574944751716
topic 5	0.000120306784045
topic 6	0.0
