topic	weight
topic 0	0.0
topic 1	0.00300933649635
topic 2	0.0
topic 3	0.130166988152
topic 4	0.0937037207394
topic 5	0.0
topic 6	0.0
