topic	weight
topic 0	0.0
topic 1	0.178543542492
topic 2	0.152624696224
topic 3	0.0
topic 4	0.00322420519162
topic 5	0.0
topic 6	0.0
