topic	weight
topic 0	0.0
topic 1	0.0111871446628
topic 2	0.00408196354618
topic 3	0.000253032478031
topic 4	0.00243910348559
topic 5	0.0141038158613
topic 6	0.0
