topic	weight
topic 0	0.0
topic 1	0.00658160578963
topic 2	0.00140159300173
topic 3	0.0
topic 4	0.0022487301864
topic 5	0.00776538217995
topic 6	0.0
