topic	weight
topic 0	0.00138425849437
topic 1	0.000169204129091
topic 2	0.00377137494356
topic 3	0.0343134747656
topic 4	0.00559039097344
topic 5	0.00308356371709
topic 6	0.0
