topic	weight
topic 0	0.0
topic 1	0.000590080960343
topic 2	0.00308629679403
topic 3	0.0
topic 4	0.00294504092936
topic 5	0.00894023573799
topic 6	8.62993067261e-05
