topic	weight
topic 0	0.00348515257209
topic 1	0.000578270692776
topic 2	9.15912777976e-06
topic 3	0.00028342192111
topic 4	0.00107733183978
topic 5	0.00356941791064
topic 6	3.57932069575e-05
