topic	weight
topic 0	0.0012309035528
topic 1	0.00293116547362
topic 2	0.00683896484116
topic 3	0.00297429549094
topic 4	0.00665917941625
topic 5	0.00376439360756
topic 6	0.0
