topic	weight
topic 0	0.00667334005508
topic 1	5.11356346226e-05
topic 2	0.0
topic 3	0.000152179142593
topic 4	0.000261821081239
topic 5	0.000736393074015
topic 6	0.000127204415559
