topic	weight
topic 0	0.0
topic 1	2.4194066094e-05
topic 2	0.000111461109028
topic 3	0.0089104856769
topic 4	0.0
topic 5	0.000147691592982
topic 6	8.28613353635e-05
