topic	weight
topic 0	0.00236981027547
topic 1	0.0066487031607
topic 2	0.00290764260157
topic 3	0.00339650072961
topic 4	0.00570429654181
topic 5	0.00591533414933
topic 6	0.0
