topic	weight
topic 0	0.0
topic 1	0.000439936130195
topic 2	0.000470708959252
topic 3	0.000363122695423
topic 4	0.000883193362316
topic 5	0.000951449776789
topic 6	0.0
