topic	weight
topic 0	0.0
topic 1	0.0050963194496
topic 2	0.00348552842816
topic 3	0.00819740445995
topic 4	0.00974000813683
topic 5	0.00132178646235
topic 6	0.0
