topic	weight
topic 0	0.0
topic 1	0.0
topic 2	0.0257457797265
topic 3	0.000950449125131
topic 4	0.00644717987399
topic 5	0.00661622644172
topic 6	0.0
