topic	weight
topic 0	0.0
topic 1	0.0
topic 2	0.110859846992
topic 3	0.0605861430823
topic 4	0.00159390058891
topic 5	0.00216677739934
topic 6	0.0
