topic	weight
topic 0	0.00208115389107
topic 1	0.00123461741671
topic 2	0.0027905901981
topic 3	0.000908374097943
topic 4	0.00118711478302
topic 5	0.0
topic 6	4.35002812061e-05
