topic	weight
topic 0	0.0107707737984
topic 1	0.000757157375603
topic 2	0.000510843655614
topic 3	0.00073392862224
topic 4	0.000981769739853
topic 5	0.0
topic 6	0.0
