topic	weight
topic 0	0.0
topic 1	0.00544976468444
topic 2	0.0553199691918
topic 3	0.0
topic 4	0.00964177276717
topic 5	0.00361076959157
topic 6	0.0199446070819
