topic	weight
topic 0	0.00474295183614
topic 1	0.0
topic 2	0.126463520742
topic 3	0.0
topic 4	0.000655764559467
topic 5	0.0
topic 6	0.0
