topic	weight
topic 0	0.00365285945666
topic 1	0.00426809203576
topic 2	0.00857424337777
topic 3	0.00632088965203
topic 4	0.00554854682563
topic 5	0.00527736616645
topic 6	0.0
