topic	weight
topic 0	0.0
topic 1	0.00895003707247
topic 2	0.0158097468378
topic 3	0.0013156165536
topic 4	0.0145093437157
topic 5	0.00595497900435
topic 6	0.0180474441246
