topic	weight
topic 0	0.0
topic 1	0.00017933118139
topic 2	0.00182368443631
topic 3	0.00092406545313
topic 4	0.000722063769045
topic 5	0.000238469265082
topic 6	0.0
