topic	weight
topic 0	0.00528925412133
topic 1	0.000180767259206
topic 2	0.0
topic 3	0.0
topic 4	0.000841590930682
topic 5	0.0
topic 6	0.000117277815162
