topic	weight
topic 0	0.0
topic 1	0.00434696173095
topic 2	0.00182179187807
topic 3	0.00794033415095
topic 4	0.000380501774196
topic 5	0.0371317700334
topic 6	0.0
