topic	weight
topic 0	0.0
topic 1	0.00100385375081
topic 2	0.0478693282402
topic 3	0.00236097659801
topic 4	0.00347349826535
topic 5	0.00364796011416
topic 6	0.00017090326163
