topic	weight
topic 0	0.00500425402949
topic 1	0.000547603489089
topic 2	0.0
topic 3	0.0
topic 4	0.00161823399708
topic 5	0.0053528278594
topic 6	0.0
