topic	weight
topic 0	0.0
topic 1	0.000245217052137
topic 2	0.00236720225425
topic 3	0.000317905623698
topic 4	0.00619158553175
topic 5	0.00634742021335
topic 6	0.0
