topic	weight
topic 0	0.0
topic 1	0.00179486490491
topic 2	0.0409752000701
topic 3	0.0
topic 4	0.000644123192484
topic 5	0.000380008742255
topic 6	0.00269142517607
