topic	weight
topic 0	0.0
topic 1	0.0272317587109
topic 2	0.0
topic 3	0.0
topic 4	0.109412800119
topic 5	0.00240744502029
topic 6	0.0
