topic	weight
topic 0	0.0
topic 1	0.0
topic 2	0.0
topic 3	0.0634955390558
topic 4	0.0
topic 5	0.0
topic 6	7.27201934375e-05
