topic	weight
topic 0	0.0
topic 1	0.00647934677934
topic 2	0.00742101319477
topic 3	0.00198271037903
topic 4	0.00925141669076
topic 5	0.00109605829538
topic 6	0.0
