topic	weight
topic 0	0.0
topic 1	0.0014775023795
topic 2	0.00242765022515
topic 3	0.000243686865938
topic 4	0.00608616003964
topic 5	0.000363223863719
topic 6	0.0
