topic	weight
topic 0	0.0
topic 1	0.000421113481458
topic 2	0.0
topic 3	0.0
topic 4	0.0137476634712
topic 5	0.000857701394541
topic 6	1.07124040082e-05
