topic	weight
topic 0	0.0
topic 1	0.00322338621832
topic 2	0.0387391600954
topic 3	0.00321332147122
topic 4	0.0178222245431
topic 5	0.00935506157372
topic 6	0.0
