topic	weight
topic 0	0.00196223394102
topic 1	0.000578080608956
topic 2	0.00152335506127
topic 3	0.00418818210787
topic 4	0.0021819861418
topic 5	0.00117417810392
topic 6	2.40152717125e-05
