topic	weight
topic 0	0.0
topic 1	0.0
topic 2	0.000166199215857
topic 3	0.0
topic 4	0.00633840221505
topic 5	0.000163782948795
topic 6	0.0
