topic	weight
topic 0	0.0
topic 1	0.00103389317803
topic 2	0.00549562187827
topic 3	0.00011542706831
topic 4	0.0152996755522
topic 5	0.00116016259743
topic 6	0.0
