topic	weight
topic 0	0.00650473020861
topic 1	0.00135108746246
topic 2	0.0
topic 3	0.0
topic 4	0.00281911008701
topic 5	0.0148770819189
topic 6	0.0
