topic	weight
topic 0	0.00041133620485
topic 1	0.0
topic 2	0.00132754896485
topic 3	0.0
topic 4	0.00581631849045
topic 5	3.24234943101e-05
topic 6	0.0
