topic	weight
topic 0	0.0
topic 1	0.00111692229089
topic 2	0.00232773448708
topic 3	0.000477106150843
topic 4	0.00436902261083
topic 5	0.00617229271466
topic 6	0.0
