topic	weight
topic 0	0.00269182610094
topic 1	0.00616532576519
topic 2	0.000800364449804
topic 3	0.00222139447296
topic 4	0.00497374951398
topic 5	0.010299658888
topic 6	0.0
