topic	weight
topic 0	0.0109364838292
topic 1	0.0
topic 2	0.00472713854259
topic 3	0.000390064344952
topic 4	0.00291638441891
topic 5	0.0126254599531
topic 6	0.00010657219099
