topic	weight
topic 0	0.0
topic 1	0.000459473802915
topic 2	0.00061032038596
topic 3	0.0
topic 4	0.00555148294226
topic 5	0.00112842442708
topic 6	0.0
