topic	weight
topic 0	0.0
topic 1	0.00416183386473
topic 2	0.0358601813157
topic 3	0.000798711832823
topic 4	0.0227215927703
topic 5	0.00888158925475
topic 6	0.0
