topic	weight
topic 0	0.0
topic 1	4.87557432053e-05
topic 2	3.25572806588e-05
topic 3	7.24629181852e-05
topic 4	0.000168165248844
topic 5	0.000160401327692
topic 6	0.0
