topic	weight
topic 0	0.0
topic 1	0.00919190120541
topic 2	0.0180170005753
topic 3	0.0832947093548
topic 4	0.00711347043484
topic 5	0.0210344007749
topic 6	0.000971568603545
