topic	weight
topic 0	0.0
topic 1	0.00621152729852
topic 2	0.0114547695212
topic 3	0.00490227341187
topic 4	0.00182635754853
topic 5	0.00230614651601
topic 6	0.0
