topic	weight
topic 0	0.000140224959946
topic 1	0.0030761180456
topic 2	0.00300238913057
topic 3	0.00138704943415
topic 4	0.00148007882617
topic 5	0.00242413299168
topic 6	0.0
