topic	weight
topic 0	0.000462720873378
topic 1	0.00223382600533
topic 2	0.00034680636745
topic 3	0.0
topic 4	0.0644621456629
topic 5	0.00613568473714
topic 6	0.00341357359576
