topic	weight
topic 0	0.0
topic 1	0.000668656654794
topic 2	0.00275990143482
topic 3	0.00706634619689
topic 4	0.00271397680648
topic 5	0.000257318316008
topic 6	0.000785049427352
