topic	weight
topic 0	0.000190978999445
topic 1	0.00267826078067
topic 2	0.0080290010077
topic 3	0.00256982829905
topic 4	0.00948683961844
topic 5	0.0075689625007
topic 6	0.0
