topic	weight
topic 0	0.00133264366988
topic 1	0.000954983197364
topic 2	0.00318509232388
topic 3	6.32589317542e-05
topic 4	0.0014458022586
topic 5	0.0021749583889
topic 6	0.00389824147953
