topic	weight
topic 0	0.00135531327892
topic 1	0.0208461080012
topic 2	0.00495007231164
topic 3	0.0
topic 4	0.0
topic 5	0.00199871509551
topic 6	0.0
