topic	weight
topic 0	0.000987663592547
topic 1	0.00254694882828
topic 2	0.00183274276206
topic 3	0.00966914422538
topic 4	0.00105671262812
topic 5	0.000913866442846
topic 6	0.0
