topic	weight
topic 0	0.0
topic 1	0.000330027790726
topic 2	0.0
topic 3	3.07438667202e-06
topic 4	0.000297838118195
topic 5	9.85628164472e-05
topic 6	0.000176942911841
