topic	weight
topic 0	0.0
topic 1	0.00943215058648
topic 2	0.0123518178604
topic 3	0.0
topic 4	0.0127170093296
topic 5	0.0120893871535
topic 6	0.0153041660131
