topic	weight
topic 0	0.000547481314051
topic 1	0.0
topic 2	0.0
topic 3	0.12949863461
topic 4	0.0
topic 5	0.0
topic 6	2.73232025818e-05
