topic	weight
topic 0	0.0
topic 1	0.00790172804642
topic 2	0.0153541574108
topic 3	0.00635828883727
topic 4	0.0107506965886
topic 5	0.0154406975969
topic 6	0.0
