topic	weight
topic 0	0.0
topic 1	0.0351864926601
topic 2	0.00159329725415
topic 3	0.0
topic 4	0.0
topic 5	0.00271971203215
topic 6	0.000867133514265
