topic	weight
topic 0	0.00845367773045
topic 1	0.000442776869632
topic 2	0.00645414033901
topic 3	0.000255399929327
topic 4	0.00742764203511
topic 5	0.0
topic 6	0.0
