topic	weight
topic 0	0.0131316779838
topic 1	0.0117504010588
topic 2	0.0315111237061
topic 3	0.00519781561217
topic 4	0.0121891336267
topic 5	0.0
topic 6	0.0
