topic	weight
topic 0	0.0
topic 1	0.0
topic 2	0.0
topic 3	0.0828347315585
topic 4	0.0
topic 5	0.0
topic 6	9.94271822759e-05
