topic	weight
topic 0	0.0193465652761
topic 1	0.0
topic 2	0.000161657558881
topic 3	0.0
topic 4	0.00113460347376
topic 5	0.0
topic 6	0.00395041428551
