topic	weight
topic 0	0.0167701929082
topic 1	0.0
topic 2	0.0111928869397
topic 3	0.008756522245
topic 4	0.018850249029
topic 5	0.0
topic 6	0.0
