topic	weight
topic 0	0.00208888400579
topic 1	0.0
topic 2	0.00252023994322
topic 3	0.0708530071251
topic 4	0.0149993628153
topic 5	0.0
topic 6	0.0
