topic	weight
topic 0	0.00316507873976
topic 1	0.0
topic 2	0.00905429213665
topic 3	0.000766904352372
topic 4	0.0
topic 5	0.0
topic 6	0.0
