topic	weight
topic 0	0.17071504504
topic 1	0.012728833114
topic 2	0.000507931907028
topic 3	0.0
topic 4	0.0
topic 5	0.18220140747
topic 6	0.0
