topic	weight
topic 0	0.0
topic 1	0.0
topic 2	0.556101427429
topic 3	0.0168499237471
topic 4	0.0748844334964
topic 5	0.0813194257228
topic 6	0.0
