topic	weight
topic 0	0.00144601300357
topic 1	0.00143245052281
topic 2	0.00022073994667
topic 3	3.84937506839e-05
topic 4	0.0
topic 5	0.00398161428602
topic 6	0.0
