topic	weight
topic 0	0.0
topic 1	0.0
topic 2	0.0
topic 3	0.0
topic 4	0.217604486063
topic 5	0.0054573746728
topic 6	0.000384806630674
