topic	weight
topic 0	2.19120741823e-05
topic 1	0.00214992359476
topic 2	0.000153099038979
topic 3	0.0129579561704
topic 4	0.00257530615407
topic 5	0.0100084266484
topic 6	0.0
