topic	weight
topic 0	0.0
topic 1	0.000294567798299
topic 2	0.00346744032271
topic 3	0.0
topic 4	0.0516730206653
topic 5	0.0
topic 6	0.00163591962306
