topic	weight
topic 0	0.0
topic 1	0.0161070798884
topic 2	0.0198945655932
topic 3	0.00220840320084
topic 4	0.00216896798159
topic 5	0.00969957291036
topic 6	0.0
