topic	weight
topic 0	0.0
topic 1	0.000201981129554
topic 2	0.000440592273511
topic 3	0.000255950479946
topic 4	0.000812286318423
topic 5	0.000323451917079
topic 6	0.0
