topic	weight
topic 0	0.0
topic 1	0.00323151568051
topic 2	0.000923050743575
topic 3	0.00135756817087
topic 4	0.000384951718236
topic 5	0.00106398679904
topic 6	0.0
