topic	weight
topic 0	0.0
topic 1	0.0129728825658
topic 2	0.000263761255985
topic 3	0.000783054146801
topic 4	0.000290652967359
topic 5	0.00776989268561
topic 6	0.0
