topic	weight
topic 0	0.0
topic 1	0.0
topic 2	0.0481332192918
topic 3	0.00184005346463
topic 4	0.0121644795298
topic 5	0.0124647433841
topic 6	0.0
