topic	weight
topic 0	0.0
topic 1	0.00142869856102
topic 2	0.000998608701012
topic 3	0.00487090492984
topic 4	0.000379325411864
topic 5	0.0
topic 6	0.0
