topic	weight
topic 0	0.00200030767858
topic 1	0.00246058394067
topic 2	0.00510704567228
topic 3	0.000993894135729
topic 4	0.00818038426775
topic 5	0.0
topic 6	0.0
