topic	weight
topic 0	0.0
topic 1	0.00213166755796
topic 2	0.00488916699314
topic 3	0.00292895937367
topic 4	0.00394937478996
topic 5	0.000850077560713
topic 6	0.0
