topic	weight
topic 0	0.0
topic 1	0.000117608333748
topic 2	0.00326175202375
topic 3	0.0
topic 4	0.00209333913904
topic 5	0.00104254506571
topic 6	0.0
