topic	weight
topic 0	0.000147153619754
topic 1	0.00722108445615
topic 2	0.000115225808936
topic 3	0.00237594656668
topic 4	0.00110527060841
topic 5	0.00203592210389
topic 6	0.0
