topic	weight
topic 0	0.00051208237022
topic 1	0.00114592572606
topic 2	0.00379745851078
topic 3	0.000242455827865
topic 4	0.00364181552387
topic 5	0.00059809786515
topic 6	0.000279931244543
