topic	weight
topic 0	0.0217886284362
topic 1	0.0
topic 2	0.0
topic 3	0.00148869910075
topic 4	0.00220797924204
topic 5	0.0704685381694
topic 6	0.000645439083473
