topic	weight
topic 0	0.0
topic 1	0.00551569135291
topic 2	0.0170418648688
topic 3	0.00506343848985
topic 4	0.00280952365859
topic 5	0.00256323078909
topic 6	0.0
