topic	weight
topic 0	0.0
topic 1	0.00261853595419
topic 2	0.00270453975725
topic 3	0.00219089739496
topic 4	0.000829618605414
topic 5	0.014648925449
topic 6	0.000355600628725
