topic	weight
topic 0	0.0
topic 1	0.0
topic 2	0.0
topic 3	0.0365813784194
topic 4	0.0119467895294
topic 5	0.000114643399175
topic 6	0.0
