topic	weight
topic 0	0.00094178313705
topic 1	0.148082344167
topic 2	0.0
topic 3	0.0
topic 4	0.000473431420664
topic 5	0.0010319856799
topic 6	0.0
