topic	weight
topic 0	0.0
topic 1	0.0014531734271
topic 2	0.0478295268061
topic 3	0.00239644930805
topic 4	0.00291022921289
topic 5	0.0
topic 6	0.00301697836509
