topic	weight
topic 0	0.0
topic 1	0.00432200248569
topic 2	0.00078798107598
topic 3	0.000159178726668
topic 4	0.000465131019934
topic 5	0.00326891895663
topic 6	0.0
