topic	weight
topic 0	0.0
topic 1	0.0
topic 2	0.00771357698315
topic 3	0.0130328178018
topic 4	0.0144937023477
topic 5	0.0
topic 6	0.00329914126426
