topic	weight
topic 0	5.64996992053e-05
topic 1	0.00074852490226
topic 2	0.00112779549924
topic 3	0.00173558850273
topic 4	0.000638174355142
topic 5	3.01625881601e-05
topic 6	0.0
