topic	weight
topic 0	0.0
topic 1	0.000339629930617
topic 2	0.000878139938165
topic 3	3.35883501999e-05
topic 4	0.000911548619527
topic 5	0.0
topic 6	0.0
