topic	weight
topic 0	0.0
topic 1	0.0410314242096
topic 2	0.228230178068
topic 3	0.0010859518335
topic 4	0.102668556531
topic 5	0.0486443139831
topic 6	0.170714492228
