topic	weight
topic 0	0.0
topic 1	0.00277284703135
topic 2	0.00472543957503
topic 3	0.00636197831958
topic 4	0.00547474979468
topic 5	0.000389120666128
topic 6	0.0
