topic	weight
topic 0	0.0
topic 1	0.0
topic 2	0.00894402346432
topic 3	0.000332933319056
topic 4	0.0
topic 5	0.0103775145037
topic 6	0.000342166398948
