topic	weight
topic 0	0.0
topic 1	0.0165650967845
topic 2	0.00510428602096
topic 3	0.00852774333428
topic 4	0.0
topic 5	0.000495820392433
topic 6	0.000242006883314
