topic	weight
topic 0	0.00676547432226
topic 1	0.0
topic 2	0.00274473821856
topic 3	0.0
topic 4	0.00232064533612
topic 5	0.00302836528055
topic 6	0.000338856084395
