topic	weight
topic 0	0.0530991546098
topic 1	0.0
topic 2	0.0154978046529
topic 3	0.000972054584719
topic 4	0.00527453427657
topic 5	0.0
topic 6	0.0
