topic	weight
topic 0	0.00106884420903
topic 1	0.0084574349079
topic 2	0.00114201888974
topic 3	0.0021148115968
topic 4	0.00967514419233
topic 5	0.00819340142988
topic 6	0.0
