topic	weight
topic 0	0.0
topic 1	0.028269806952
topic 2	0.0479725296854
topic 3	9.04957745347e-05
topic 4	0.006219744695
topic 5	0.000602633728578
topic 6	0.0
