topic	weight
topic 0	0.00475474627878
topic 1	0.0
topic 2	0.0119041281783
topic 3	0.00104789315153
topic 4	0.00172532284185
topic 5	0.0
topic 6	0.0
