topic	weight
topic 0	0.00261755570107
topic 1	0.0141190193827
topic 2	0.0385696689763
topic 3	0.0625169227264
topic 4	0.016662510958
topic 5	0.0234226778528
topic 6	0.0
