topic	weight
topic 0	0.0
topic 1	0.000356575395795
topic 2	0.00227986151341
topic 3	0.0
topic 4	0.0264795254709
topic 5	8.26175926162e-05
topic 6	0.0
