topic	weight
topic 0	0.000931663702805
topic 1	0.00120634921527
topic 2	0.00261496097948
topic 3	0.00223052478001
topic 4	0.0011570901158
topic 5	0.00716940621499
topic 6	0.0
