topic	weight
topic 0	0.0
topic 1	0.0
topic 2	0.0304654143593
topic 3	0.00361775094278
topic 4	0.00943433528544
topic 5	0.0143904407172
topic 6	0.0
