topic	weight
topic 0	0.0
topic 1	0.00152691144948
topic 2	0.00250715594085
topic 3	0.00857097392891
topic 4	0.000560633599484
topic 5	0.000997913039396
topic 6	0.0
