topic	weight
topic 0	0.000276203371896
topic 1	0.00867581217119
topic 2	0.0197577908583
topic 3	0.0347504318549
topic 4	0.00461784641065
topic 5	0.000255991062893
topic 6	0.0
