topic	weight
topic 0	0.0278146120795
topic 1	0.121725229697
topic 2	0.0339743915734
topic 3	0.0210935442563
topic 4	0.0667607213545
topic 5	0.0846912109475
topic 6	0.0
