topic	weight
topic 0	0.0
topic 1	0.0
topic 2	0.0187163322791
topic 3	0.00774205535375
topic 4	0.00504152135244
topic 5	0.00646843663521
topic 6	0.0
