topic	weight
topic 0	0.0
topic 1	0.0
topic 2	0.0582093197908
topic 3	0.00914749437883
topic 4	0.0946694412638
topic 5	0.0
topic 6	0.00298940135446
