topic	weight
topic 0	0.0
topic 1	0.0
topic 2	0.00344623967607
topic 3	0.0
topic 4	0.000510378011824
topic 5	0.000376353997239
topic 6	0.0
