topic	weight
topic 0	0.00608453634335
topic 1	0.0
topic 2	0.00127227267348
topic 3	0.00011911285264
topic 4	0.000929834836842
topic 5	0.0
topic 6	0.0
