topic	weight
topic 0	0.00894933241939
topic 1	0.00388678840239
topic 2	0.00423415349071
topic 3	0.00420248783204
topic 4	0.00359024837949
topic 5	0.0045787432588
topic 6	0.0
