topic	weight
topic 0	0.000121543521423
topic 1	0.000232659137909
topic 2	0.000742272944193
topic 3	0.00100345126093
topic 4	0.00287192266854
topic 5	0.000159377597618
topic 6	0.0
