topic	weight
topic 0	0.0
topic 1	0.000661071697079
topic 2	0.00034902829259
topic 3	8.50015418436e-07
topic 4	0.00217216420731
topic 5	0.000169540901624
topic 6	0.0
