topic	weight
topic 0	0.0
topic 1	0.00207170348892
topic 2	0.0
topic 3	0.0
topic 4	0.0919946960907
topic 5	0.03532631677
topic 6	0.000687825308739
