topic	weight
topic 0	0.00605781234188
topic 1	0.00775799067027
topic 2	0.0164608862924
topic 3	0.00239463120143
topic 4	0.0113951699371
topic 5	0.0049499879225
topic 6	0.0
