topic	weight
topic 0	0.0
topic 1	0.0198894757719
topic 2	0.0
topic 3	0.0595325869073
topic 4	0.0159855875355
topic 5	0.000574829442357
topic 6	0.0
