topic	weight
topic 0	0.1311500342
topic 1	0.00208434766313
topic 2	0.00419849364437
topic 3	0.00297836557067
topic 4	0.0
topic 5	0.131866148472
topic 6	0.0
