topic	weight
topic 0	0.0
topic 1	0.00458706592749
topic 2	0.00572747914722
topic 3	0.00163816987623
topic 4	0.0100203193674
topic 5	0.0006704141363
topic 6	0.0
