topic	weight
topic 0	0.0
topic 1	0.000782697153787
topic 2	0.00282645551602
topic 3	1.63045312902e-05
topic 4	0.00409913951281
topic 5	0.000389291787724
topic 6	0.0
