topic	weight
topic 0	0.00141416453956
topic 1	0.0091602332665
topic 2	0.0154732734822
topic 3	0.00762903663023
topic 4	0.00155766119746
topic 5	0.00320348102779
topic 6	0.0
