topic	weight
topic 0	0.0
topic 1	0.00814885551735
topic 2	0.00573647002983
topic 3	0.0
topic 4	0.0119212953446
topic 5	0.00437232706873
topic 6	0.0
