topic	weight
topic 0	0.00249231650773
topic 1	0.000412592980688
topic 2	0.000915000172536
topic 3	0.0
topic 4	0.00187174313436
topic 5	0.0
topic 6	0.0
