topic	weight
topic 0	0.000588648037551
topic 1	0.000735515223686
topic 2	4.91699948912e-05
topic 3	8.14455873164e-05
topic 4	0.000713554636895
topic 5	0.00185412127826
topic 6	0.0
