topic	weight
topic 0	0.0
topic 1	0.000555382761363
topic 2	0.0
topic 3	0.0
topic 4	0.0
topic 5	0.0196998526739
topic 6	0.0
