topic	weight
topic 0	0.0
topic 1	0.00945144460393
topic 2	0.0152698796332
topic 3	0.00641680559594
topic 4	0.00770040336943
topic 5	0.00284053382049
topic 6	0.0
