topic	weight
topic 0	0.0
topic 1	0.000702263243916
topic 2	0.0610100931773
topic 3	0.0085157733311
topic 4	0.00293815468767
topic 5	0.00417453331585
topic 6	0.00101283078587
