topic	weight
topic 0	0.00517474628419
topic 1	0.00762956935475
topic 2	0.0114151467451
topic 3	0.00572794417124
topic 4	0.00806167166347
topic 5	0.0
topic 6	0.0
