topic	weight
topic 0	0.00242871280873
topic 1	0.0
topic 2	0.0
topic 3	0.000614866312789
topic 4	3.28213283978e-05
topic 5	0.0103057142415
topic 6	0.0
