topic	weight
topic 0	0.00697606735668
topic 1	0.00545863154488
topic 2	0.00791614299244
topic 3	0.00255123545663
topic 4	0.00563108698242
topic 5	0.00222376491972
topic 6	0.0
