topic	weight
topic 0	0.000886775740244
topic 1	0.00126122151021
topic 2	0.00738573599069
topic 3	0.00171830154736
topic 4	0.0063634684365
topic 5	0.000514853311696
topic 6	0.0
