topic	weight
topic 0	0.0
topic 1	0.0139110396684
topic 2	0.0
topic 3	0.0
topic 4	0.00330615116885
topic 5	0.0148328839001
topic 6	0.0
