topic	weight
topic 0	0.0
topic 1	3.19752110394e-06
topic 2	0.000133695557481
topic 3	0.0376501892303
topic 4	0.0
topic 5	0.000238133068251
topic 6	0.0
