topic	weight
topic 0	0.0
topic 1	0.0026029657992
topic 2	0.00626070465822
topic 3	0.0
topic 4	0.00833972141051
topic 5	0.00244843286578
topic 6	0.0
