topic	weight
topic 0	0.0278113347406
topic 1	0.0
topic 2	0.000969515534093
topic 3	3.0579191974e-05
topic 4	0.00102935249633
topic 5	0.0
topic 6	2.07518119202e-05
