topic	weight
topic 0	0.0
topic 1	0.0157571930596
topic 2	0.0054866896725
topic 3	9.56045419159e-05
topic 4	0.00300933241789
topic 5	0.000770660818897
topic 6	0.000299404116937
