topic	weight
topic 0	0.000283729075508
topic 1	0.000351304890273
topic 2	0.00170837545999
topic 3	0.000682435199854
topic 4	0.00108346912337
topic 5	9.74860295671e-05
topic 6	0.000276873785479
