topic	weight
topic 0	0.0
topic 1	0.00128675458784
topic 2	0.00164848968374
topic 3	0.0184716758392
topic 4	0.00361405468666
topic 5	0.000700317597155
topic 6	0.0
