topic	weight
topic 0	0.0
topic 1	0.000223663885123
topic 2	0.000132230815756
topic 3	3.68428059458e-05
topic 4	0.000316855887495
topic 5	6.82878772286e-05
topic 6	0.0
