topic	weight
topic 0	0.00503414795348
topic 1	0.0
topic 2	0.0472666200926
topic 3	0.00644467292679
topic 4	0.0111216222414
topic 5	0.0
topic 6	0.00660656185569
