topic	weight
topic 0	0.0118911964331
topic 1	0.0
topic 2	0.0
topic 3	0.0
topic 4	0.000153872312376
topic 5	0.0
topic 6	3.38126200618e-05
