topic	weight
topic 0	0.0
topic 1	0.00110276867678
topic 2	0.00702575324504
topic 3	0.100926939082
topic 4	0.00164017340459
topic 5	0.00664046828271
topic 6	0.0
