topic	weight
topic 0	0.0
topic 1	0.00132137464645
topic 2	0.185358141387
topic 3	0.0
topic 4	0.0075461688423
topic 5	0.0
topic 6	0.0
