topic	weight
topic 0	0.0
topic 1	0.016073656058
topic 2	0.00775341388747
topic 3	0.00745869555285
topic 4	0.00820123712031
topic 5	0.0252311616054
topic 6	0.0
