topic	weight
topic 0	0.000723361938798
topic 1	0.00129666493207
topic 2	0.00162971915581
topic 3	0.00352630107481
topic 4	0.00271331983431
topic 5	0.00993797510518
topic 6	0.0
