topic	weight
topic 0	0.0
topic 1	0.000184133268772
topic 2	0.000765606155239
topic 3	0.000692942364777
topic 4	0.00536660300338
topic 5	0.000206589131487
topic 6	0.0
