topic	weight
topic 0	0.00271253931092
topic 1	0.016609403609
topic 2	0.0124048767906
topic 3	0.0029076477486
topic 4	0.124947257172
topic 5	0.00186638582101
topic 6	0.0
