topic	weight
topic 0	0.0
topic 1	0.11862886373
topic 2	0.0090140057464
topic 3	0.0
topic 4	0.053875424648
topic 5	0.0238377416207
topic 6	0.00793828193721
