topic	weight
topic 0	0.000342540200222
topic 1	0.0185169060707
topic 2	0.00684362803382
topic 3	0.00184666331142
topic 4	0.00467796683917
topic 5	0.00383565309715
topic 6	0.000127833492749
