topic	weight
topic 0	0.0
topic 1	0.00172271070562
topic 2	0.0081066882081
topic 3	0.00149982159106
topic 4	0.00514111862668
topic 5	0.00210716616647
topic 6	0.0
