topic	weight
topic 0	0.00908465820038
topic 1	0.0
topic 2	0.00236970317481
topic 3	0.000128615217007
topic 4	0.0108759123925
topic 5	0.0388571914555
topic 6	0.00257223552993
