topic	weight
topic 0	0.0
topic 1	0.00164070290839
topic 2	0.0
topic 3	0.0286889022525
topic 4	0.00130972337531
topic 5	0.0
topic 6	0.000113014891673
