topic	weight
topic 0	0.00349266023799
topic 1	0.020965663474
topic 2	0.00736851751496
topic 3	0.00258958650735
topic 4	0.00105770706637
topic 5	0.00375579753379
topic 6	0.0
