topic	weight
topic 0	0.0
topic 1	0.00378407809979
topic 2	0.00407510478161
topic 3	0.0110612138037
topic 4	0.00364143314683
topic 5	0.00504470286943
topic 6	0.0
