topic	weight
topic 0	0.0
topic 1	0.00112208116617
topic 2	0.00314464561816
topic 3	0.0
topic 4	0.113248280105
topic 5	0.00869315348017
topic 6	0.0
