topic	weight
topic 0	0.00110508488379
topic 1	0.0189646402405
topic 2	0.0122776069542
topic 3	0.00171668911908
topic 4	0.0247178982914
topic 5	0.00901745013248
topic 6	0.00297429318815
