topic	weight
topic 0	0.0
topic 1	0.00118556781749
topic 2	0.00331179600282
topic 3	0.000716926127155
topic 4	0.000231720593241
topic 5	0.000181354894358
topic 6	0.0
