topic	weight
topic 0	0.0
topic 1	0.00245022619688
topic 2	0.00639789877039
topic 3	0.00237336025215
topic 4	0.00267556605868
topic 5	0.00332406046256
topic 6	0.00086709180227
