topic	weight
topic 0	0.000542317654765
topic 1	0.00212677656051
topic 2	0.0046933199407
topic 3	0.00819274242227
topic 4	7.72548456924e-05
topic 5	0.000448303520609
topic 6	0.0
