topic	weight
topic 0	0.000268048042323
topic 1	0.00233716289288
topic 2	0.00242845002463
topic 3	0.00329690442478
topic 4	0.00146143044277
topic 5	0.0014383034123
topic 6	0.0
