topic	weight
topic 0	0.0
topic 1	0.00043696789793
topic 2	0.00123043562185
topic 3	0.000443787939525
topic 4	0.00148133778344
topic 5	0.00616094421619
topic 6	0.0
