topic	weight
topic 0	0.0
topic 1	0.00932823118128
topic 2	0.0
topic 3	0.0
topic 4	0.00730982757306
topic 5	0.121740039612
topic 6	0.00043934907324
