topic	weight
topic 0	0.0
topic 1	0.00591980229234
topic 2	0.141554256153
topic 3	0.0
topic 4	0.0
topic 5	0.0
topic 6	0.0
