topic	weight
topic 0	0.0
topic 1	0.0
topic 2	0.0007025468295
topic 3	0.0117138567425
topic 4	0.00322965424345
topic 5	0.0
topic 6	2.04913437758e-05
