topic	weight
topic 0	0.00196067546526
topic 1	0.0
topic 2	0.0190780354679
topic 3	0.00183626596022
topic 4	0.00972608938629
topic 5	0.0
topic 6	0.0
