topic	weight
topic 0	0.0
topic 1	0.0156774009276
topic 2	0.00284741242786
topic 3	0.00115239644719
topic 4	0.00534369463328
topic 5	0.0042464257665
topic 6	0.000346855340384
