topic	weight
topic 0	0.0
topic 1	4.55789731584e-05
topic 2	0.000215155027894
topic 3	0.0
topic 4	0.0118929624105
topic 5	0.00422284517256
topic 6	0.0
