topic	weight
topic 0	0.0
topic 1	0.0256273133602
topic 2	0.00153363151628
topic 3	0.0015193808682
topic 4	0.0
topic 5	0.000490229538937
topic 6	0.000817737319552
