topic	weight
topic 0	0.0049910629485
topic 1	0.000360558307751
topic 2	0.00798293415425
topic 3	0.00642753600067
topic 4	0.0215030255979
topic 5	0.0
topic 6	0.0015085661732
