topic	weight
topic 0	0.0
topic 1	0.000580747407661
topic 2	0.0071355876605
topic 3	0.00563075621946
topic 4	0.0110620646409
topic 5	0.000881051544805
topic 6	0.00125149890745
