topic	weight
topic 0	0.00961238679368
topic 1	0.0
topic 2	0.0
topic 3	0.000598062605324
topic 4	0.000894391149375
topic 5	0.02651587628
topic 6	0.00026651250732
