topic	weight
topic 0	0.0
topic 1	0.0188784928022
topic 2	0.00435106575459
topic 3	0.000477759533301
topic 4	0.0
topic 5	0.000144592902137
topic 6	0.000587922267558
