topic	weight
topic 0	0.00715427769973
topic 1	0.00598895734398
topic 2	0.0227861865989
topic 3	0.00691584052106
topic 4	0.0110234864268
topic 5	0.00576886760391
topic 6	0.0
