topic	weight
topic 0	0.000578400346028
topic 1	0.00183179858597
topic 2	0.00432339698374
topic 3	0.155321046046
topic 4	0.000365903963463
topic 5	0.00233794780868
topic 6	0.0
