topic	weight
topic 0	0.104026832756
topic 1	0.0115061027051
topic 2	0.117514158136
topic 3	0.00312659949927
topic 4	0.0596224391247
topic 5	0.0
topic 6	0.0
