topic	weight
topic 0	0.0
topic 1	0.00433995146838
topic 2	0.0194544187355
topic 3	0.00134308955675
topic 4	0.0115569186538
topic 5	0.000425996235815
topic 6	0.0
