topic	weight
topic 0	0.0012035908663
topic 1	0.0096818420067
topic 2	0.0121895580449
topic 3	0.0506855210484
topic 4	0.00287758381543
topic 5	0.00215690000195
topic 6	0.0
