topic	weight
topic 0	0.0
topic 1	0.0
topic 2	0.0240307759436
topic 3	0.0
topic 4	0.00503521373154
topic 5	0.00589829392002
topic 6	0.0
