topic	weight
topic 0	0.0
topic 1	0.000643674740663
topic 2	0.00233718419924
topic 3	0.0
topic 4	0.00326351533104
topic 5	0.00053808027055
topic 6	0.0
