topic	weight
topic 0	0.00184604060448
topic 1	0.0
topic 2	0.0
topic 3	0.0
topic 4	0.17133545002
topic 5	0.0
topic 6	0.00133720692199
