topic	weight
topic 0	0.0
topic 1	0.0
topic 2	0.0
topic 3	7.66144427064e-05
topic 4	0.00703766946248
topic 5	0.0204929448961
topic 6	0.0
