topic	weight
topic 0	0.000511892742413
topic 1	0.00344406140352
topic 2	0.00458661317659
topic 3	0.0105441068939
topic 4	0.0
topic 5	0.0015963801224
topic 6	0.00335128826151
