topic	weight
topic 0	0.0
topic 1	0.00468099938248
topic 2	0.00761940619293
topic 3	0.000383025355528
topic 4	0.00742596227624
topic 5	0.0037807663823
topic 6	0.0100768004372
