topic	weight
topic 0	0.0
topic 1	0.00147020134429
topic 2	0.00391461300496
topic 3	8.38577813144e-05
topic 4	0.000615956169468
topic 5	0.00106028989098
topic 6	0.0
