topic	weight
topic 0	0.0186119152633
topic 1	0.0
topic 2	0.018362787101
topic 3	0.0
topic 4	0.00189713218958
topic 5	0.0
topic 6	0.000334940078447
