topic	weight
topic 0	0.0
topic 1	0.00463083481049
topic 2	0.00407848985511
topic 3	0.00527283122515
topic 4	0.0124251949405
topic 5	0.000720014923474
topic 6	0.0
