topic	weight
topic 0	0.0364132605089
topic 1	0.0
topic 2	0.000509549616039
topic 3	0.0
topic 4	0.000920288316904
topic 5	0.0
topic 6	4.02188447806e-05
