topic	weight
topic 0	0.000807738780319
topic 1	0.00782018535134
topic 2	0.00331655633228
topic 3	0.00315931970722
topic 4	0.00620856413575
topic 5	0.00722639442488
topic 6	0.0
