topic	weight
topic 0	0.000288806626295
topic 1	0.000363416105102
topic 2	0.00100291292056
topic 3	0.000151733665493
topic 4	0.000301437839205
topic 5	0.00155760895923
topic 6	5.73930670358e-05
