topic	weight
topic 0	0.00115606913797
topic 1	0.00428010761569
topic 2	0.0113824531247
topic 3	0.00542635757137
topic 4	0.00596610166979
topic 5	0.00842912835947
topic 6	0.0
