topic	weight
topic 0	0.0
topic 1	0.00724951977512
topic 2	0.00470802953258
topic 3	0.00411353312698
topic 4	0.00709446002222
topic 5	0.0
topic 6	0.0
