topic	weight
topic 0	0.00622835062188
topic 1	8.02313728403e-05
topic 2	0.00783276650203
topic 3	0.000716751261095
topic 4	0.00445472115186
topic 5	0.0
topic 6	0.0
