topic	weight
topic 0	0.00653706289725
topic 1	0.0285090781521
topic 2	0.0228773459704
topic 3	0.0138459258944
topic 4	0.00517588636148
topic 5	0.0
topic 6	0.0
