topic	weight
topic 0	0.0111769440072
topic 1	0.0
topic 2	0.0
topic 3	0.000701472891454
topic 4	0.00107010765454
topic 5	0.0313466364283
topic 6	0.000283496822839
