topic	weight
topic 0	0.0
topic 1	0.0
topic 2	1.07700421845e-05
topic 3	0.0
topic 4	0.000285519954861
topic 5	0.0
topic 6	0.0
