topic	weight
topic 0	0.0
topic 1	0.00371234592667
topic 2	0.00459971417928
topic 3	0.00073932631195
topic 4	0.00379188696159
topic 5	0.0
topic 6	0.0
