topic	weight
topic 0	2.52179628103e-05
topic 1	0.000188060723449
topic 2	0.000279066636938
topic 3	0.00125937522145
topic 4	1.67476617142e-05
topic 5	0.000118447764521
topic 6	0.0
