topic	weight
topic 0	0.00404190239576
topic 1	0.00865462305812
topic 2	0.0206103008059
topic 3	0.0030391621021
topic 4	0.0909719705125
topic 5	0.00826250836415
topic 6	0.0
