topic	weight
topic 0	0.000455042924584
topic 1	0.0
topic 2	0.0065906467214
topic 3	0.00186460856259
topic 4	0.000551009734036
topic 5	0.250974110338
topic 6	0.0
