topic	weight
topic 0	0.0
topic 1	0.00221407962084
topic 2	0.00269695813775
topic 3	0.00191116566395
topic 4	0.00117967745912
topic 5	0.00324607728602
topic 6	2.13844700834e-05
