topic	weight
topic 0	0.0
topic 1	0.0
topic 2	0.00229343445418
topic 3	0.0263549053618
topic 4	0.0
topic 5	0.000108577018042
topic 6	1.90340649253e-05
