topic	weight
topic 0	0.0
topic 1	0.00216328304716
topic 2	0.00135737847594
topic 3	0.00362245521637
topic 4	0.00528256305497
topic 5	0.00486344324307
topic 6	0.0
