topic	weight
topic 0	0.000761252541542
topic 1	0.00630731951266
topic 2	0.00459877659736
topic 3	0.0127828716415
topic 4	0.000891756475996
topic 5	0.00163098428905
topic 6	0.0
