topic	weight
topic 0	3.90468549731e-05
topic 1	0.00301501437246
topic 2	0.000592641933596
topic 3	0.0015728366648
topic 4	0.00275240619697
topic 5	0.00281605376721
topic 6	0.0
