topic	weight
topic 0	0.0
topic 1	0.00603667791141
topic 2	0.00970620770347
topic 3	0.000138512656517
topic 4	0.0139192518298
topic 5	0.0
topic 6	0.00195911527208
