topic	weight
topic 0	0.0
topic 1	0.0133494016327
topic 2	0.0456506132556
topic 3	0.00108517222648
topic 4	0.00436058297735
topic 5	0.00700297651697
topic 6	0.0
