topic	weight
topic 0	0.0111637512617
topic 1	0.0
topic 2	0.0
topic 3	0.0242740564468
topic 4	0.0
topic 5	0.0
topic 6	0.0
