topic	weight
topic 0	0.0
topic 1	0.000538236045097
topic 2	0.0
topic 3	0.0
topic 4	0.547466882771
topic 5	0.0
topic 6	0.034123225031
