topic	weight
topic 0	0.0
topic 1	0.00132004015069
topic 2	8.78061846958e-05
topic 3	0.00811177016193
topic 4	0.00156908927737
topic 5	0.00611695339487
topic 6	0.0
