topic	weight
topic 0	0.0
topic 1	0.00275733552784
topic 2	0.0447037655446
topic 3	0.000146507586489
topic 4	0.000680699692837
topic 5	0.00951233411543
topic 6	0.0161474724174
