topic	weight
topic 0	0.000214060380761
topic 1	0.000200018993594
topic 2	0.00361628272815
topic 3	0.00131799664804
topic 4	0.00198187632433
topic 5	0.00150149768711
topic 6	0.0
