topic	weight
topic 0	0.0120692805429
topic 1	0.0
topic 2	0.00262987919983
topic 3	0.00963101443003
topic 4	0.00274918628926
topic 5	0.0
topic 6	0.00063441028634
