topic	weight
topic 0	0.00107827996969
topic 1	0.00265026257073
topic 2	0.00165540873411
topic 3	0.0292527388536
topic 4	0.000379073929678
topic 5	0.000816689026568
topic 6	1.22157684407e-05
