topic	weight
topic 0	0.0
topic 1	0.010323805603
topic 2	0.000587655638475
topic 3	0.00494792511717
topic 4	0.0
topic 5	0.0
topic 6	0.0
