topic	weight
topic 0	0.0134828878506
topic 1	0.00941270362309
topic 2	0.0388087342939
topic 3	0.0011145069914
topic 4	0.00876381282682
topic 5	0.0142039943842
topic 6	0.0246295104257
