topic	weight
topic 0	0.000239074764339
topic 1	0.00547697727219
topic 2	0.00055067471454
topic 3	0.0
topic 4	0.00243015256443
topic 5	0.0035066167774
topic 6	0.005371914407
