topic	weight
topic 0	0.0
topic 1	0.00912712293131
topic 2	0.0
topic 3	0.0
topic 4	0.014425436414
topic 5	0.0021591875468
topic 6	0.000566345902897
