topic	weight
topic 0	0.0
topic 1	0.000117659722007
topic 2	0.0012552688082
topic 3	0.000619357362858
topic 4	0.000561066976092
topic 5	0.000155710192561
topic 6	0.0
