topic	weight
topic 0	0.0578464293941
topic 1	0.0
topic 2	0.0
topic 3	0.0
topic 4	0.0
topic 5	0.0879782178436
topic 6	0.0
