topic	weight
topic 0	0.0
topic 1	0.000385902801322
topic 2	0.004670384178
topic 3	0.00309261713614
topic 4	0.00097494272509
topic 5	0.000565624138034
topic 6	3.59562042765e-05
