topic	weight
topic 0	0.00451312870085
topic 1	0.00380290780137
topic 2	0.0022743257342
topic 3	0.000843601615043
topic 4	0.0114875668485
topic 5	0.0015288276708
topic 6	0.00422939806756
