topic	weight
topic 0	0.00379867187635
topic 1	0.000169230091304
topic 2	0.0
topic 3	0.000158028799669
topic 4	0.00019853065893
topic 5	0.00223251710849
topic 6	2.84781426541e-05
