topic	weight
topic 0	0.000700120699756
topic 1	0.000262095927663
topic 2	0.000773648097013
topic 3	0.0016912643985
topic 4	0.00119078156103
topic 5	0.000288525052148
topic 6	0.0
