topic	weight
topic 0	0.0
topic 1	0.00024606718125
topic 2	0.00198989577093
topic 3	0.000217665285282
topic 4	0.00530777446564
topic 5	0.00418023816819
topic 6	0.0
