topic	weight
topic 0	0.0
topic 1	0.0148413621977
topic 2	3.07137495741e-05
topic 3	0.0
topic 4	0.00257902333463
topic 5	0.01011784648
topic 6	0.0
