topic	weight
topic 0	0.0
topic 1	0.00584346405113
topic 2	0.0102336181029
topic 3	7.75634167378e-05
topic 4	0.0112370167049
topic 5	0.00239333454976
topic 6	0.0
