topic	weight
topic 0	0.0
topic 1	0.00739521713156
topic 2	0.000451288988651
topic 3	0.000271167290918
topic 4	0.0042142172203
topic 5	0.00167865743085
topic 6	0.0
