topic	weight
topic 0	0.116707768721
topic 1	0.00370175301577
topic 2	0.000970243115596
topic 3	0.00324177233609
topic 4	0.000346701085161
topic 5	0.0
topic 6	0.0
