topic	weight
topic 0	0.00234734418904
topic 1	0.00374807849158
topic 2	0.00388273670127
topic 3	0.00166859711432
topic 4	0.0115996028198
topic 5	0.0
topic 6	0.0
