topic	weight
topic 0	0.00790368537597
topic 1	0.00701380473651
topic 2	0.0179336112324
topic 3	0.00329346048909
topic 4	0.00761239133959
topic 5	0.0
topic 6	0.0
