topic	weight
topic 0	0.0
topic 1	0.0158359090523
topic 2	0.00643914779856
topic 3	0.00271962718143
topic 4	0.000316638253718
topic 5	0.00295501606022
topic 6	0.000616304141537
