topic	weight
topic 0	0.0
topic 1	0.000594976508792
topic 2	0.00105341419762
topic 3	0.141023222759
topic 4	0.104280110709
topic 5	0.0
topic 6	0.0
