topic	weight
topic 0	0.0
topic 1	0.00124759260827
topic 2	0.0118563931645
topic 3	0.00243165622862
topic 4	0.00232883058348
topic 5	0.00498413254166
topic 6	0.000953054680005
