topic	weight
topic 0	0.00311431574857
topic 1	0.00145860160108
topic 2	0.0143957003077
topic 3	0.0
topic 4	0.00196641082975
topic 5	0.00928874603422
topic 6	0.0
