topic	weight
topic 0	0.0103840893561
topic 1	1.98849707925e-05
topic 2	0.00446069846655
topic 3	0.000564758923676
topic 4	0.00314731336747
topic 5	0.000194868818214
topic 6	0.0
