topic	weight
topic 0	0.0
topic 1	0.0
topic 2	0.00119897572503
topic 3	0.000464676676108
topic 4	0.00160403295177
topic 5	0.0
topic 6	0.00316023505845
