topic	weight
topic 0	0.00646107231899
topic 1	0.00207979731218
topic 2	0.00340227373607
topic 3	0.00199877958662
topic 4	0.00244492319601
topic 5	0.000980175997645
topic 6	0.0013596424894
