topic	weight
topic 0	0.000967759130999
topic 1	0.0170928755645
topic 2	0.00146792085415
topic 3	0.0025061067101
topic 4	0.014178124063
topic 5	0.0128094508408
topic 6	0.0
