topic	weight
topic 0	0.0
topic 1	0.0050900364652
topic 2	0.00170128426224
topic 3	0.00337463312268
topic 4	0.00387178605028
topic 5	0.0404904807612
topic 6	0.0
