topic	weight
topic 0	0.0
topic 1	0.00919181396036
topic 2	0.0117884434854
topic 3	0.0
topic 4	0.0160974016314
topic 5	0.0
topic 6	0.00189408874379
