topic	weight
topic 0	0.00297913976126
topic 1	0.0072478347697
topic 2	0.00599831737645
topic 3	0.00106464788144
topic 4	0.0147458059276
topic 5	0.0
topic 6	0.0
