topic	weight
topic 0	0.0011551659023
topic 1	0.00557058467051
topic 2	0.0
topic 3	0.199695197985
topic 4	0.0
topic 5	0.00478776093646
topic 6	0.0
