topic	weight
topic 0	0.000269318830152
topic 1	0.00520250359847
topic 2	0.000210984694146
topic 3	0.0
topic 4	0.132111960201
topic 5	0.00431116157139
topic 6	0.0
