topic	weight
topic 0	0.010281907464
topic 1	0.00347266038806
topic 2	0.00562605192418
topic 3	0.00531760967745
topic 4	0.00171670155387
topic 5	0.0
topic 6	0.000312267962654
