topic	weight
topic 0	0.000258675671689
topic 1	0.00136364177338
topic 2	0.0101458922175
topic 3	0.00102248501064
topic 4	0.0038643235196
topic 5	0.00068716701678
topic 6	0.0
