topic	weight
topic 0	0.00373459311396
topic 1	0.00718775351191
topic 2	0.00779938430107
topic 3	0.00618663309346
topic 4	0.0031456283344
topic 5	0.0236425744232
topic 6	0.0
