topic	weight
topic 0	0.0
topic 1	0.0
topic 2	0.000182639296088
topic 3	0.0172496382477
topic 4	0.0
topic 5	0.0
topic 6	0.00070657305992
