topic	weight
topic 0	0.0
topic 1	0.0270357251561
topic 2	0.000953609745817
topic 3	0.0
topic 4	0.0
topic 5	0.000279135151903
topic 6	0.00062859618312
