topic	weight
topic 0	2.85575715829e-05
topic 1	0.000718629401321
topic 2	0.00169417588524
topic 3	0.000380218850465
topic 4	0.000267781136305
topic 5	0.00131763448916
topic 6	0.000259022659879
