topic	weight
topic 0	4.20872379326e-06
topic 1	0.0
topic 2	0.00229184950392
topic 3	0.00293368154807
topic 4	0.0
topic 5	0.0
topic 6	0.0
