topic	weight
topic 0	0.0
topic 1	0.00244147612733
topic 2	0.00199333750065
topic 3	0.00592977004127
topic 4	0.0
topic 5	0.0154507114761
topic 6	0.0
