topic	weight
topic 0	0.00591213134863
topic 1	0.00140154445243
topic 2	0.00357376008032
topic 3	0.0
topic 4	0.00573646703594
topic 5	0.000477965258004
topic 6	0.0
