topic	weight
topic 0	0.000599172377579
topic 1	0.0106918068849
topic 2	0.00882424605491
topic 3	0.00472608566226
topic 4	0.0106109500914
topic 5	0.00664677699578
topic 6	0.0
