topic	weight
topic 0	0.0
topic 1	0.000986837959323
topic 2	0.00358310806734
topic 3	0.000488133132778
topic 4	0.000735023869732
topic 5	0.0106938191316
topic 6	0.0
