topic	weight
topic 0	0.135541324032
topic 1	0.00602155093159
topic 2	0.0
topic 3	0.00345147620245
topic 4	0.00521131769332
topic 5	0.0
topic 6	0.0
