topic	weight
topic 0	0.0
topic 1	0.00323579823519
topic 2	0.00289505703099
topic 3	0.118907385864
topic 4	0.00302153366748
topic 5	0.00391008048143
topic 6	0.0
