topic	weight
topic 0	0.0
topic 1	0.00256785400685
topic 2	0.00723603599384
topic 3	5.71746472863e-05
topic 4	0.0118446702806
topic 5	0.00155401340608
topic 6	0.0
