topic	weight
topic 0	0.00233128731217
topic 1	0.0
topic 2	6.16571567556e-05
topic 3	4.81738465592e-05
topic 4	7.99136144706e-06
topic 5	0.0
topic 6	2.05940341202e-05
