topic	weight
topic 0	0.0
topic 1	0.00533781249612
topic 2	0.00967172895916
topic 3	0.00315438398373
topic 4	0.0102875771243
topic 5	0.00135593327877
topic 6	0.0
