topic	weight
topic 0	0.00197737505873
topic 1	0.000793192679752
topic 2	0.00976928177614
topic 3	0.000340037999803
topic 4	0.00199044392488
topic 5	0.000904391185313
topic 6	0.0
