topic	weight
topic 0	0.0
topic 1	0.00259249721085
topic 2	0.00278540731753
topic 3	0.0
topic 4	0.0
topic 5	0.0
topic 6	0.0
