topic	weight
topic 0	0.000193076436041
topic 1	0.000155835384093
topic 2	0.00122369251728
topic 3	0.000243817373406
topic 4	0.000593435401075
topic 5	0.0
topic 6	0.0
