topic	weight
topic 0	0.0016242274948
topic 1	0.0134603614557
topic 2	0.0030422217244
topic 3	0.00576269331869
topic 4	0.0144466534045
topic 5	0.0104054401754
topic 6	0.0
