topic	weight
topic 0	0.0
topic 1	0.000149868743486
topic 2	0.0
topic 3	0.0
topic 4	0.108969330479
topic 5	0.0
topic 6	0.0
