topic	weight
topic 0	0.0
topic 1	0.0020566702805
topic 2	0.000457515306113
topic 3	0.0
topic 4	0.0
topic 5	0.000787760771174
topic 6	0.0
