topic	weight
topic 0	0.0
topic 1	0.000597771858771
topic 2	0.00150715411744
topic 3	0.00280700322856
topic 4	0.00415887643287
topic 5	0.00640170074417
topic 6	0.00209420003971
