topic	weight
topic 0	0.00548332113593
topic 1	0.0
topic 2	0.00426309569375
topic 3	0.0549884708462
topic 4	0.0156978900869
topic 5	0.0
topic 6	0.0
