topic	weight
topic 0	0.0
topic 1	0.0029300870234
topic 2	0.0028938721507
topic 3	0.00284513317825
topic 4	0.0
topic 5	0.0154913139464
topic 6	0.00395765495397
