topic	weight
topic 0	0.0
topic 1	0.0
topic 2	0.0
topic 3	0.022889013632
topic 4	0.0
topic 5	0.00345538286575
topic 6	0.0
