topic	weight
topic 0	0.0
topic 1	0.00701002981921
topic 2	0.000527954186009
topic 3	0.0219541429897
topic 4	0.0140353207108
topic 5	0.00332230187785
topic 6	0.000635736617678
