topic	weight
topic 0	0.0
topic 1	0.0145067459966
topic 2	0.0198367477655
topic 3	0.0151172581588
topic 4	0.00225296796897
topic 5	0.0318207660584
topic 6	0.0
