topic	weight
topic 0	0.000655088351172
topic 1	0.000522177096981
topic 2	0.00117458430207
topic 3	0.00175224975054
topic 4	0.00061777926894
topic 5	0.000382061371244
topic 6	0.0
