topic	weight
topic 0	0.0
topic 1	0.00230100306605
topic 2	0.0208328132456
topic 3	0.000717268153499
topic 4	0.00502328346752
topic 5	0.00517455126047
topic 6	0.0
