topic	weight
topic 0	0.00054966440385
topic 1	0.011656390019
topic 2	0.000875948510245
topic 3	0.00210141386441
topic 4	0.00628108921856
topic 5	0.00713750254164
topic 6	0.00284828428789
