topic	weight
topic 0	0.0
topic 1	0.0
topic 2	0.0
topic 3	0.013218153979
topic 4	0.122342392318
topic 5	0.00475138310113
topic 6	0.0
