topic	weight
topic 0	0.0
topic 1	0.0
topic 2	0.000167201971147
topic 3	0.0278190346989
topic 4	0.000984296721489
topic 5	0.0
topic 6	0.000128628742926
