topic	weight
topic 0	0.000840021341312
topic 1	0.000131586611047
topic 2	0.00159666140875
topic 3	0.000809861140013
topic 4	9.71133604751e-05
topic 5	0.00317886985407
topic 6	0.0
