topic	weight
topic 0	0.0
topic 1	0.000583817134722
topic 2	0.0
topic 3	0.0
topic 4	0.107414265101
topic 5	0.0
topic 6	0.0
