topic	weight
topic 0	0.0
topic 1	0.0
topic 2	0.012572524581
topic 3	0.00094477565506
topic 4	0.00341868441749
topic 5	0.0
topic 6	0.0
