topic	weight
topic 0	0.00328916828681
topic 1	0.000312982364068
topic 2	0.0036278540932
topic 3	0.011250746669
topic 4	0.00187607372188
topic 5	0.00559311258832
topic 6	0.0
