topic	weight
topic 0	0.00746545723805
topic 1	0.00921389660135
topic 2	0.0226054736558
topic 3	0.00564469056516
topic 4	0.00818441137461
topic 5	0.00162782482566
topic 6	0.0
