topic	weight
topic 0	0.0
topic 1	0.00452910190657
topic 2	0.0371770281758
topic 3	0.0185734351856
topic 4	0.0
topic 5	0.0
topic 6	0.0157652477751
