topic	weight
topic 0	0.00036724965909
topic 1	0.00671776424755
topic 2	0.00132712071605
topic 3	0.00190692395928
topic 4	0.00134526615983
topic 5	0.00117155908996
topic 6	0.0
