topic	weight
topic 0	0.0141447632445
topic 1	0.0
topic 2	0.0
topic 3	0.0
topic 4	0.0412270010554
topic 5	0.0
topic 6	0.00241955712656
