topic	weight
topic 0	0.0
topic 1	0.00773747987595
topic 2	0.0162526406061
topic 3	0.0131051858411
topic 4	0.00263385948327
topic 5	0.0146027850303
topic 6	0.0
