topic	weight
topic 0	0.0
topic 1	0.00350695978955
topic 2	0.0178644650489
topic 3	0.00967080759331
topic 4	0.00220698133237
topic 5	0.0124005516729
topic 6	0.000297051105869
