topic	weight
topic 0	0.0
topic 1	0.00711949136056
topic 2	0.0
topic 3	0.000242036951812
topic 4	0.0082013976461
topic 5	0.0
topic 6	0.0
