topic	weight
topic 0	0.0
topic 1	7.20215931114e-06
topic 2	4.10790876381e-05
topic 3	0.000113055793549
topic 4	0.00106653111931
topic 5	1.49223060994e-05
topic 6	0.0
