topic	weight
topic 0	0.00167026249208
topic 1	0.0143933858607
topic 2	0.00444457285407
topic 3	0.0
topic 4	0.0
topic 5	0.00216129374894
topic 6	0.0
