topic	weight
topic 0	0.0
topic 1	0.0
topic 2	0.000315927584328
topic 3	0.0
topic 4	3.87099467673e-05
topic 5	4.68468801285e-05
topic 6	0.0
