topic	weight
topic 0	0.0
topic 1	0.0
topic 2	0.0112303501727
topic 3	0.0024432207937
topic 4	0.00192913087906
topic 5	0.0
topic 6	0.0
