topic	weight
topic 0	0.0222592107721
topic 1	0.0
topic 2	0.00098716618081
topic 3	4.12241688641e-05
topic 4	0.000965467019909
topic 5	0.0
topic 6	0.0
