topic	weight
topic 0	0.00173784797142
topic 1	0.0
topic 2	0.0
topic 3	0.0
topic 4	0.13831823687
topic 5	0.000671501624873
topic 6	0.00066952277607
