topic	weight
topic 0	0.0
topic 1	0.00815505364644
topic 2	0.000471503646668
topic 3	0.00252266770868
topic 4	0.00133308804099
topic 5	0.00520771135676
topic 6	0.0
