topic	weight
topic 0	0.00150349914856
topic 1	0.00131859268954
topic 2	0.00743778482685
topic 3	0.000460885461681
topic 4	0.00878239136863
topic 5	0.000940147439464
topic 6	7.05936130452e-05
