topic	weight
topic 0	0.000962594221744
topic 1	0.0
topic 2	9.57638999673e-06
topic 3	0.00038680460563
topic 4	0.0195476567943
topic 5	0.0
topic 6	0.0
