topic	weight
topic 0	0.00733336642698
topic 1	0.0066675922144
topic 2	0.0181148261181
topic 3	0.00292633848994
topic 4	0.00719055475667
topic 5	0.0
topic 6	0.0
