topic	weight
topic 0	0.0
topic 1	0.000283514222206
topic 2	0.00359365710546
topic 3	0.00698371939223
topic 4	0.00393520728536
topic 5	0.00438302710172
topic 6	0.000150119952393
