topic	weight
topic 0	0.000548882841794
topic 1	0.000699911855432
topic 2	0.000145908037058
topic 3	0.00136662237029
topic 4	0.000600880943829
topic 5	0.00166043686787
topic 6	0.0
