topic	weight
topic 0	0.00463921324115
topic 1	0.0079194688714
topic 2	0.0107553892726
topic 3	0.00249617946711
topic 4	0.0166965274739
topic 5	0.00771043144389
topic 6	0.00307417455909
