topic	weight
topic 0	0.00588203750772
topic 1	0.0
topic 2	0.00181221442594
topic 3	0.0
topic 4	0.176301209845
topic 5	9.81361473678e-05
topic 6	0.0
