topic	weight
topic 0	0.0
topic 1	0.0
topic 2	0.0301370877374
topic 3	0.00182321137759
topic 4	0.00775987688475
topic 5	0.00836942020391
topic 6	0.0
