topic	weight
topic 0	0.0
topic 1	0.00105855349668
topic 2	0.00756840404277
topic 3	0.00104111173662
topic 4	0.00140749827422
topic 5	0.0110558966871
topic 6	0.0
