topic	weight
topic 0	0.0
topic 1	2.49932082882e-06
topic 2	0.000166497241092
topic 3	1.05784407295e-05
topic 4	3.92387509411e-05
topic 5	0.000154333032352
topic 6	0.0
