topic	weight
topic 0	0.0107342499662
topic 1	0.00698745803671
topic 2	0.0197782720274
topic 3	0.00300944667341
topic 4	0.00799651862388
topic 5	0.0
topic 6	0.0
