topic	weight
topic 0	0.0
topic 1	0.00134462869847
topic 2	0.00836048074239
topic 3	0.0033273234885
topic 4	0.00412702067886
topic 5	0.0085442441276
topic 6	0.0
