topic	weight
topic 0	0.0
topic 1	0.00692699446696
topic 2	0.00886269587192
topic 3	0.0
topic 4	0.0127174143888
topic 5	0.0
topic 6	0.00254493543991
