topic	weight
topic 0	0.0
topic 1	0.0115353628393
topic 2	0.0
topic 3	0.0
topic 4	0.0513088333362
topic 5	0.00574519231313
topic 6	0.00345756084331
