topic	weight
topic 0	0.0
topic 1	0.00877912960268
topic 2	0.0376001740264
topic 3	0.000167960986627
topic 4	0.0239795776054
topic 5	0.0048272350844
topic 6	0.0
