topic	weight
topic 0	0.0
topic 1	0.0288275092336
topic 2	0.0110746659335
topic 3	0.0
topic 4	0.000334475297776
topic 5	0.000236874467439
topic 6	0.0
