topic	weight
topic 0	0.0
topic 1	0.000268914475213
topic 2	0.0003562077697
topic 3	0.000156896657871
topic 4	0.00019877012452
topic 5	0.00453407832619
topic 6	9.92560663598e-05
