topic	weight
topic 0	0.00166529536953
topic 1	0.000272162268597
topic 2	0.000567998492002
topic 3	0.0
topic 4	0.00290859209223
topic 5	0.000919935490358
topic 6	0.0
