topic	weight
topic 0	0.0164873255596
topic 1	0.00327664939653
topic 2	0.00615397948833
topic 3	0.00283540767208
topic 4	0.00336020469226
topic 5	0.000936663568731
topic 6	0.00234029424819
