topic	weight
topic 0	0.0
topic 1	0.0125779737323
topic 2	0.0160289492361
topic 3	0.0
topic 4	0.019798058574
topic 5	0.0
topic 6	0.00271278309821
