topic	weight
topic 0	0.00324728065802
topic 1	0.0032664835735
topic 2	0.0041871085041
topic 3	0.00791458483649
topic 4	0.00943883681682
topic 5	0.000378913366853
topic 6	0.0
