topic	weight
topic 0	0.000986841756754
topic 1	0.00544759818099
topic 2	0.00696621434944
topic 3	0.00880206477624
topic 4	0.00197449007997
topic 5	0.00680832875614
topic 6	0.0
