topic	weight
topic 0	0.0
topic 1	0.00366295397746
topic 2	0.0
topic 3	0.0
topic 4	0.000438915355081
topic 5	0.00162799297001
topic 6	0.00224990401246
