topic	weight
topic 0	0.0
topic 1	0.000638801035446
topic 2	0.0284434179702
topic 3	0.00181732691478
topic 4	0.00700682129427
topic 5	0.00836607496087
topic 6	0.0
