topic	weight
topic 0	0.0
topic 1	0.0
topic 2	0.00363351257269
topic 3	0.0047031060467
topic 4	0.148016833224
topic 5	0.0
topic 6	0.000782452956914
