topic	weight
topic 0	0.0
topic 1	0.00712539561746
topic 2	0.00910494262354
topic 3	0.0
topic 4	0.0131369154985
topic 5	0.0
topic 6	0.00252029554798
