topic	weight
topic 0	0.0
topic 1	0.000256584983389
topic 2	0.00151528309989
topic 3	0.000415899724996
topic 4	0.00431923164203
topic 5	0.00345548958632
topic 6	0.000269787858533
