topic	weight
topic 0	0.000425489682998
topic 1	0.000231863112029
topic 2	0.000489144491592
topic 3	0.0
topic 4	0.0109467466131
topic 5	0.0
topic 6	0.0
