topic	weight
topic 0	0.0
topic 1	0.319830751337
topic 2	0.0408723058706
topic 3	0.0
topic 4	0.0
topic 5	0.00943358861486
topic 6	0.00978170615935
