topic	weight
topic 0	4.83176035507e-05
topic 1	0.000241588245973
topic 2	0.000773954075305
topic 3	0.00243353184828
topic 4	0.0
topic 5	0.0
topic 6	0.000240445546211
