topic	weight
topic 0	0.0
topic 1	0.00507557945538
topic 2	0.00292120634818
topic 3	0.00195199509589
topic 4	0.00183388600834
topic 5	0.000893640975882
topic 6	0.000304153340129
