topic	weight
topic 0	0.0
topic 1	0.00225101948563
topic 2	0.00854279764251
topic 3	0.000555716617416
topic 4	0.00530553619014
topic 5	0.00259303671275
topic 6	0.00204120407282
