topic	weight
topic 0	0.0
topic 1	0.000952902286095
topic 2	0.0
topic 3	0.117245212601
topic 4	0.0
topic 5	0.00642145522176
topic 6	0.0
