topic	weight
topic 0	0.0
topic 1	0.00446987337274
topic 2	0.00954417792145
topic 3	0.00590159463505
topic 4	0.00104970312814
topic 5	0.00978725833968
topic 6	0.0
