topic	weight
topic 0	0.0
topic 1	0.000424367366331
topic 2	0.00260194761762
topic 3	0.000886206635896
topic 4	0.00590167189915
topic 5	0.00693697371854
topic 6	0.0
