topic	weight
topic 0	0.0
topic 1	0.00268188461406
topic 2	0.00548168005447
topic 3	0.00276343856265
topic 4	0.00595956056709
topic 5	0.0167207991192
topic 6	0.0
