topic	weight
topic 0	0.0
topic 1	0.0
topic 2	0.0733898895411
topic 3	0.0
topic 4	0.0
topic 5	0.0
topic 6	0.0209006456257
