topic	weight
topic 0	0.0
topic 1	0.000235401504974
topic 2	0.00374973465383
topic 3	0.00230315275106
topic 4	0.00135673406335
topic 5	0.000408589433139
topic 6	0.000588806874184
