topic	weight
topic 0	0.00595274533613
topic 1	0.00837820091537
topic 2	0.0255800964715
topic 3	0.00893265299468
topic 4	0.0110831568683
topic 5	0.00924583042401
topic 6	0.0
