topic	weight
topic 0	0.000656961790762
topic 1	0.00772965476284
topic 2	0.0122727966152
topic 3	0.00765351643619
topic 4	0.00629588125494
topic 5	0.00588362941024
topic 6	0.0
