topic	weight
topic 0	0.0
topic 1	0.00501916748146
topic 2	0.0102004061776
topic 3	0.00336396920326
topic 4	0.0056004007384
topic 5	0.00892507574356
topic 6	0.0
