topic	weight
topic 0	0.0
topic 1	0.0
topic 2	0.0
topic 3	0.226248944116
topic 4	0.119763880142
topic 5	0.0
topic 6	0.0
