topic	weight
topic 0	0.0
topic 1	0.000311355776967
topic 2	0.000449827264802
topic 3	0.00022985661154
topic 4	0.00101903399434
topic 5	4.59364683667e-07
topic 6	0.0
