topic	weight
topic 0	0.00197229849867
topic 1	0.0129799207782
topic 2	0.000254065103407
topic 3	0.00451503491027
topic 4	0.0102086606802
topic 5	0.119185188741
topic 6	0.000267470051691
