topic	weight
topic 0	0.0043654782283
topic 1	0.0
topic 2	9.35585744927e-05
topic 3	0.00134388597819
topic 4	0.000924245922952
topic 5	0.00430487116774
topic 6	0.0
