topic	weight
topic 0	0.0
topic 1	0.0183480438226
topic 2	0.0136770829476
topic 3	0.0120381364624
topic 4	0.00478500568212
topic 5	0.00774908608464
topic 6	0.0
