topic	weight
topic 0	0.0
topic 1	0.00156186824904
topic 2	0.0066303252825
topic 3	0.0035168214874
topic 4	0.00581927599634
topic 5	0.000928608051489
topic 6	0.0
