topic	weight
topic 0	0.00203493130905
topic 1	0.0
topic 2	0.00282856418106
topic 3	0.0562895507119
topic 4	0.00122998257919
topic 5	0.0
topic 6	0.0
