topic	weight
topic 0	0.0
topic 1	0.000564146352894
topic 2	0.0030274325706
topic 3	0.000593392682504
topic 4	0.00463318303814
topic 5	0.000365987498688
topic 6	0.0
