topic	weight
topic 0	0.0
topic 1	0.00175923947701
topic 2	0.00572205299595
topic 3	0.00115409159646
topic 4	0.000479350998957
topic 5	0.000385246128539
topic 6	0.0
