topic	weight
topic 0	0.0
topic 1	0.0
topic 2	0.0332222720571
topic 3	0.00071754361307
topic 4	0.00773641019875
topic 5	0.0058532861665
topic 6	0.0
