topic	weight
topic 0	0.00520772465639
topic 1	0.000251026590424
topic 2	0.00573537534534
topic 3	0.000757765345274
topic 4	0.00346754778378
topic 5	0.0
topic 6	0.0
