topic	weight
topic 0	0.00122884276237
topic 1	0.000212798996422
topic 2	0.00174659761897
topic 3	0.000963498704248
topic 4	0.0214774718145
topic 5	0.0
topic 6	0.00284786019999
