topic	weight
topic 0	0.0
topic 1	0.000255960137814
topic 2	0.0012578770024
topic 3	0.000202183908528
topic 4	0.00493828843761
topic 5	0.00552555269306
topic 6	0.0
