topic	weight
topic 0	0.0014922053388
topic 1	0.000936170574746
topic 2	0.00421833313831
topic 3	0.0181774757876
topic 4	0.0
topic 5	0.000228615045042
topic 6	0.0
