topic	weight
topic 0	0.0
topic 1	0.00345219764665
topic 2	0.00740538715903
topic 3	0.00258641541014
topic 4	0.00343205328856
topic 5	0.0123510982666
topic 6	0.0
