topic	weight
topic 0	0.191708460799
topic 1	0.0
topic 2	0.0
topic 3	0.0
topic 4	0.0
topic 5	0.23346170874
topic 6	0.0
