topic	weight
topic 0	0.00481383087138
topic 1	0.0064705178074
topic 2	0.00506361250354
topic 3	0.036944402113
topic 4	0.0222355272403
topic 5	0.00277339319459
topic 6	0.0
