topic	weight
topic 0	0.000983857079592
topic 1	0.0
topic 2	3.33715230984e-06
topic 3	3.47543473866e-05
topic 4	0.000404451237485
topic 5	0.0
topic 6	0.0
