topic	weight
topic 0	0.00167045068035
topic 1	0.00384788728697
topic 2	0.00328413633803
topic 3	0.00339282132067
topic 4	0.00308835978782
topic 5	0.00132750478536
topic 6	0.000136483183866
