topic	weight
topic 0	0.00296173794037
topic 1	0.0128234126997
topic 2	0.00158655016145
topic 3	0.00214284409206
topic 4	0.00546263490971
topic 5	0.0148562782266
topic 6	0.0
