topic	weight
topic 0	0.00149787695701
topic 1	0.000235906894651
topic 2	0.00079786045794
topic 3	0.000247203879693
topic 4	0.00284339773453
topic 5	0.00235900135121
topic 6	3.48037057995e-05
