topic	weight
topic 0	0.0
topic 1	0.00546474989449
topic 2	0.000373697100083
topic 3	0.00119358045189
topic 4	0.00161992378684
topic 5	0.00155638437965
topic 6	3.40875408602e-05
