topic	weight
topic 0	0.0
topic 1	1.12261443059e-05
topic 2	0.000178195368038
topic 3	2.43548343173e-05
topic 4	6.42084714802e-05
topic 5	0.00403695360923
topic 6	0.0
