topic	weight
topic 0	0.0
topic 1	0.00293679469582
topic 2	0.00296206238258
topic 3	0.000404325865777
topic 4	0.00140636461242
topic 5	0.000469724421495
topic 6	0.0
