topic	weight
topic 0	0.0
topic 1	0.00733881555587
topic 2	0.000572325420692
topic 3	0.0
topic 4	0.00671483457678
topic 5	0.00378302366423
topic 6	0.0
