topic	weight
topic 0	0.0925078478914
topic 1	0.00142740303978
topic 2	0.0022679773335
topic 3	0.00364796412624
topic 4	0.00277674383685
topic 5	0.117588902121
topic 6	0.0
