topic	weight
topic 0	0.0
topic 1	0.132567810607
topic 2	0.0
topic 3	0.0
topic 4	0.0
topic 5	0.0
topic 6	5.46204128734e-05
