topic	weight
topic 0	0.0
topic 1	0.0128324836294
topic 2	0.00519867891124
topic 3	0.000475764230088
topic 4	6.98701384437e-05
topic 5	0.0221532396441
topic 6	0.0
