topic	weight
topic 0	0.0
topic 1	0.00297493532133
topic 2	0.00477848024579
topic 3	0.000627150340307
topic 4	0.00297439923474
topic 5	0.0
topic 6	0.0
