topic	weight
topic 0	0.0142457397713
topic 1	0.000192599630422
topic 2	0.000651252882233
topic 3	0.011252051353
topic 4	0.0
topic 5	0.0
topic 6	0.0
