topic	weight
topic 0	0.00102905869294
topic 1	0.0
topic 2	0.0
topic 3	0.0
topic 4	0.0121066811385
topic 5	0.00980716402625
topic 6	0.0
