topic	weight
topic 0	0.00755299531591
topic 1	0.00113180854874
topic 2	0.00926746272191
topic 3	8.19846071511e-05
topic 4	0.00962637953552
topic 5	0.0
topic 6	0.0
