topic	weight
topic 0	0.00219277041597
topic 1	0.000190723844349
topic 2	0.000643656441228
topic 3	0.00131221782841
topic 4	0.00148782324172
topic 5	0.0
topic 6	9.99241678131e-05
