topic	weight
topic 0	0.0
topic 1	0.000712105230515
topic 2	0.00304793788354
topic 3	0.000335612534331
topic 4	0.00171255300505
topic 5	0.00244806518517
topic 6	0.000157945307718
