topic	weight
topic 0	0.0
topic 1	0.0018815993496
topic 2	0.0058127547404
topic 3	0.00103921778332
topic 4	0.00138472229676
topic 5	0.00159908387185
topic 6	0.0
