topic	weight
topic 0	0.0
topic 1	0.00173175876767
topic 2	0.00284616281011
topic 3	0.0
topic 4	0.0017720932272
topic 5	3.05353152753e-05
topic 6	0.0
