topic	weight
topic 0	0.135679198777
topic 1	0.00366192394217
topic 2	0.00538439794417
topic 3	0.00473562105236
topic 4	0.0
topic 5	0.0
topic 6	0.0
