topic	weight
topic 0	0.0
topic 1	0.00963536496934
topic 2	0.0102526498416
topic 3	0.00011799198125
topic 4	0.0130067545644
topic 5	0.000229553992247
topic 6	0.00159178025091
