topic	weight
topic 0	0.0
topic 1	0.0100623447163
topic 2	0.0
topic 3	0.000483745100473
topic 4	0.000135501285967
topic 5	0.00303121843489
topic 6	0.0
