topic	weight
topic 0	0.000254679159995
topic 1	0.0163477886606
topic 2	0.00527767829607
topic 3	0.00174631130914
topic 4	0.00230851228219
topic 5	0.0007035652798
topic 6	0.000237353589944
