topic	weight
topic 0	0.00024164871605
topic 1	0.00255727699965
topic 2	0.000110619067258
topic 3	0.00342456498158
topic 4	0.000977116158786
topic 5	0.00216035940825
topic 6	0.0
