topic	weight
topic 0	0.00207085155152
topic 1	0.000937855463282
topic 2	0.00863077032227
topic 3	0.00201957046605
topic 4	0.0154969437551
topic 5	0.00637469925537
topic 6	0.0
