topic	weight
topic 0	0.00258437660117
topic 1	0.00164173897995
topic 2	0.00237008657416
topic 3	0.00125482140576
topic 4	0.00196607236208
topic 5	4.59497836263e-05
topic 6	0.000165297155078
