topic	weight
topic 0	0.0
topic 1	0.00340239873998
topic 2	0.000130090017925
topic 3	0.000438895411038
topic 4	0.0
topic 5	0.00158743566899
topic 6	0.0
