topic	weight
topic 0	0.0
topic 1	0.000403006577425
topic 2	0.00171665191401
topic 3	0.000149547552013
topic 4	0.000551939144639
topic 5	0.000358044360895
topic 6	0.0
