topic	weight
topic 0	0.0
topic 1	0.000467372061824
topic 2	0.00291310936231
topic 3	0.0
topic 4	0.00938459515088
topic 5	0.000448474161505
topic 6	0.0
