topic	weight
topic 0	0.000902990326152
topic 1	0.000182658396212
topic 2	0.001067074091
topic 3	1.54505909596e-05
topic 4	0.00020584031329
topic 5	0.000496651202521
topic 6	0.0
