topic	weight
topic 0	0.00396750757863
topic 1	0.00310483974588
topic 2	0.00332193041456
topic 3	0.00617563963357
topic 4	0.00229245022941
topic 5	0.00131413008499
topic 6	0.0
