topic	weight
topic 0	0.0
topic 1	0.000460368117011
topic 2	0.00224101709405
topic 3	0.000582351973315
topic 4	0.00162669956718
topic 5	0.00102337888595
topic 6	0.0
