topic	weight
topic 0	0.0
topic 1	0.00249270519846
topic 2	0.00310619286611
topic 3	0.000425738388779
topic 4	0.00104355436046
topic 5	2.78824186495e-05
topic 6	0.0
