topic	weight
topic 0	0.0
topic 1	1.13539023881e-06
topic 2	0.000547388326344
topic 3	0.0518394594525
topic 4	0.0
topic 5	0.0
topic 6	0.000294328501167
