topic	weight
topic 0	0.0108093131477
topic 1	0.00852563162098
topic 2	0.0175545996468
topic 3	0.00616047854677
topic 4	0.00843280636295
topic 5	0.0
topic 6	0.0
