topic	weight
topic 0	0.195505830818
topic 1	0.0
topic 2	0.0026773484108
topic 3	0.0
topic 4	0.00469025521685
topic 5	0.0
topic 6	0.0
