topic	weight
topic 0	0.000779116764133
topic 1	0.0083132706045
topic 2	0.0143477244763
topic 3	0.00168900494218
topic 4	0.00887367599898
topic 5	0.00759709292203
topic 6	0.0
