topic	weight
topic 0	0.00163415166452
topic 1	2.37985208482e-05
topic 2	0.00126460289744
topic 3	5.9501413416e-05
topic 4	0.000293223669722
topic 5	0.0
topic 6	0.0
