topic	weight
topic 0	0.1588131046
topic 1	0.0
topic 2	0.0
topic 3	0.0
topic 4	0.0
topic 5	0.169778443197
topic 6	0.00222590469505
