topic	weight
topic 0	0.0
topic 1	0.0151724368461
topic 2	0.00229096452843
topic 3	0.000507354408531
topic 4	0.0
topic 5	0.0129570206649
topic 6	0.0
