topic	weight
topic 0	0.0
topic 1	0.00135213903325
topic 2	0.00567151251591
topic 3	0.00291959749492
topic 4	0.00893358274395
topic 5	0.005338663763
topic 6	0.0
