topic	weight
topic 0	0.00206496255332
topic 1	0.0
topic 2	0.000162178899725
topic 3	0.00216330857759
topic 4	0.000472810791408
topic 5	0.0
topic 6	0.0
