topic	weight
topic 0	0.00677529849623
topic 1	0.00605018130807
topic 2	0.0163878780363
topic 3	0.00267556472023
topic 4	0.00630066711498
topic 5	0.0
topic 6	0.0
