topic	weight
topic 0	0.123164336533
topic 1	0.0
topic 2	0.0
topic 3	0.00505996732172
topic 4	0.0
topic 5	0.17693024737
topic 6	0.0
