topic	weight
topic 0	0.0
topic 1	0.00872033834429
topic 2	0.033987485518
topic 3	0.00635877711101
topic 4	0.00195291780613
topic 5	0.00259516142504
topic 6	0.0
