topic	weight
topic 0	0.0
topic 1	0.00173348358005
topic 2	0.00177928154265
topic 3	0.000575094920175
topic 4	9.56233286875e-05
topic 5	0.00733469084516
topic 6	0.0
