topic	weight
topic 0	0.000312220246125
topic 1	0.00165781279874
topic 2	0.00326051329306
topic 3	0.0
topic 4	0.00738923580139
topic 5	3.16479240017e-05
topic 6	0.0
