topic	weight
topic 0	0.16773933337
topic 1	0.0
topic 2	0.0
topic 3	0.000358836411436
topic 4	0.00148906180762
topic 5	0.0211224772068
topic 6	0.00024248508187
