topic	weight
topic 0	0.0
topic 1	8.35874445202e-05
topic 2	0.000353424858003
topic 3	0.0
topic 4	0.00078224344243
topic 5	0.00100147101232
topic 6	0.0
