topic	weight
topic 0	0.0
topic 1	0.113220120017
topic 2	0.00348381227262
topic 3	0.000290771955098
topic 4	0.00408903429746
topic 5	0.00387895124366
topic 6	0.00381614743215
