topic	weight
topic 0	0.0
topic 1	0.00781104602219
topic 2	0.0157841647839
topic 3	0.0703030879168
topic 4	0.00603834234737
topic 5	0.0186217443687
topic 6	0.00078659620133
