topic	weight
topic 0	0.00328493315254
topic 1	0.00766808545899
topic 2	0.00124359467945
topic 3	0.00331188352622
topic 4	0.00618675208686
topic 5	0.00828961268515
topic 6	0.0
