topic	weight
topic 0	0.00142420851884
topic 1	0.0
topic 2	0.000952933486707
topic 3	0.187499665167
topic 4	0.0
topic 5	0.0
topic 6	0.0
