topic	weight
topic 0	0.0
topic 1	0.0
topic 2	0.000762197234416
topic 3	0.0
topic 4	0.00891099623661
topic 5	0.000841572760255
topic 6	0.0
