topic	weight
topic 0	0.0
topic 1	0.00317868585942
topic 2	0.00989982571938
topic 3	0.0003059551996
topic 4	0.012254409715
topic 5	0.0027814020052
topic 6	0.0104515046435
