topic	weight
topic 0	0.197842315931
topic 1	0.0
topic 2	0.00566360992477
topic 3	0.000214384211743
topic 4	0.00309555266451
topic 5	0.0
topic 6	0.0
