topic	weight
topic 0	0.00245723546288
topic 1	0.0
topic 2	0.00433251745913
topic 3	0.0
topic 4	0.0
topic 5	0.0
topic 6	0.0
