topic	weight
topic 0	0.00510709014931
topic 1	0.000484573132119
topic 2	0.00477107105256
topic 3	0.00201513565034
topic 4	0.00523099422077
topic 5	0.00332026338923
topic 6	0.0
