topic	weight
topic 0	0.0
topic 1	0.00102400001694
topic 2	0.0106314396785
topic 3	0.0
topic 4	0.165201925872
topic 5	0.00268741150582
topic 6	0.0172733229497
