topic	weight
topic 0	0.00065237929061
topic 1	0.000186649098684
topic 2	0.00281225834857
topic 3	0.0
topic 4	0.0672131620499
topic 5	0.0
topic 6	0.0
