topic	weight
topic 0	0.0038198985035
topic 1	0.00366555498936
topic 2	0.00659986033623
topic 3	0.0
topic 4	0.0257107547661
topic 5	0.000367394206211
topic 6	0.0
