topic	weight
topic 0	0.0
topic 1	0.019449399992
topic 2	0.00642692358227
topic 3	0.00197899558622
topic 4	0.00643616652972
topic 5	0.00179303787117
topic 6	0.000220828726266
