topic	weight
topic 0	0.0
topic 1	0.000248125597251
topic 2	0.000206593043496
topic 3	0.000119488882467
topic 4	0.000407299067586
topic 5	0.00442786493808
topic 6	0.0
