topic	weight
topic 0	0.0
topic 1	0.000369048158176
topic 2	0.000530196771668
topic 3	0.000294073050388
topic 4	0.00040574434992
topic 5	0.000192022785059
topic 6	0.0
