topic	weight
topic 0	0.014057265753
topic 1	0.00628881212998
topic 2	0.0202255222697
topic 3	0.00370450801933
topic 4	0.00950291429803
topic 5	0.0
topic 6	0.0
