topic	weight
topic 0	0.00246914079896
topic 1	0.14335103339
topic 2	0.0
topic 3	0.0
topic 4	0.00711643278412
topic 5	0.000961499869341
topic 6	0.00020885526181
