topic	weight
topic 0	0.00627391824281
topic 1	0.00702682488749
topic 2	0.014932331855
topic 3	0.0137370266122
topic 4	0.112245607129
topic 5	0.0
topic 6	0.0
