topic	weight
topic 0	0.000504534803953
topic 1	0.00961660805382
topic 2	0.0103846687685
topic 3	0.00139174786257
topic 4	0.0162206841069
topic 5	0.0110891668356
topic 6	0.0165456115593
