topic	weight
topic 0	0.00551687495245
topic 1	0.000118439086669
topic 2	0.000231733896269
topic 3	0.00145780137911
topic 4	0.0
topic 5	0.0
topic 6	3.50871964777e-05
