topic	weight
topic 0	0.0
topic 1	0.00222822939621
topic 2	0.00301920831939
topic 3	0.0036416715277
topic 4	0.000564478043219
topic 5	0.0024993683729
topic 6	0.0
