topic	weight
topic 0	0.0140396240202
topic 1	0.0705995242765
topic 2	0.0351903951095
topic 3	0.00926268278283
topic 4	0.0297464120917
topic 5	0.0400099041242
topic 6	0.0
