topic	weight
topic 0	2.56771275673e-05
topic 1	0.0
topic 2	7.70233196033e-05
topic 3	8.78007952285e-05
topic 4	7.3236310769e-05
topic 5	3.54348708703e-05
topic 6	0.0
