topic	weight
topic 0	0.00792750392866
topic 1	0.00149544874977
topic 2	0.00563010452232
topic 3	0.00301492810248
topic 4	0.00445714593812
topic 5	0.0452234662929
topic 6	0.0
