topic	weight
topic 0	0.0
topic 1	3.23242139336e-05
topic 2	0.000146152276869
topic 3	7.41726025355e-05
topic 4	1.28849906898e-05
topic 5	9.74332464047e-05
topic 6	0.0
