topic	weight
topic 0	0.0
topic 1	0.0
topic 2	0.000675490834508
topic 3	0.000371094504463
topic 4	0.0
topic 5	0.201800114935
topic 6	0.0
