topic	weight
topic 0	0.000943745941843
topic 1	0.000117632779403
topic 2	0.0
topic 3	0.0037806233844
topic 4	0.0
topic 5	0.0
topic 6	0.0
