topic	weight
topic 0	0.000100308232611
topic 1	0.0026908588512
topic 2	0.000230451123934
topic 3	8.62233566102e-05
topic 4	0.00154720792171
topic 5	0.000635754871652
topic 6	0.00110449583972
