topic	weight
topic 0	0.0
topic 1	0.000953834931296
topic 2	0.0023515195944
topic 3	0.00339633689623
topic 4	0.000472330567494
topic 5	0.000458212771532
topic 6	0.0
