topic	weight
topic 0	0.00122189416017
topic 1	0.0
topic 2	0.0
topic 3	0.00053103747921
topic 4	9.28973716577e-05
topic 5	0.0
topic 6	0.000113280641204
