topic	weight
topic 0	0.0
topic 1	0.00111445079594
topic 2	0.00340583132305
topic 3	0.00663540238778
topic 4	0.00174781493293
topic 5	0.00350205571267
topic 6	3.4964314086e-05
