topic	weight
topic 0	0.0
topic 1	0.0511935710803
topic 2	0.0925535111052
topic 3	0.00810923203697
topic 4	0.0348276628161
topic 5	0.0
topic 6	0.0
