topic	weight
topic 0	0.00121932631384
topic 1	0.0031962455354
topic 2	0.00240082192234
topic 3	0.0024442687796
topic 4	0.00384551324213
topic 5	0.00124356259846
topic 6	0.0
