topic	weight
topic 0	0.0
topic 1	0.024791846914
topic 2	0.0354187955171
topic 3	0.0025635215481
topic 4	0.00820730052921
topic 5	0.00370333347482
topic 6	0.0
