topic	weight
topic 0	0.000130501169401
topic 1	0.00412331903956
topic 2	0.00190453352053
topic 3	0.00603958899293
topic 4	0.00461428085957
topic 5	0.00452054279786
topic 6	0.0
