topic	weight
topic 0	0.0839627600045
topic 1	0.000701172579689
topic 2	0.0
topic 3	0.00354843445094
topic 4	0.00469961582561
topic 5	0.113422108203
topic 6	0.002666276875
