topic	weight
topic 0	0.00238901387488
topic 1	0.0919448372441
topic 2	0.00983829901911
topic 3	0.000969151398653
topic 4	0.0054629226396
topic 5	0.0049127630527
topic 6	0.0
