topic	weight
topic 0	0.00102110050496
topic 1	0.0
topic 2	0.00198196814236
topic 3	0.0
topic 4	0.00193312185948
topic 5	0.0
topic 6	0.0
