topic	weight
topic 0	0.00646156080933
topic 1	0.0
topic 2	0.000760267373217
topic 3	6.13247281432e-05
topic 4	0.000600458548676
topic 5	0.0
topic 6	3.4372385354e-05
