topic	weight
topic 0	0.143183635715
topic 1	0.0
topic 2	0.0
topic 3	0.0
topic 4	0.0
topic 5	0.158655796758
topic 6	0.0
