topic	weight
topic 0	0.0
topic 1	0.00962736013541
topic 2	0.0161996841823
topic 3	0.0086579630573
topic 4	0.00172721756157
topic 5	0.00358629834495
topic 6	0.0
