topic	weight
topic 0	0.000254121423082
topic 1	0.000183555926396
topic 2	0.00288058609619
topic 3	0.0
topic 4	0.00991886191175
topic 5	0.00740257749087
topic 6	0.00201908771509
