topic	weight
topic 0	3.75682918339e-05
topic 1	1.64235179137e-06
topic 2	0.0
topic 3	0.0
topic 4	0.00218843935275
topic 5	0.0
topic 6	0.0
