topic	weight
topic 0	0.00240276387864
topic 1	0.0073329023531
topic 2	0.00315532516186
topic 3	0.00347332573058
topic 4	0.00256844765693
topic 5	0.00496704954915
topic 6	0.0
