topic	weight
topic 0	0.0
topic 1	0.0022089283554
topic 2	0.00245145104605
topic 3	0.0
topic 4	0.0134769973473
topic 5	0.00227476526144
topic 6	0.0
