topic	weight
topic 0	0.0
topic 1	3.66089856769e-05
topic 2	2.59082558049e-05
topic 3	1.32308146696e-05
topic 4	9.19492943711e-05
topic 5	0.000119565966952
topic 6	0.0
