topic	weight
topic 0	0.00914048952246
topic 1	0.00460311822899
topic 2	0.00961666473753
topic 3	0.00177523739135
topic 4	0.0194144799821
topic 5	0.0
topic 6	0.0
