topic	weight
topic 0	0.000603405258098
topic 1	0.0
topic 2	0.0123107205296
topic 3	0.00454446265298
topic 4	0.0
topic 5	0.0
topic 6	0.00251853938083
