topic	weight
topic 0	0.00189674673592
topic 1	0.0258918291068
topic 2	0.00675016889775
topic 3	0.0
topic 4	0.0
topic 5	0.00238409533015
topic 6	0.0
