topic	weight
topic 0	0.0
topic 1	0.00459827736534
topic 2	0.00106268377284
topic 3	0.00292817715146
topic 4	0.000399780610983
topic 5	0.00153513116125
topic 6	0.0
