topic	weight
topic 0	0.0
topic 1	0.00271069789441
topic 2	0.00349669846101
topic 3	0.00887508402346
topic 4	0.00857497313427
topic 5	0.00184521147582
topic 6	0.0
