topic	weight
topic 0	0.00300219419002
topic 1	0.00541947152537
topic 2	0.00512274425811
topic 3	0.00700681573506
topic 4	0.00815419282173
topic 5	0.000404491849036
topic 6	0.0
