topic	weight
topic 0	0.152845138878
topic 1	0.00444652026386
topic 2	0.0147654084282
topic 3	0.00205622560516
topic 4	0.00510067892162
topic 5	0.0
topic 6	0.0
