topic	weight
topic 0	0.0
topic 1	0.000155744267049
topic 2	0.000328099120431
topic 3	0.0
topic 4	0.0139196226208
topic 5	0.00332703316703
topic 6	0.0
