topic	weight
topic 0	0.0
topic 1	0.0753727447455
topic 2	0.0013538663444
topic 3	0.0
topic 4	0.127847632965
topic 5	0.0143742039596
topic 6	0.0
