topic	weight
topic 0	0.134600795492
topic 1	0.0
topic 2	0.0
topic 3	0.0
topic 4	0.0
topic 5	0.153191966146
topic 6	0.0
