topic	weight
topic 0	0.0
topic 1	0.015961146435
topic 2	0.0
topic 3	0.00326074856572
topic 4	0.000674144678639
topic 5	9.90552558413e-05
topic 6	0.0
