topic	weight
topic 0	0.00155737204655
topic 1	0.0121615661814
topic 2	0.139022345517
topic 3	0.0
topic 4	0.0
topic 5	0.0
topic 6	0.0
