topic	weight
topic 0	0.0
topic 1	0.0016851292364
topic 2	0.0
topic 3	0.00909678929809
topic 4	0.0145918173993
topic 5	0.00397037787278
topic 6	0.0
