topic	weight
topic 0	0.000122128477045
topic 1	0.000497176803222
topic 2	0.00273294199664
topic 3	0.000139433665958
topic 4	0.000170168699668
topic 5	0.000585802120334
topic 6	0.0
