topic	weight
topic 0	0.0122153753554
topic 1	0.0
topic 2	0.0
topic 3	0.00418401450684
topic 4	0.000342263940499
topic 5	0.0
topic 6	0.000476891708359
