topic	weight
topic 0	0.141323380821
topic 1	0.0
topic 2	0.00678085452711
topic 3	0.0
topic 4	0.0
topic 5	0.0
topic 6	0.0
