topic	weight
topic 0	0.0
topic 1	0.0125389189249
topic 2	0.00247832991268
topic 3	0.000253745222512
topic 4	0.000279240740442
topic 5	0.00123770843105
topic 6	0.0
