topic	weight
topic 0	0.000920342782564
topic 1	0.000181783628366
topic 2	0.0
topic 3	0.000296992778641
topic 4	0.110851332283
topic 5	0.0
topic 6	0.0
