topic	weight
topic 0	0.00168093172223
topic 1	0.0144739829598
topic 2	0.00418990287274
topic 3	0.0
topic 4	0.0
topic 5	0.00204757795393
topic 6	0.0
