topic	weight
topic 0	0.000273203081291
topic 1	0.00273865244602
topic 2	0.0169595348308
topic 3	0.00438661308171
topic 4	0.00587344178825
topic 5	0.00279329427883
topic 6	0.00197551443681
