topic	weight
topic 0	0.0
topic 1	0.000477966673367
topic 2	0.0
topic 3	0.0524198280737
topic 4	0.0
topic 5	0.0
topic 6	0.0
