topic	weight
topic 0	0.00115370817178
topic 1	0.00291803581452
topic 2	0.00194399912847
topic 3	0.00235840622423
topic 4	0.00139041795797
topic 5	0.00106328755773
topic 6	0.0
