topic	weight
topic 0	0.0
topic 1	0.0047831638389
topic 2	5.26471451421e-05
topic 3	0.000523515224796
topic 4	0.0
topic 5	0.000965855782184
topic 6	0.0
