topic	weight
topic 0	0.0210923771461
topic 1	0.000613518339362
topic 2	0.034393877326
topic 3	0.0123138879994
topic 4	0.00187418635055
topic 5	0.0
topic 6	0.0
