topic	weight
topic 0	0.0
topic 1	0.0
topic 2	0.0413886108348
topic 3	0.0
topic 4	0.0
topic 5	0.000208746609599
topic 6	0.00502092387615
