topic	weight
topic 0	0.0
topic 1	0.0
topic 2	0.00512763472196
topic 3	0.00108126929988
topic 4	0.00104831010476
topic 5	0.000432152633017
topic 6	0.0
