topic	weight
topic 0	0.0
topic 1	0.000326132135292
topic 2	0.000915351552081
topic 3	0.0103407249749
topic 4	0.000261694137206
topic 5	0.000495027064875
topic 6	5.19719306167e-05
