topic	weight
topic 0	0.00550791092975
topic 1	0.0
topic 2	0.00329344985386
topic 3	0.0
topic 4	0.104265776876
topic 5	0.0
topic 6	0.0
