topic	weight
topic 0	0.00125556768226
topic 1	0.00624930910151
topic 2	0.00211385829021
topic 3	0.0054883656562
topic 4	0.00501428417575
topic 5	0.00550190113419
topic 6	0.0
