topic	weight
topic 0	0.0
topic 1	0.00833649055848
topic 2	0.00190971893488
topic 3	0.0
topic 4	0.0744439857611
topic 5	0.00550913339639
topic 6	0.000221368079416
