topic	weight
topic 0	0.00165771179307
topic 1	0.00145461986667
topic 2	0.000211763712992
topic 3	0.000107140986438
topic 4	1.96496581493e-05
topic 5	0.000279292673159
topic 6	0.0
