topic	weight
topic 0	0.00147756616344
topic 1	0.00063177513301
topic 2	0.00410902616288
topic 3	0.0180057410086
topic 4	0.000920935298555
topic 5	4.21612589947e-05
topic 6	0.0
