topic	weight
topic 0	0.000589929107678
topic 1	0.0668390170553
topic 2	0.052111297631
topic 3	0.08405239299
topic 4	0.0
topic 5	0.00863959479145
topic 6	0.0
