topic	weight
topic 0	0.0
topic 1	0.00647692423828
topic 2	0.010905072126
topic 3	0.00545082423421
topic 4	0.00201637280995
topic 5	0.00267423554314
topic 6	0.0
