topic	weight
topic 0	0.0
topic 1	0.0
topic 2	0.000249664684689
topic 3	0.00188572885262
topic 4	0.0011177747682
topic 5	0.0041866119664
topic 6	0.0
