topic	weight
topic 0	0.0107831255592
topic 1	0.0
topic 2	0.023693270231
topic 3	0.00552687242827
topic 4	0.00647474619261
topic 5	0.00415009199861
topic 6	0.0
