topic	weight
topic 0	0.0828041186334
topic 1	0.0
topic 2	0.0
topic 3	0.0
topic 4	0.0
topic 5	0.181756002145
topic 6	0.000282428719548
