topic	weight
topic 0	0.000132931503825
topic 1	0.000326141074581
topic 2	0.000410405774494
topic 3	0.000197377510033
topic 4	0.000106148634601
topic 5	0.000153208305844
topic 6	0.0
