topic	weight
topic 0	0.00834885381883
topic 1	0.0034356976414
topic 2	0.0
topic 3	0.0
topic 4	0.000842832661578
topic 5	0.137076002692
topic 6	0.0
