topic	weight
topic 0	0.00086500333913
topic 1	0.00367592339883
topic 2	0.00661756595408
topic 3	0.0660843822978
topic 4	0.00140778189833
topic 5	0.00159159544868
topic 6	0.0
