topic	weight
topic 0	0.012094603697
topic 1	0.00100134965371
topic 2	0.042752686546
topic 3	0.000725300705856
topic 4	0.00926312566718
topic 5	0.0
topic 6	0.00556173340844
