topic	weight
topic 0	0.0055428545522
topic 1	0.0043061034727
topic 2	0.0304818911642
topic 3	0.00741752084495
topic 4	0.00960170689835
topic 5	0.00333744934993
topic 6	0.0
