topic	weight
topic 0	0.00379594642639
topic 1	0.0
topic 2	0.136144949168
topic 3	0.0
topic 4	0.0
topic 5	0.0
topic 6	0.0
