topic	weight
topic 0	0.00194656159859
topic 1	0.0147123687668
topic 2	0.00195338043145
topic 3	0.00391844000107
topic 4	0.0125209917147
topic 5	0.0139555914944
topic 6	0.0
