topic	weight
topic 0	0.000828640597336
topic 1	0.0111692992288
topic 2	0.0009263497512
topic 3	0.00181440896348
topic 4	0.00617903250068
topic 5	0.00696035439007
topic 6	0.0
