topic	weight
topic 0	0.0
topic 1	0.00471619065653
topic 2	0.00329558719997
topic 3	0.000115202413428
topic 4	0.0064429597686
topic 5	0.00238933142714
topic 6	0.0
