topic	weight
topic 0	0.0
topic 1	0.0
topic 2	0.0
topic 3	0.00594971609334
topic 4	0.124739123879
topic 5	0.0764762762605
topic 6	0.00164516524425
