topic	weight
topic 0	0.0
topic 1	0.00340499937418
topic 2	0.00515771436126
topic 3	0.00142987403368
topic 4	0.0179464940084
topic 5	0.000699275629735
topic 6	0.0
