topic	weight
topic 0	0.0
topic 1	0.000943826694557
topic 2	0.00138348627858
topic 3	0.000782974544973
topic 4	0.0043348201933
topic 5	0.00038527423367
topic 6	0.0
