topic	weight
topic 0	0.0198432808545
topic 1	0.0152629397475
topic 2	0.00246033176558
topic 3	0.000292639426995
topic 4	6.23788844393e-06
topic 5	0.0
topic 6	0.0
