topic	weight
topic 0	0.00289887870663
topic 1	0.00166998359966
topic 2	0.0061468039116
topic 3	0.00136080536544
topic 4	0.00421993685842
topic 5	0.00126688786969
topic 6	0.0
