topic	weight
topic 0	3.17207114367e-05
topic 1	0.00124155372501
topic 2	0.000318959560597
topic 3	0.00767002180292
topic 4	0.00152903537975
topic 5	0.00593760870413
topic 6	0.0
