topic	weight
topic 0	0.00163922547899
topic 1	0.0147614992584
topic 2	0.00198679265875
topic 3	0.00233912912819
topic 4	0.00601491224064
topic 5	0.0114811777174
topic 6	0.00336962768811
