topic	weight
topic 0	0.0010173514637
topic 1	0.000329010076299
topic 2	0.00562217497027
topic 3	0.000646228412725
topic 4	0.00526376405299
topic 5	0.0
topic 6	0.000309858404416
