topic	weight
topic 0	0.00135587655207
topic 1	0.00973502877044
topic 2	0.018490088321
topic 3	0.0102014034775
topic 4	0.0018108769705
topic 5	0.00340152131607
topic 6	0.0
