topic	weight
topic 0	0.0
topic 1	0.00405341356553
topic 2	0.00627735700441
topic 3	0.00152879124664
topic 4	0.00461489810338
topic 5	0.000543119915867
topic 6	0.0
