topic	weight
topic 0	0.0
topic 1	0.00503860795106
topic 2	0.0019705230879
topic 3	0.00235977112989
topic 4	0.00303656324138
topic 5	0.010010087908
topic 6	0.0
