topic	weight
topic 0	5.33065175567e-05
topic 1	0.000695134201273
topic 2	0.0012384843624
topic 3	0.00117904334567
topic 4	0.000888261252485
topic 5	0.00010136636918
topic 6	0.0
