topic	weight
topic 0	0.000465465579197
topic 1	0.231061278567
topic 2	0.0
topic 3	0.0
topic 4	0.0
topic 5	0.0
topic 6	0.0
