topic	weight
topic 0	0.000593474447646
topic 1	0.0113726773929
topic 2	0.0132850118129
topic 3	0.0134455441219
topic 4	0.00888350803034
topic 5	0.00897572231557
topic 6	0.0
