topic	weight
topic 0	0.0
topic 1	0.00910519019422
topic 2	0.015072838456
topic 3	0.0075083354471
topic 4	0.00161082414283
topic 5	0.00335776878576
topic 6	0.0
