topic	weight
topic 0	0.00349303243197
topic 1	0.00253903457371
topic 2	0.00675900491964
topic 3	0.000778184415843
topic 4	0.00261851929593
topic 5	0.00856993102002
topic 6	0.0
