topic	weight
topic 0	0.0
topic 1	0.0
topic 2	0.00454137705419
topic 3	0.00390822008727
topic 4	0.0
topic 5	0.00242916292456
topic 6	0.00682326308387
