topic	weight
topic 0	0.000501560394551
topic 1	0.002013991731
topic 2	0.00983035266893
topic 3	0.00511080631412
topic 4	0.000893354092086
topic 5	0.000747600612562
topic 6	0.0
