topic	weight
topic 0	0.0
topic 1	0.0
topic 2	0.176258258263
topic 3	0.00265772332814
topic 4	0.0
topic 5	0.00915674761744
topic 6	0.0
