topic	weight
topic 0	0.001378162326
topic 1	0.0
topic 2	0.00018022822144
topic 3	0.00214946040257
topic 4	0.000451123043238
topic 5	0.0
topic 6	8.76353635965e-05
