topic	weight
topic 0	0.0
topic 1	0.0103175599561
topic 2	0.000912268938087
topic 3	6.83351757782e-05
topic 4	0.000961605380464
topic 5	0.00195802694435
topic 6	0.0
