topic	weight
topic 0	0.0
topic 1	0.00722003240846
topic 2	0.00159555387161
topic 3	0.00198962852044
topic 4	0.00536957294404
topic 5	0.00271591951637
topic 6	0.0
