topic	weight
topic 0	0.0
topic 1	0.000193241388407
topic 2	0.00120053566974
topic 3	0.000582432989549
topic 4	0.00444807342122
topic 5	0.000228585550406
topic 6	0.0
