topic	weight
topic 0	0.0
topic 1	0.122502303909
topic 2	0.0
topic 3	0.0
topic 4	0.00260289995458
topic 5	0.000361233647498
topic 6	0.00115607821684
