topic	weight
topic 0	0.0
topic 1	0.00127022471343
topic 2	0.00468323436528
topic 3	0.000736638294841
topic 4	0.00267563072743
topic 5	0.028887544836
topic 6	0.0
