topic	weight
topic 0	0.0
topic 1	0.00812603981948
topic 2	0.000773842140208
topic 3	0.000603388282957
topic 4	0.000237219715969
topic 5	0.00530577208177
topic 6	0.0
