topic	weight
topic 0	0.0132766272013
topic 1	0.0
topic 2	0.00783585900625
topic 3	0.0
topic 4	0.00894255410294
topic 5	0.242503183272
topic 6	0.0163139456075
