topic	weight
topic 0	0.0
topic 1	0.000925873237152
topic 2	0.00256277251261
topic 3	0.000465914272283
topic 4	0.000361579049338
topic 5	0.000674638266912
topic 6	0.0
