topic	weight
topic 0	0.0
topic 1	0.0
topic 2	0.0
topic 3	0.0662684144346
topic 4	0.0239424008154
topic 5	0.000156131271844
topic 6	0.0
