topic	weight
topic 0	0.0
topic 1	0.0
topic 2	0.0
topic 3	0.00371012925082
topic 4	0.235997354049
topic 5	0.0
topic 6	0.0
