topic	weight
topic 0	0.0
topic 1	0.0
topic 2	4.11087793934e-05
topic 3	0.172093887334
topic 4	0.0
topic 5	0.000336924588121
topic 6	0.0
