topic	weight
topic 0	0.0
topic 1	0.00580096912873
topic 2	0.0127196959271
topic 3	0.0
topic 4	0.0110244201523
topic 5	0.00507887847895
topic 6	0.0148421805667
