topic	weight
topic 0	0.00395093908147
topic 1	0.00773319493278
topic 2	0.0153015829971
topic 3	0.00460584682241
topic 4	0.00991444322399
topic 5	0.00413318375596
topic 6	0.0
