topic	weight
topic 0	0.0
topic 1	0.00781344372355
topic 2	0.000201938199022
topic 3	0.000909265547111
topic 4	0.00618712811898
topic 5	0.00284262983239
topic 6	0.00140657043829
