topic	weight
topic 0	0.0
topic 1	0.0102708231481
topic 2	0.0535684758906
topic 3	0.011113708017
topic 4	0.0106790825422
topic 5	0.0132500861552
topic 6	0.0
