topic	weight
topic 0	0.0
topic 1	0.000156662716534
topic 2	0.00131084192639
topic 3	0.000670073534394
topic 4	0.000476476767376
topic 5	0.00523036996387
topic 6	0.0
