topic	weight
topic 0	0.0149215366536
topic 1	0.00055002467913
topic 2	0.00547521302873
topic 3	0.0
topic 4	0.00841717384455
topic 5	0.0
topic 6	0.0
