topic	weight
topic 0	0.0147181934608
topic 1	0.0134003071739
topic 2	0.00356650442928
topic 3	0.000595401848363
topic 4	0.000706399428005
topic 5	0.0373284860323
topic 6	8.5499357896e-05
