topic	weight
topic 0	0.0
topic 1	0.00276780588951
topic 2	0.00361198806312
topic 3	4.35713063087e-05
topic 4	0.00520039126736
topic 5	0.00413046493573
topic 6	0.0
