topic	weight
topic 0	0.00118728341524
topic 1	0.0
topic 2	0.000168644989954
topic 3	0.000733365886396
topic 4	5.69702348754e-05
topic 5	0.0
topic 6	0.0
