topic	weight
topic 0	0.000632979513593
topic 1	0.0061150056958
topic 2	0.000753545212339
topic 3	0.00158659135416
topic 4	0.00609457559782
topic 5	0.00812153812396
topic 6	0.0
