topic	weight
topic 0	0.00396382312208
topic 1	0.000221104404088
topic 2	0.00365504944112
topic 3	0.0031466952855
topic 4	0.00319456015319
topic 5	0.000611829822043
topic 6	0.0
