topic	weight
topic 0	0.00353725005594
topic 1	0.0
topic 2	0.00207038206748
topic 3	3.02956066381e-05
topic 4	0.00201627482307
topic 5	0.0
topic 6	0.000429159638776
