topic	weight
topic 0	0.000544118420425
topic 1	0.00121542523328
topic 2	0.00361441102214
topic 3	0.00501680171541
topic 4	0.00416351815715
topic 5	0.0
topic 6	0.0
