topic	weight
topic 0	0.000531959732176
topic 1	0.0115737761402
topic 2	0.00513016278638
topic 3	0.000802008593871
topic 4	0.0172873437731
topic 5	0.00526613475705
topic 6	0.0
