topic	weight
topic 0	0.0
topic 1	0.00289181445712
topic 2	0.00358561892258
topic 3	0.00130766152789
topic 4	0.00569479202265
topic 5	0.000487061486831
topic 6	0.0
