topic	weight
topic 0	0.0
topic 1	0.00117754112288
topic 2	0.000912943751287
topic 3	0.0015648835918
topic 4	0.00026219017377
topic 5	0.00181237302359
topic 6	2.04585213417e-05
