topic	weight
topic 0	6.83447999833e-06
topic 1	3.50105015213e-05
topic 2	0.000107172535036
topic 3	0.000276808221789
topic 4	7.29671739871e-05
topic 5	0.0
topic 6	0.0
