topic	weight
topic 0	0.0
topic 1	9.64116627586e-05
topic 2	0.0
topic 3	1.10872439161e-05
topic 4	8.66376009209e-05
topic 5	0.000102893612236
topic 6	3.58129493623e-05
