topic	weight
topic 0	0.0
topic 1	5.51942699137e-05
topic 2	0.000582307110644
topic 3	0.0
topic 4	0.000229468462819
topic 5	0.000231282599309
topic 6	0.0
