topic	weight
topic 0	0.0
topic 1	0.00629886938384
topic 2	0.00922411469669
topic 3	0.00848980746585
topic 4	0.0121138574415
topic 5	0.00290604406401
topic 6	0.0037874113743
