topic	weight
topic 0	0.00107067326329
topic 1	0.0
topic 2	0.00444864233684
topic 3	0.00616642535879
topic 4	0.00686301355154
topic 5	0.000943506167951
topic 6	0.00150939270349
