topic	weight
topic 0	0.00031351393866
topic 1	0.0
topic 2	0.00327800379614
topic 3	0.000647479396235
topic 4	0.000272751569438
topic 5	0.000769781799736
topic 6	0.0
