topic	weight
topic 0	0.0
topic 1	0.0
topic 2	0.0
topic 3	0.00405445042568
topic 4	7.11544106677e-05
topic 5	0.0
topic 6	0.0
