topic	weight
topic 0	0.0
topic 1	0.0
topic 2	0.00530082829785
topic 3	0.00176098782075
topic 4	0.000240306305092
topic 5	0.000546827052278
topic 6	0.0
