topic	weight
topic 0	0.000948564112069
topic 1	0.00295451062357
topic 2	0.0206254534305
topic 3	0.0
topic 4	0.00562519847945
topic 5	0.000436225835311
topic 6	0.0
