topic	weight
topic 0	0.0123479764181
topic 1	0.00553495710449
topic 2	0.00186957883273
topic 3	0.00107242181393
topic 4	0.00229262231342
topic 5	0.00379919052418
topic 6	0.0
