topic	weight
topic 0	0.00612907294627
topic 1	0.00251233835144
topic 2	0.0157241452221
topic 3	0.0
topic 4	0.0164183301942
topic 5	0.00300527220792
topic 6	0.0132898226828
