topic	weight
topic 0	0.0051767418854
topic 1	0.00110747669138
topic 2	0.128799939862
topic 3	0.0
topic 4	0.00380642717079
topic 5	0.0
topic 6	0.0
