topic	weight
topic 0	0.0123815919361
topic 1	0.0
topic 2	0.0
topic 3	0.000392343738999
topic 4	0.00172533359669
topic 5	0.0326436247876
topic 6	0.000194345657739
