topic	weight
topic 0	0.0
topic 1	0.0
topic 2	0.00054860778135
topic 3	0.00116981961385
topic 4	0.000193331475396
topic 5	8.66264971032e-05
topic 6	0.000103635201242
