topic	weight
topic 0	0.0106765206522
topic 1	0.00856797245074
topic 2	0.00454702275704
topic 3	0.00245970696394
topic 4	0.0212331435032
topic 5	0.0361409804642
topic 6	0.00524119667011
