topic	weight
topic 0	0.0
topic 1	0.0296505814683
topic 2	0.0
topic 3	0.0
topic 4	0.00290707251528
topic 5	0.00983327612202
topic 6	0.0137564591099
