topic	weight
topic 0	0.000350618412821
topic 1	0.000259731430845
topic 2	0.00334068960013
topic 3	0.00126362453874
topic 4	0.00241411556783
topic 5	0.00141498182283
topic 6	0.0
