topic	weight
topic 0	0.00488818099939
topic 1	0.00747324511073
topic 2	0.0109378950219
topic 3	0.00648197783417
topic 4	0.209704405857
topic 5	0.0
topic 6	0.0
