topic	weight
topic 0	0.0
topic 1	0.00108717343999
topic 2	0.0572570843772
topic 3	0.0
topic 4	0.0073728840659
topic 5	0.00341799667228
topic 6	0.0187234736679
