topic	weight
topic 0	0.0
topic 1	0.00194502452919
topic 2	0.0
topic 3	0.0
topic 4	0.0
topic 5	0.0103921854796
topic 6	0.0
