topic	weight
topic 0	0.0145854914697
topic 1	0.00119526456239
topic 2	0.0272334568506
topic 3	0.0054059060508
topic 4	0.00205657939201
topic 5	0.0207812267553
topic 6	0.0
