topic	weight
topic 0	0.001115566633
topic 1	0.01428361862
topic 2	0.0235126055527
topic 3	0.01285538282
topic 4	0.0033968883555
topic 5	0.00468306968172
topic 6	0.0
