topic	weight
topic 0	0.000553213307263
topic 1	0.0
topic 2	0.0203150076527
topic 3	0.00117297702684
topic 4	0.00734739067278
topic 5	0.00671786254507
topic 6	0.0
