topic	weight
topic 0	0.0
topic 1	0.00125796065274
topic 2	0.00559780298564
topic 3	0.000869411288681
topic 4	0.00719911718191
topic 5	0.000846301815717
topic 6	0.0
