topic	weight
topic 0	9.55762866063e-05
topic 1	0.00116698955211
topic 2	0.000303596983599
topic 3	0.000132043418966
topic 4	0.000151632347565
topic 5	0.000144772795188
topic 6	0.0
