topic	weight
topic 0	0.0
topic 1	0.05606118209
topic 2	0.0176960079338
topic 3	0.0015224376455
topic 4	0.00517221969644
topic 5	0.0131735749104
topic 6	0.0
