topic	weight
topic 0	0.0
topic 1	0.0151492735728
topic 2	0.00365020253637
topic 3	0.00249867639215
topic 4	0.00225224754034
topic 5	0.00651803960076
topic 6	0.000290614953821
