topic	weight
topic 0	0.0
topic 1	0.0810073316705
topic 2	0.00367147636462
topic 3	0.00276380155038
topic 4	0.00205944393025
topic 5	0.0185377608811
topic 6	0.0
