topic	weight
topic 0	0.0
topic 1	0.00119292123293
topic 2	0.00650538423142
topic 3	9.80806470463e-05
topic 4	0.00128961154298
topic 5	0.00684011151602
topic 6	0.0
