topic	weight
topic 0	0.0
topic 1	0.00701511798278
topic 2	0.00863260946593
topic 3	0.00653178116439
topic 4	0.00112226241685
topic 5	0.0140915571386
topic 6	0.0
