topic	weight
topic 0	0.000455976158916
topic 1	0.0180457539604
topic 2	0.0150260944725
topic 3	0.0090837558666
topic 4	0.00469155084521
topic 5	0.00445626123185
topic 6	0.0
