topic	weight
topic 0	0.00650002221181
topic 1	0.000109926075357
topic 2	0.0
topic 3	0.0
topic 4	0.000595104099358
topic 5	0.0179118948358
topic 6	0.0
