topic	weight
topic 0	0.105133307652
topic 1	0.000947699015658
topic 2	0.0
topic 3	0.00165760376489
topic 4	0.00132067580537
topic 5	0.0
topic 6	0.0
