topic	weight
topic 0	0.0
topic 1	0.000481778740634
topic 2	0.00261433736918
topic 3	0.0
topic 4	0.0
topic 5	0.1882266671
topic 6	0.0
