topic	weight
topic 0	0.00162271114249
topic 1	0.000368591738013
topic 2	0.080338226271
topic 3	0.0
topic 4	0.0
topic 5	0.0
topic 6	0.0220929924933
