topic	weight
topic 0	0.0
topic 1	0.000717416571519
topic 2	0.0014055485909
topic 3	0.000934615046464
topic 4	0.00206094658254
topic 5	0.000605248167842
topic 6	0.0
