topic	weight
topic 0	0.000835246080682
topic 1	0.00771658472007
topic 2	0.00411302504348
topic 3	0.00377734151053
topic 4	0.00709804934472
topic 5	0.00717705550167
topic 6	0.0
