topic	weight
topic 0	0.0
topic 1	0.0121067751917
topic 2	0.0152444779427
topic 3	0.0
topic 4	0.0222672297371
topic 5	0.0
topic 6	0.00455441436458
