topic	weight
topic 0	0.0
topic 1	0.0156981164172
topic 2	0.0
topic 3	0.0
topic 4	0.00417770138472
topic 5	0.00110644751558
topic 6	0.0
