topic	weight
topic 0	0.0440703852227
topic 1	0.0
topic 2	0.00320383494579
topic 3	0.000799440292763
topic 4	0.00961920293731
topic 5	0.00478353127922
topic 6	0.0
