topic	weight
topic 0	0.0
topic 1	0.000239496642692
topic 2	0.000654995023814
topic 3	0.00179309044383
topic 4	0.00179991398668
topic 5	0.00254502189735
topic 6	0.0
