topic	weight
topic 0	0.0
topic 1	0.0
topic 2	0.00529546987687
topic 3	0.053958074023
topic 4	0.0268036418377
topic 5	0.0
topic 6	0.00222865573243
