topic	weight
topic 0	0.0344495634475
topic 1	0.0019693179222
topic 2	0.000716297341766
topic 3	0.000914541199653
topic 4	0.00143581965592
topic 5	0.0152325562989
topic 6	0.00026047033962
