topic	weight
topic 0	0.00103508413403
topic 1	0.0
topic 2	0.000531740070051
topic 3	3.09165035406e-05
topic 4	0.000347447376799
topic 5	6.60505271037e-05
topic 6	0.0
