topic	weight
topic 0	0.00394963269182
topic 1	0.00375246082982
topic 2	0.0794184823084
topic 3	0.00173357908527
topic 4	0.00892911071257
topic 5	0.00288261433325
topic 6	0.00146786053148
