topic	weight
topic 0	0.0
topic 1	0.00412881023382
topic 2	0.0299398199322
topic 3	0.00307637063504
topic 4	0.0322963928983
topic 5	0.037495830034
topic 6	0.00125248108429
