topic	weight
topic 0	0.0
topic 1	1.08360717429e-05
topic 2	7.86622439025e-05
topic 3	1.86737012215e-05
topic 4	8.52213832248e-05
topic 5	0.0
topic 6	0.0
