topic	weight
topic 0	0.00173947020049
topic 1	0.0
topic 2	0.000122662738853
topic 3	1.93468741674e-05
topic 4	0.000131180723893
topic 5	0.0
topic 6	0.0
