topic	weight
topic 0	0.00167649154309
topic 1	0.000320132912452
topic 2	0.000710488275144
topic 3	0.00594607355441
topic 4	0.00275060867829
topic 5	0.000906671210816
topic 6	0.0
