topic	weight
topic 0	0.000417237794949
topic 1	0.00138727966978
topic 2	0.00213909121463
topic 3	0.00450274232958
topic 4	0.00459587669932
topic 5	0.0
topic 6	0.0
