topic	weight
topic 0	0.0
topic 1	0.000247921855715
topic 2	0.0665646139027
topic 3	0.0
topic 4	0.00993349158732
topic 5	0.00341113907638
topic 6	0.0249797603182
