topic	weight
topic 0	0.00528291232967
topic 1	0.00435864412932
topic 2	0.0538188288764
topic 3	0.00986095788501
topic 4	0.0103902048652
topic 5	0.0136624131312
topic 6	0.0
