topic	weight
topic 0	0.00129590112673
topic 1	0.00741668171823
topic 2	0.0105398073814
topic 3	0.00381920973118
topic 4	0.0179143704432
topic 5	0.0
topic 6	0.000939857297165
