topic	weight
topic 0	0.0
topic 1	0.000871358821303
topic 2	0.00307466079831
topic 3	0.000540164284237
topic 4	0.010917205478
topic 5	0.00218133652615
topic 6	0.0
