topic	weight
topic 0	0.0
topic 1	0.0
topic 2	0.00219188715159
topic 3	0.0
topic 4	0.0014331971489
topic 5	1.96675189074e-05
topic 6	0.000973478546077
