topic	weight
topic 0	0.0392714487045
topic 1	0.0
topic 2	0.00787146760042
topic 3	0.0
topic 4	0.0
topic 5	0.0
topic 6	0.0
