topic	weight
topic 0	0.000146256984796
topic 1	0.000299503724353
topic 2	0.0022363579459
topic 3	0.00161251225426
topic 4	0.00276167185514
topic 5	0.00101514883861
topic 6	0.0
