topic	weight
topic 0	0.0
topic 1	0.0167385909532
topic 2	0.0
topic 3	7.94199956774e-05
topic 4	0.0
topic 5	0.0598275915676
topic 6	0.0
