topic	weight
topic 0	0.316752968958
topic 1	0.0
topic 2	0.0102103539318
topic 3	0.0
topic 4	0.00637825147723
topic 5	0.0
topic 6	0.000677932501976
