topic	weight
topic 0	0.0
topic 1	0.188091269018
topic 2	0.00147601959266
topic 3	0.0
topic 4	0.00402899985495
topic 5	0.0
topic 6	0.0
