topic	weight
topic 0	0.0
topic 1	0.00623179404684
topic 2	0.0128731586126
topic 3	0.00353516935211
topic 4	0.0158492823472
topic 5	0.0109834412622
topic 6	0.0
