topic	weight
topic 0	3.9948505493e-06
topic 1	9.65413673475e-07
topic 2	9.15681877726e-05
topic 3	0.0
topic 4	0.0015337220185
topic 5	0.0
topic 6	0.0
