topic	weight
topic 0	0.0
topic 1	0.0116647359336
topic 2	0.017606148788
topic 3	0.0
topic 4	0.000416123149206
topic 5	0.00105656108215
topic 6	0.0
