topic	weight
topic 0	0.001509430407
topic 1	0.00750221751966
topic 2	0.0306462226973
topic 3	0.0476755973693
topic 4	0.0106932323292
topic 5	0.0146990798892
topic 6	0.0
