topic	weight
topic 0	0.00663026826128
topic 1	0.0
topic 2	0.0037768437213
topic 3	0.000455363874944
topic 4	0.00326960771059
topic 5	0.00513034509018
topic 6	0.0
