topic	weight
topic 0	0.000174394627812
topic 1	0.00105753432532
topic 2	6.62184703314e-06
topic 3	0.00405457741576
topic 4	0.00140782198908
topic 5	0.000693898076407
topic 6	0.000321899639914
