topic	weight
topic 0	7.88910820303e-05
topic 1	5.61153366057e-05
topic 2	0.000340164531635
topic 3	2.39547540891e-05
topic 4	8.68088081158e-05
topic 5	0.0
topic 6	0.0
