topic	weight
topic 0	0.0
topic 1	0.00917377356329
topic 2	0.000475219369256
topic 3	0.0
topic 4	0.00683102606165
topic 5	0.00248278220953
topic 6	0.00255254015206
