topic	weight
topic 0	0.0
topic 1	0.00019264697516
topic 2	0.000809341131241
topic 3	0.0086521297579
topic 4	0.000267574790127
topic 5	0.00107136324303
topic 6	3.29315349606e-05
