topic	weight
topic 0	0.0
topic 1	0.000883615315692
topic 2	0.0674480985755
topic 3	0.0
topic 4	0.0
topic 5	0.0
topic 6	0.0305153900447
