topic	weight
topic 0	0.0137747576279
topic 1	0.00741763011648
topic 2	0.0236325240545
topic 3	0.00566161922528
topic 4	0.00912592688441
topic 5	0.0
topic 6	0.0
