topic	weight
topic 0	0.0
topic 1	0.213492892597
topic 2	0.0
topic 3	0.0
topic 4	0.00371838901912
topic 5	0.000780172645098
topic 6	0.0
