topic	weight
topic 0	0.00732468291318
topic 1	0.0
topic 2	0.0
topic 3	0.130955499062
topic 4	0.0
topic 5	0.183625353713
topic 6	0.0
