topic	weight
topic 0	0.0
topic 1	9.40907541195e-05
topic 2	9.29641333877e-05
topic 3	7.34278646516e-05
topic 4	5.79394411385e-05
topic 5	0.00128843060145
topic 6	0.0
