topic	weight
topic 0	0.0
topic 1	0.00757795071779
topic 2	0.00539348981861
topic 3	0.00270344137053
topic 4	0.0067059243919
topic 5	0.00512017715723
topic 6	0.00609641554269
