topic	weight
topic 0	0.0
topic 1	0.000193881699535
topic 2	0.0212598196896
topic 3	0.0
topic 4	0.00267742116122
topic 5	0.00160138450347
topic 6	0.0
