topic	weight
topic 0	0.0
topic 1	0.000383902245909
topic 2	0.023314143268
topic 3	0.0
topic 4	0.000532410771318
topic 5	0.0
topic 6	0.0
