topic	weight
topic 0	8.83466190971e-06
topic 1	0.0
topic 2	0.00022423464176
topic 3	0.00414057009259
topic 4	0.000909135425658
topic 5	0.000103687744792
topic 6	0.0
