topic	weight
topic 0	0.00112626432886
topic 1	0.000994078054336
topic 2	0.00175598563421
topic 3	0.00173386388719
topic 4	0.00309818685583
topic 5	0.00201433816671
topic 6	2.61373190493e-05
