topic	weight
topic 0	0.00899616796401
topic 1	0.0046242841035
topic 2	0.0431010082663
topic 3	0.00593495437944
topic 4	0.0154081818617
topic 5	0.00475042949057
topic 6	0.0
