topic	weight
topic 0	0.0
topic 1	0.123710079397
topic 2	0.00461702787067
topic 3	0.0
topic 4	0.00133906456916
topic 5	0.00782014125917
topic 6	0.0
