topic	weight
topic 0	2.23013898352e-05
topic 1	0.0
topic 2	0.000783871552748
topic 3	0.00301459507016
topic 4	0.00476172300878
topic 5	0.0
topic 6	0.0
