topic	weight
topic 0	0.0
topic 1	0.00249059264012
topic 2	0.0
topic 3	0.000177211037141
topic 4	4.65901459034e-05
topic 5	0.0
topic 6	0.0
