topic	weight
topic 0	0.0
topic 1	0.00158152435584
topic 2	0.0159092396703
topic 3	0.00761704251575
topic 4	4.66658477152e-05
topic 5	0.000237075312539
topic 6	0.00175311267908
