topic	weight
topic 0	0.14751907286
topic 1	0.00426429824377
topic 2	0.014397240398
topic 3	0.00203412597946
topic 4	0.0050610784811
topic 5	0.0
topic 6	0.0
