topic	weight
topic 0	0.000746514270898
topic 1	0.00472714013622
topic 2	0.00335524478867
topic 3	0.0051298304913
topic 4	0.00456654514637
topic 5	0.00443597333061
topic 6	4.59645448828e-06
