topic	weight
topic 0	0.0
topic 1	0.000290970589246
topic 2	0.00110244758687
topic 3	0.000567028248244
topic 4	0.000557817479563
topic 5	0.000502661734366
topic 6	0.0
