topic	weight
topic 0	0.0100996061855
topic 1	0.000605068591172
topic 2	0.0
topic 3	0.00832052634655
topic 4	0.0027471967034
topic 5	0.0423955223818
topic 6	0.000244791372092
