topic	weight
topic 0	0.0
topic 1	0.000345905352696
topic 2	0.0548302090677
topic 3	0.0179779407228
topic 4	0.0
topic 5	0.0150411709173
topic 6	0.0425211233217
