topic	weight
topic 0	0.00431919826872
topic 1	0.00636907494692
topic 2	0.0333951242466
topic 3	0.000450515543617
topic 4	0.0906454837387
topic 5	0.00258423942808
topic 6	0.00230727236997
