topic	weight
topic 0	0.000185219120616
topic 1	0.00291074192356
topic 2	0.000755114520288
topic 3	0.00166428213727
topic 4	0.00199261427114
topic 5	0.0134917271808
topic 6	0.0
