topic	weight
topic 0	0.000517853071249
topic 1	0.000545843679689
topic 2	0.00109441331673
topic 3	0.000591792039579
topic 4	0.000746016203802
topic 5	0.0004754239387
topic 6	0.0
