topic	weight
topic 0	0.0
topic 1	0.00171275814406
topic 2	0.00398111185096
topic 3	0.00354807046467
topic 4	0.00275496467214
topic 5	0.000966276678984
topic 6	0.0
