topic	weight
topic 0	0.0549922958991
topic 1	0.0
topic 2	0.0
topic 3	0.000107033286552
topic 4	0.000150413373479
topic 5	0.0
topic 6	0.000212121986167
