topic	weight
topic 0	0.0
topic 1	0.021046235111
topic 2	0.10260072942
topic 3	0.000167725449749
topic 4	0.00116105789115
topic 5	0.0021342648106
topic 6	0.0
