topic	weight
topic 0	0.0
topic 1	0.126311384828
topic 2	0.0
topic 3	0.0
topic 4	0.0
topic 5	0.000782339806019
topic 6	0.189367553121
