topic	weight
topic 0	0.00125583580931
topic 1	0.00327845894505
topic 2	0.00223482590296
topic 3	0.00264987525209
topic 4	0.00158682351923
topic 5	0.00169763909444
topic 6	0.0
