topic	weight
topic 0	0.00296209171239
topic 1	0.0
topic 2	0.0
topic 3	0.0
topic 4	0.205390493404
topic 5	0.0
topic 6	0.00402767167993
