topic	weight
topic 0	0.000641665027307
topic 1	0.00212930324754
topic 2	0.00217396535114
topic 3	0.00486031533362
topic 4	0.00473187739826
topic 5	0.000632605866868
topic 6	2.5371007937e-05
