topic	weight
topic 0	0.0
topic 1	9.78653524795e-05
topic 2	0.000225918628938
topic 3	0.0
topic 4	0.00529207826408
topic 5	0.000130809638083
topic 6	0.0
