topic	weight
topic 0	0.0
topic 1	0.00744415325502
topic 2	0.000808764515979
topic 3	0.00260912738793
topic 4	0.00199669543979
topic 5	0.00813101981682
topic 6	0.0
