topic	weight
topic 0	0.000910155223171
topic 1	0.0012015352009
topic 2	0.0
topic 3	0.0
topic 4	0.00075946549009
topic 5	0.0
topic 6	0.0
