topic	weight
topic 0	0.0
topic 1	0.0151333803636
topic 2	0.0150413913368
topic 3	0.00117305339746
topic 4	0.00174373341476
topic 5	0.00417239049619
topic 6	0.00378815259352
