topic	weight
topic 0	0.147553567779
topic 1	0.0
topic 2	0.00256236766307
topic 3	0.0223204082485
topic 4	0.00316003545218
topic 5	0.0
topic 6	0.0
