topic	weight
topic 0	0.0
topic 1	0.00442099066877
topic 2	0.00700612936695
topic 3	0.000109406505605
topic 4	0.0147789507164
topic 5	0.000859376086444
topic 6	0.0
