topic	weight
topic 0	0.000782891264119
topic 1	0.00702802193922
topic 2	0.0112396803042
topic 3	0.00171073313458
topic 4	0.00807423633181
topic 5	0.00648002613835
topic 6	0.0
