topic	weight
topic 0	0.00455695447505
topic 1	0.0
topic 2	0.0108999257587
topic 3	0.00134353804799
topic 4	0.00249259287288
topic 5	0.000389286611661
topic 6	0.0
