topic	weight
topic 0	0.00193715495616
topic 1	0.00132302066252
topic 2	0.00579130690356
topic 3	0.00170172871244
topic 4	0.000416709843811
topic 5	0.000314990132908
topic 6	0.0
