topic	weight
topic 0	0.001919956272
topic 1	0.0
topic 2	0.0299144431319
topic 3	0.00853927941737
topic 4	0.0185498393242
topic 5	0.00559692748312
topic 6	0.000930907099252
