topic	weight
topic 0	0.0
topic 1	0.000841809121265
topic 2	0.00658118643622
topic 3	0.001463254905
topic 4	0.00266015062301
topic 5	0.000894588519902
topic 6	0.00171257829441
