topic	weight
topic 0	0.000883423635928
topic 1	0.0077963376025
topic 2	0.0155891987097
topic 3	0.17217941128
topic 4	0.0
topic 5	0.00372305628976
topic 6	0.0
