topic	weight
topic 0	0.014871191789
topic 1	0.0
topic 2	0.0
topic 3	0.000880527353566
topic 4	0.0013917271595
topic 5	0.0415931572877
topic 6	0.000439244957444
