topic	weight
topic 0	0.0
topic 1	0.0114006777784
topic 2	0.00209574578243
topic 3	0.00944385359583
topic 4	0.00117760884866
topic 5	0.00903025067285
topic 6	0.0
