topic	weight
topic 0	0.0
topic 1	0.00401465223182
topic 2	0.0131199742497
topic 3	0.0139535214502
topic 4	0.00885980164703
topic 5	0.0108542643057
topic 6	0.0
