topic	weight
topic 0	0.000337033047497
topic 1	0.000577235480852
topic 2	0.00275010589664
topic 3	0.000521473432876
topic 4	0.00389497821104
topic 5	0.000120681034289
topic 6	0.0
