topic	weight
topic 0	0.0
topic 1	0.000423746459948
topic 2	0.000147953013667
topic 3	0.0426026881175
topic 4	0.0
topic 5	0.0
topic 6	0.0
