topic	weight
topic 0	0.000814048285887
topic 1	0.00814829662029
topic 2	0.0750115966194
topic 3	0.0050732066645
topic 4	0.0
topic 5	0.00256551477708
topic 6	0.0165859357371
