topic	weight
topic 0	0.000590251100027
topic 1	0.00357914733078
topic 2	0.000758189284104
topic 3	0.00214102623822
topic 4	0.00109537505936
topic 5	3.37777598582e-05
topic 6	0.0
