topic	weight
topic 0	0.0
topic 1	0.00153814827965
topic 2	0.0301210751995
topic 3	0.0
topic 4	0.00748058464443
topic 5	0.000863678573073
topic 6	0.0
