topic	weight
topic 0	0.0
topic 1	0.00527254146342
topic 2	0.00415875691721
topic 3	0.0155800706654
topic 4	0.000172194993079
topic 5	0.00217558897302
topic 6	0.0
