topic	weight
topic 0	0.0202930517018
topic 1	0.000987045883393
topic 2	0.00781165371206
topic 3	0.00115053550421
topic 4	8.7242210632e-05
topic 5	0.0
topic 6	0.0
