topic	weight
topic 0	0.0
topic 1	0.00160675581039
topic 2	0.000396637266097
topic 3	0.0
topic 4	0.0
topic 5	1.90673076574e-05
topic 6	0.0
