topic	weight
topic 0	0.0
topic 1	0.0236228160407
topic 2	0.00595955342907
topic 3	4.90052486501e-05
topic 4	0.000269997003146
topic 5	0.00635658833518
topic 6	0.0
