topic	weight
topic 0	0.0114105553649
topic 1	0.0
topic 2	0.0
topic 3	0.0
topic 4	0.00104924769501
topic 5	0.00327438026394
topic 6	2.95635391178e-06
