topic	weight
topic 0	0.00879025374035
topic 1	0.00220520877565
topic 2	0.00284979006225
topic 3	0.0061137086968
topic 4	0.00135540755419
topic 5	0.0561394460282
topic 6	8.31484752379e-05
