topic	weight
topic 0	0.0
topic 1	0.00164533589346
topic 2	0.0104673624482
topic 3	0.00359192576617
topic 4	0.00915473587878
topic 5	0.0139212791372
topic 6	0.0
