topic	weight
topic 0	0.0
topic 1	0.0
topic 2	0.0
topic 3	0.0373791623463
topic 4	0.01433860361
topic 5	6.42564846105e-05
topic 6	0.0
