topic	weight
topic 0	0.0
topic 1	0.0014259708065
topic 2	0.00756769047368
topic 3	0.019738062033
topic 4	0.00704855672777
topic 5	0.00286457331784
topic 6	0.0112956324529
