topic	weight
topic 0	0.00237292144874
topic 1	0.00664212912483
topic 2	0.0206151750789
topic 3	0.0136400838999
topic 4	0.0225625015016
topic 5	0.0376396572325
topic 6	0.0135652508225
