topic	weight
topic 0	0.00100694728525
topic 1	0.00285909055445
topic 2	0.00989941408818
topic 3	0.00461990463386
topic 4	0.00619558415876
topic 5	0.00715357908748
topic 6	0.0
