topic	weight
topic 0	0.0
topic 1	0.0
topic 2	4.45084283462e-05
topic 3	4.022692736e-05
topic 4	0.0
topic 5	0.00301702159146
topic 6	3.4307261815e-05
