topic	weight
topic 0	0.0
topic 1	0.00293705162131
topic 2	0.00200809072976
topic 3	0.00471932908762
topic 4	0.00567493967309
topic 5	0.000883319381633
topic 6	0.0
