topic	weight
topic 0	0.0
topic 1	0.00114531274063
topic 2	0.0019387237765
topic 3	0.0
topic 4	0.00124953294352
topic 5	4.93194647054e-05
topic 6	0.0
