topic	weight
topic 0	0.0
topic 1	0.00243482093428
topic 2	0.000384401422504
topic 3	0.0
topic 4	0.00410169736928
topic 5	0.00117682387536
topic 6	0.0
