topic	weight
topic 0	0.000235674516625
topic 1	0.000740867669587
topic 2	0.00427404297595
topic 3	0.0
topic 4	0.0109774967759
topic 5	0.00730351232482
topic 6	0.00421055971891
