topic	weight
topic 0	0.0
topic 1	0.00622599029829
topic 2	0.000434637129617
topic 3	0.00115829182148
topic 4	0.00205516331211
topic 5	0.00746439921082
topic 6	0.0
