topic	weight
topic 0	0.0
topic 1	0.000349049754057
topic 2	0.000138800071026
topic 3	0.0
topic 4	0.00100556005538
topic 5	0.00526375315221
topic 6	0.0
