topic	weight
topic 0	0.0016161316996
topic 1	8.97951588784e-05
topic 2	0.000328447384901
topic 3	9.53900940203e-05
topic 4	0.000225746676868
topic 5	0.0
topic 6	0.0
