topic	weight
topic 0	0.0
topic 1	0.00184476313927
topic 2	0.000306596392442
topic 3	0.00246763073707
topic 4	0.000980291743289
topic 5	0.00510942132152
topic 6	0.0
