topic	weight
topic 0	0.0
topic 1	0.00141677948281
topic 2	0.00107820798878
topic 3	0.000462563436981
topic 4	0.000240883055661
topic 5	0.000573341985666
topic 6	0.0
