topic	weight
topic 0	0.0
topic 1	0.000342780720554
topic 2	0.00286522087155
topic 3	0.0
topic 4	0.00914719451801
topic 5	0.00661704974424
topic 6	0.00205415500313
