topic	weight
topic 0	0.0
topic 1	0.000855062429617
topic 2	0.00376250927518
topic 3	0.000171753166025
topic 4	0.00303362725535
topic 5	0.000674580938243
topic 6	0.0
