topic	weight
topic 0	0.0
topic 1	0.000787522978199
topic 2	0.0250750488972
topic 3	0.0
topic 4	0.00647741021143
topic 5	0.00103955473921
topic 6	0.0
