topic	weight
topic 0	0.00966070051368
topic 1	0.00720046495881
topic 2	0.018646032219
topic 3	0.00453646743328
topic 4	0.00704505617808
topic 5	0.000842329107185
topic 6	0.0
