topic	weight
topic 0	0.0
topic 1	0.00254548251007
topic 2	0.0135361773286
topic 3	0.00533739919911
topic 4	0.00718319583964
topic 5	0.0108226036148
topic 6	0.0
