topic	weight
topic 0	0.0
topic 1	0.000178724059908
topic 2	0.0
topic 3	0.000103165865261
topic 4	0.000112853354847
topic 5	0.000907959162226
topic 6	0.0
