topic	weight
topic 0	0.000756889316731
topic 1	5.28892765454e-05
topic 2	0.0
topic 3	0.00570537456454
topic 4	0.0
topic 5	0.161129481413
topic 6	0.0
