topic	weight
topic 0	0.0
topic 1	0.00212685092627
topic 2	0.0111895909916
topic 3	0.0
topic 4	0.0113535681937
topic 5	0.00432974564733
topic 6	0.0163603869158
