topic	weight
topic 0	0.0015245209217
topic 1	0.000343259826728
topic 2	0.00220676697818
topic 3	0.0
topic 4	0.0119574259598
topic 5	0.00394135016347
topic 6	0.0044556733528
