topic	weight
topic 0	0.0
topic 1	0.000861535954498
topic 2	0.000182208269212
topic 3	0.00361630122624
topic 4	0.000597896457922
topic 5	0.00948392673043
topic 6	0.0
