topic	weight
topic 0	0.00262816320184
topic 1	0.00178454679707
topic 2	0.00248561225831
topic 3	0.00132478854751
topic 4	0.00134231469751
topic 5	0.0016750989823
topic 6	0.000143892212381
