topic	weight
topic 0	0.0331133997263
topic 1	0.0
topic 2	0.0
topic 3	0.0
topic 4	0.00726423988272
topic 5	0.0
topic 6	0.0
