topic	weight
topic 0	0.0
topic 1	0.0
topic 2	0.00120638910033
topic 3	0.0562038096
topic 4	0.0
topic 5	0.00155333001507
topic 6	0.0
