topic	weight
topic 0	0.0
topic 1	0.108812902756
topic 2	0.0
topic 3	0.0
topic 4	0.0418636536157
topic 5	0.0
topic 6	0.336359510425
