topic	weight
topic 0	0.0
topic 1	1.52050589914e-06
topic 2	0.0463032814585
topic 3	0.0
topic 4	0.0
topic 5	0.0
topic 6	0.0172461624302
