topic	weight
topic 0	0.0
topic 1	0.0
topic 2	0.0223423902923
topic 3	0.00139019476702
topic 4	0.00748152334876
topic 5	0.00571598377052
topic 6	0.0
