topic	weight
topic 0	0.0088722443569
topic 1	0.0233589866853
topic 2	0.0
topic 3	0.00318327304183
topic 4	0.0
topic 5	0.202693555212
topic 6	0.000577890009825
