topic	weight
topic 0	0.0
topic 1	0.00127581811342
topic 2	0.0
topic 3	0.0
topic 4	0.000143315757859
topic 5	3.96423323566e-05
topic 6	0.0024747954609
