topic	weight
topic 0	4.10646376519e-05
topic 1	4.12727599443e-05
topic 2	5.9581762735e-05
topic 3	0.000278925030337
topic 4	5.33981298379e-05
topic 5	0.0
topic 6	0.0
