topic	weight
topic 0	0.0
topic 1	0.000692493429308
topic 2	0.0453749460335
topic 3	0.00585102677583
topic 4	0.0
topic 5	0.0
topic 6	0.0197498842501
