topic	weight
topic 0	0.0
topic 1	0.0
topic 2	0.0
topic 3	0.0
topic 4	0.191038069319
topic 5	0.0
topic 6	0.0349956329207
