topic	weight
topic 0	0.000602066448204
topic 1	0.00143284538677
topic 2	0.00255135035747
topic 3	0.0
topic 4	0.00331380129809
topic 5	0.000658818737799
topic 6	0.000307577151838
