topic	weight
topic 0	0.15399027345
topic 1	0.0
topic 2	0.00613455380305
topic 3	0.00168801136825
topic 4	0.00819669192937
topic 5	0.0
topic 6	0.0
