topic	weight
topic 0	0.0
topic 1	0.00869156937479
topic 2	0.00349904601022
topic 3	9.21663190528e-05
topic 4	0.00417421438098
topic 5	0.00449624025135
topic 6	0.0
