topic	weight
topic 0	0.00437333212464
topic 1	0.0044497504533
topic 2	0.013518918897
topic 3	0.000861912339059
topic 4	0.00257371376431
topic 5	0.00315322252384
topic 6	0.0
