topic	weight
topic 0	0.0
topic 1	0.000167447787106
topic 2	0.000123988145397
topic 3	0.00265672231681
topic 4	0.00238505871042
topic 5	6.32693392841e-05
topic 6	0.0
