topic	weight
topic 0	0.0
topic 1	0.000329554011084
topic 2	0.000673463054972
topic 3	0.000537809294024
topic 4	0.000648300850622
topic 5	0.00178988125668
topic 6	0.0
