topic	weight
topic 0	0.0
topic 1	0.00303195239792
topic 2	0.0162683261497
topic 3	0.00235747796776
topic 4	0.0127052765848
topic 5	0.0110538411306
topic 6	0.0126844345161
