topic	weight
topic 0	0.0
topic 1	0.000331063079126
topic 2	0.0
topic 3	0.0
topic 4	0.000244357114276
topic 5	0.0075592827179
topic 6	0.0
