topic	weight
topic 0	0.0294645232045
topic 1	0.0
topic 2	0.00109084098834
topic 3	0.000308990831167
topic 4	0.000198626226826
topic 5	0.0
topic 6	8.01409192585e-05
