topic	weight
topic 0	0.101802622718
topic 1	0.00656339453664
topic 2	0.0112210562822
topic 3	0.00322014728904
topic 4	0.0199226099909
topic 5	0.0391918774754
topic 6	0.00427214270007
