topic	weight
topic 0	0.0
topic 1	0.00544575558955
topic 2	0.00702189934106
topic 3	0.00334916792369
topic 4	0.00124469426996
topic 5	0.00249656713653
topic 6	1.09005064072e-05
