topic	weight
topic 0	0.0047689293681
topic 1	0.0
topic 2	0.000734507618742
topic 3	0.00438762972111
topic 4	0.000418591716926
topic 5	0.0
topic 6	0.0
