topic	weight
topic 0	0.00285305996602
topic 1	0.00127731306277
topic 2	8.69117345066e-05
topic 3	0.0
topic 4	0.00260831662102
topic 5	0.000795796456579
topic 6	0.0
