topic	weight
topic 0	0.0
topic 1	0.156229061358
topic 2	0.322278074648
topic 3	0.0
topic 4	0.0
topic 5	0.0155172117209
topic 6	0.0
