topic	weight
topic 0	0.00636084012588
topic 1	0.00141909639837
topic 2	0.00459893269485
topic 3	0.000895918813276
topic 4	0.0057320382452
topic 5	0.000175388016707
topic 6	0.0
