topic	weight
topic 0	0.000362521398864
topic 1	0.00864308110528
topic 2	0.0657556139196
topic 3	0.0
topic 4	0.095516498403
topic 5	0.0720669725211
topic 6	0.0276242165139
