topic	weight
topic 0	0.000418483723741
topic 1	0.0127990046689
topic 2	0.00386697480027
topic 3	0.00139791279009
topic 4	0.0171968777707
topic 5	0.0144351685908
topic 6	0.00202518523139
