topic	weight
topic 0	0.00151291384603
topic 1	0.0039121498052
topic 2	0.00309931143423
topic 3	0.19538762602
topic 4	0.0
topic 5	0.0
topic 6	0.0
