topic	weight
topic 0	0.000886295447796
topic 1	0.0070766860255
topic 2	0.00247553021002
topic 3	0.00168209169296
topic 4	0.0056525592215
topic 5	0.005169390399
topic 6	0.0
