topic	weight
topic 0	0.0
topic 1	0.0
topic 2	2.28668838071e-05
topic 3	0.0
topic 4	0.0015220431709
topic 5	0.000125644376132
topic 6	7.06118400834e-05
