topic	weight
topic 0	0.0
topic 1	0.00582450484118
topic 2	0.00895130129715
topic 3	0.00328192402286
topic 4	0.00598295200426
topic 5	0.00444040509425
topic 6	0.0
