topic	weight
topic 0	0.00328493210388
topic 1	0.00269454846815
topic 2	0.0131669751331
topic 3	0.00486786066742
topic 4	0.00971320586952
topic 5	0.00998967738914
topic 6	0.0
