topic	weight
topic 0	0.0
topic 1	0.0664270110612
topic 2	0.0626624585009
topic 3	0.00175947838454
topic 4	0.0999473728436
topic 5	0.00752660236773
topic 6	0.0
