topic	weight
topic 0	0.00708815546062
topic 1	0.00967256382863
topic 2	0.010222443794
topic 3	0.0
topic 4	0.12210057508
topic 5	0.00107963301533
topic 6	0.00350342404287
