topic	weight
topic 0	0.0191630814626
topic 1	0.0416094014563
topic 2	0.0409842913973
topic 3	0.0187835509194
topic 4	0.0141095065709
topic 5	0.0130373864582
topic 6	0.0
