topic	weight
topic 0	0.00100416596702
topic 1	0.000824143948309
topic 2	0.0036189532948
topic 3	0.0
topic 4	0.00644759312075
topic 5	0.00026088061059
topic 6	6.14741661202e-05
