topic	weight
topic 0	0.0
topic 1	0.000302692830981
topic 2	0.0006209106909
topic 3	0.000289425970599
topic 4	0.00034966749867
topic 5	0.0
topic 6	0.0
