topic	weight
topic 0	0.0
topic 1	0.000259684635069
topic 2	0.00109487063255
topic 3	0.000111012213178
topic 4	0.000194722911827
topic 5	0.000761744688997
topic 6	0.0
