topic	weight
topic 0	0.00825607558007
topic 1	0.0
topic 2	0.0
topic 3	0.000119124735986
topic 4	0.0
topic 5	0.0
topic 6	7.19704407693e-05
