topic	weight
topic 0	0.00255327198353
topic 1	0.0
topic 2	4.1037373273e-05
topic 3	0.0
topic 4	0.00242291649974
topic 5	0.00112801215721
topic 6	0.0
