topic	weight
topic 0	0.0
topic 1	0.0
topic 2	0.0730098480581
topic 3	0.0
topic 4	0.0
topic 5	0.0
topic 6	0.00896903937077
