topic	weight
topic 0	0.0
topic 1	0.00123385232205
topic 2	0.0
topic 3	0.000481711586505
topic 4	0.00658157748593
topic 5	0.0502729201552
topic 6	0.0
