topic	weight
topic 0	0.0
topic 1	0.0067211661975
topic 2	0.010047222982
topic 3	0.0
topic 4	0.0126875978768
topic 5	0.0
topic 6	0.00243378581249
