topic	weight
topic 0	0.0114134233307
topic 1	0.0
topic 2	0.00125075515679
topic 3	0.000224934638026
topic 4	4.30740752809e-05
topic 5	0.0112450597073
topic 6	0.0
