topic	weight
topic 0	0.0
topic 1	0.0134191415553
topic 2	0.00273128778188
topic 3	0.0
topic 4	0.0003375165073
topic 5	0.00148695315432
topic 6	0.0
