topic	weight
topic 0	0.000585807845259
topic 1	0.00987583559066
topic 2	0.00876609348561
topic 3	0.00506079797136
topic 4	0.0103393987999
topic 5	0.016514017259
topic 6	0.0
