topic	weight
topic 0	0.000654474993326
topic 1	8.08700321037e-05
topic 2	0.000730087196629
topic 3	0.00391162232816
topic 4	0.000989576909291
topic 5	0.0
topic 6	0.0
