topic	weight
topic 0	0.0
topic 1	0.120920227807
topic 2	0.00253673224884
topic 3	0.00302119522898
topic 4	0.00422451792521
topic 5	0.00758589720745
topic 6	0.0
