topic	weight
topic 0	0.0
topic 1	0.00240695631527
topic 2	0.0
topic 3	0.0
topic 4	0.0460837284809
topic 5	0.00512553660927
topic 6	0.00232923572362
