topic	weight
topic 0	0.0
topic 1	0.00767351341042
topic 2	5.10723114638e-05
topic 3	0.0
topic 4	0.000581625921515
topic 5	0.000709186657587
topic 6	0.0
