topic	weight
topic 0	0.00576299647894
topic 1	0.00436611168326
topic 2	0.012300507858
topic 3	0.00215247195639
topic 4	0.00257601098187
topic 5	0.00238796435902
topic 6	0.0
