topic	weight
topic 0	0.0
topic 1	0.00100299252427
topic 2	0.0293651584801
topic 3	0.0
topic 4	0.00944731907573
topic 5	0.00147525822259
topic 6	0.0154626974524
