topic	weight
topic 0	0.000934360541363
topic 1	0.0125760420987
topic 2	0.00399326918989
topic 3	0.00201865385207
topic 4	0.0
topic 5	0.00226157699753
topic 6	0.0
