topic	weight
topic 0	0.0
topic 1	0.00382009723704
topic 2	0.0050449771363
topic 3	0.000678321687838
topic 4	0.00608228280133
topic 5	0.0
topic 6	0.0
