topic	weight
topic 0	0.0
topic 1	0.0139304923418
topic 2	0.0
topic 3	0.000392997799723
topic 4	0.00083162969289
topic 5	0.00107745618689
topic 6	0.0
