topic	weight
topic 0	0.00314831887868
topic 1	0.0
topic 2	0.0
topic 3	0.021197035412
topic 4	0.0
topic 5	0.0159734592032
topic 6	0.000162271216701
