topic	weight
topic 0	0.0
topic 1	0.0
topic 2	0.0141077256289
topic 3	0.000287956094487
topic 4	0.0030004622988
topic 5	0.0
topic 6	0.0
