topic	weight
topic 0	0.00191674378
topic 1	0.0
topic 2	0.000886044633522
topic 3	0.22535067563
topic 4	0.0
topic 5	0.0
topic 6	0.0
