topic	weight
topic 0	0.0
topic 1	0.0136251187408
topic 2	0.00790146910624
topic 3	0.0066528279781
topic 4	0.00111137017398
topic 5	0.0145411027952
topic 6	0.0
