topic	weight
topic 0	0.0
topic 1	6.20857735981e-05
topic 2	4.51378550835e-05
topic 3	0.000408288147807
topic 4	0.000159849014073
topic 5	1.5447408757e-05
topic 6	0.0
