topic	weight
topic 0	0.000836142518964
topic 1	0.0
topic 2	0.00147829157038
topic 3	0.0
topic 4	0.00141486693702
topic 5	0.0
topic 6	0.00511379872331
