topic	weight
topic 0	0.0088329331333
topic 1	0.000131735343897
topic 2	0.00917623389806
topic 3	0.00118153534096
topic 4	0.00573221576912
topic 5	0.0
topic 6	0.0
