topic	weight
topic 0	0.0
topic 1	0.0397932168466
topic 2	0.00229717522545
topic 3	0.0
topic 4	0.0
topic 5	0.000800252893384
topic 6	0.00129363956921
