topic	weight
topic 0	0.0070923558112
topic 1	0.000415934377387
topic 2	0.00624076240614
topic 3	0.0
topic 4	0.00816664547401
topic 5	0.0
topic 6	0.0
