topic	weight
topic 0	0.0
topic 1	0.00168659735375
topic 2	0.00260004323904
topic 3	0.0
topic 4	0.00586257509421
topic 5	0.00244869596772
topic 6	0.0
