topic	weight
topic 0	0.0
topic 1	0.0
topic 2	0.0
topic 3	0.0602373935867
topic 4	0.0120221659694
topic 5	0.0
topic 6	2.69921638456e-05
