topic	weight
topic 0	0.0
topic 1	0.0003568126901
topic 2	0.00174998554133
topic 3	0.00325379013477
topic 4	0.0141551800847
topic 5	0.000251702610946
topic 6	0.0
