topic	weight
topic 0	0.0
topic 1	0.00534667835436
topic 2	0.0192143114823
topic 3	0.000885828162356
topic 4	0.00254904456772
topic 5	0.000268199831364
topic 6	0.0
