topic	weight
topic 0	0.0
topic 1	0.00103573139231
topic 2	0.00588222942547
topic 3	0.00208587933583
topic 4	0.0034184498064
topic 5	0.00134774550086
topic 6	0.0
