topic	weight
topic 0	0.0
topic 1	0.000288965613511
topic 2	0.000599625492178
topic 3	0.00354548762845
topic 4	0.000475737271192
topic 5	0.00295446545196
topic 6	5.32437205321e-05
