topic	weight
topic 0	4.7095849578e-05
topic 1	0.00965697629612
topic 2	0.000663291119795
topic 3	0.001426620434
topic 4	0.00798411052771
topic 5	0.0
topic 6	0.0
