topic	weight
topic 0	2.34628191087e-05
topic 1	0.0
topic 2	0.00100332517186
topic 3	0.00221702416815
topic 4	0.00365711772366
topic 5	9.07331750467e-05
topic 6	0.0
