topic	weight
topic 0	0.00699987122674
topic 1	0.00649494715028
topic 2	0.0169588462527
topic 3	0.00279547804759
topic 4	0.00659098792148
topic 5	0.0
topic 6	0.0
