topic	weight
topic 0	0.00397735537474
topic 1	0.0
topic 2	0.000247354024721
topic 3	0.0
topic 4	5.56345467225e-05
topic 5	0.00709675961928
topic 6	0.0
