topic	weight
topic 0	0.0
topic 1	0.000939438741007
topic 2	0.00611390517021
topic 3	0.00352894074046
topic 4	0.00928634767768
topic 5	0.00244663364585
topic 6	0.0339915222887
