topic	weight
topic 0	0.0
topic 1	0.000541948451527
topic 2	0.000358679506894
topic 3	0.000354544396231
topic 4	0.000606122277402
topic 5	0.00596184643253
topic 6	0.0
