topic	weight
topic 0	0.00287990818667
topic 1	0.0199317318596
topic 2	0.00436209582053
topic 3	0.0
topic 4	0.00602329047608
topic 5	0.00492915284668
topic 6	0.0
