topic	weight
topic 0	0.000235134391139
topic 1	0.00315053832753
topic 2	0.00580653740881
topic 3	0.00514607767728
topic 4	0.0185284152203
topic 5	0.0035274503108
topic 6	0.0
