topic	weight
topic 0	0.00161539927977
topic 1	0.0
topic 2	0.0521440679169
topic 3	0.0248380443665
topic 4	0.0
topic 5	0.0
topic 6	0.00588158075506
