topic	weight
topic 0	0.0
topic 1	0.00333700619158
topic 2	0.0187786371877
topic 3	0.0
topic 4	0.00234157210095
topic 5	0.000374247649078
topic 6	0.0
