topic	weight
topic 0	4.90032768455e-05
topic 1	0.00422405442791
topic 2	0.00605413612421
topic 3	0.00540964369543
topic 4	0.0
topic 5	0.240223339339
topic 6	0.0
