topic	weight
topic 0	0.0
topic 1	0.000251721063056
topic 2	0.000877414776514
topic 3	0.000333069491119
topic 4	0.000588852541217
topic 5	0.00131404023858
topic 6	0.0
