topic	weight
topic 0	0.0
topic 1	0.00441683140168
topic 2	0.00555825123688
topic 3	0.00428257564195
topic 4	0.00143055435917
topic 5	0.00779716790664
topic 6	0.0
