topic	weight
topic 0	0.0
topic 1	0.00384671773325
topic 2	0.130176198546
topic 3	0.00370496493764
topic 4	0.00335064979362
topic 5	0.00357446947887
topic 6	0.0
