topic	weight
topic 0	0.000632447369396
topic 1	0.0015696703623
topic 2	0.0020577916315
topic 3	0.0
topic 4	0.00104834627034
topic 5	0.000895555936335
topic 6	0.00187779226442
