topic	weight
topic 0	0.0
topic 1	0.000583615514122
topic 2	0.00194800366638
topic 3	0.00162649040034
topic 4	0.00213707097299
topic 5	0.0027643855847
topic 6	5.35009672133e-05
