topic	weight
topic 0	0.0
topic 1	0.0
topic 2	0.0396148581946
topic 3	0.000187985629323
topic 4	0.00348290803185
topic 5	0.00281949742955
topic 6	0.0
