topic	weight
topic 0	0.00165307632683
topic 1	0.00150495869284
topic 2	0.00189119002608
topic 3	0.00617118922202
topic 4	0.0
topic 5	0.0
topic 6	0.000127077905032
