topic	weight
topic 0	0.0
topic 1	0.000521694747541
topic 2	0.00245611589083
topic 3	0.000739936347334
topic 4	0.00488785764985
topic 5	0.00502972615179
topic 6	0.0
