topic	weight
topic 0	0.0
topic 1	0.0061733245744
topic 2	0.0424150344288
topic 3	0.00773717661321
topic 4	0.00535003542859
topic 5	0.204721009278
topic 6	0.0
