topic	weight
topic 0	0.0
topic 1	0.000702362161497
topic 2	0.000353999384279
topic 3	0.00533490680083
topic 4	0.000116154796099
topic 5	0.00457522414514
topic 6	0.0
