topic	weight
topic 0	0.0
topic 1	0.00474049880414
topic 2	0.0230079520715
topic 3	0.000924201158562
topic 4	0.00597767305328
topic 5	0.00760602486391
topic 6	0.0
