topic	weight
topic 0	0.0
topic 1	0.156662063123
topic 2	0.00928489573866
topic 3	0.00545822620213
topic 4	0.00195085119343
topic 5	0.000408877251017
topic 6	0.0
