topic	weight
topic 0	0.0
topic 1	0.00569752641207
topic 2	0.0030334552121
topic 3	0.0
topic 4	0.0118456436964
topic 5	0.00234718179523
topic 6	0.0
