topic	weight
topic 0	0.000532236547043
topic 1	0.00497807386743
topic 2	0.00340057751005
topic 3	0.0145736779502
topic 4	0.00417872647988
topic 5	0.00552931741046
topic 6	0.00253025729557
