topic	weight
topic 0	0.000280216893783
topic 1	0.00144621268328
topic 2	0.00784511390301
topic 3	0.000335311490763
topic 4	0.00259493676062
topic 5	0.00108713586414
topic 6	0.00185012373193
