topic	weight
topic 0	0.271618406018
topic 1	0.0
topic 2	0.0
topic 3	0.0
topic 4	0.0
topic 5	0.157747322361
topic 6	0.0
