topic	weight
topic 0	0.000346910111355
topic 1	0.00378217149962
topic 2	0.00150445230736
topic 3	0.00136568099784
topic 4	0.00320168592958
topic 5	0.00355736929529
topic 6	0.0
