topic	weight
topic 0	3.52359038057e-05
topic 1	0.000816828296574
topic 2	0.000285125601429
topic 3	0.000103525051928
topic 4	0.000182033171172
topic 5	0.0
topic 6	0.0
