topic	weight
topic 0	9.55594423155e-05
topic 1	8.49509152829e-05
topic 2	0.000312713258607
topic 3	7.16422529454e-05
topic 4	0.000586990935181
topic 5	0.00067980227656
topic 6	2.55560126504e-05
