topic	weight
topic 0	0.000180285529209
topic 1	0.00658557213944
topic 2	0.0128567014332
topic 3	0.00593575040793
topic 4	0.00513603173561
topic 5	0.00403356718916
topic 6	0.00106455864707
