topic	weight
topic 0	0.0
topic 1	0.000429515611308
topic 2	0.0
topic 3	5.64863741994e-05
topic 4	0.000285368068392
topic 5	0.00601864024737
topic 6	0.0
