topic	weight
topic 0	0.0
topic 1	0.0
topic 2	0.21282134203
topic 3	0.0
topic 4	0.0
topic 5	0.00146276694844
topic 6	0.0
