topic	weight
topic 0	0.0
topic 1	0.211367784792
topic 2	0.0
topic 3	0.0041671428134
topic 4	0.0
topic 5	0.0253864634482
topic 6	0.0
