topic	weight
topic 0	0.00136590640125
topic 1	0.0128245613719
topic 2	0.00386902667045
topic 3	0.00107241907549
topic 4	0.0
topic 5	0.00203098070695
topic 6	0.0
