topic	weight
topic 0	0.000648529899305
topic 1	0.0
topic 2	0.00418977739457
topic 3	0.00489293111503
topic 4	0.00103643072065
topic 5	0.0
topic 6	0.00133799798436
