topic	weight
topic 0	0.00723183454639
topic 1	0.000964814494664
topic 2	0.00375257278008
topic 3	0.00337777318022
topic 4	0.00491774885699
topic 5	0.155869121386
topic 6	0.0
