topic	weight
topic 0	0.0
topic 1	0.004980641979
topic 2	0.00278313086296
topic 3	0.0114012393695
topic 4	0.000150855855974
topic 5	0.000705292631203
topic 6	0.0
