topic	weight
topic 0	0.0
topic 1	0.000935027229994
topic 2	0.0048304515431
topic 3	0.000826136195572
topic 4	0.00210372172878
topic 5	0.00103864852999
topic 6	0.0
