topic	weight
topic 0	0.0
topic 1	0.0
topic 2	7.88679891585e-05
topic 3	0.0117770715214
topic 4	0.0
topic 5	0.0
topic 6	8.43909781419e-05
