topic	weight
topic 0	0.00806606087392
topic 1	0.0324602607378
topic 2	0.0052654737421
topic 3	0.00860130285407
topic 4	0.000573919973052
topic 5	0.0
topic 6	0.0
