topic	weight
topic 0	0.000558243843206
topic 1	0.000338417740416
topic 2	0.0105820755687
topic 3	0.0142596083804
topic 4	0.0245460568079
topic 5	0.000692916975705
topic 6	0.0
