topic	weight
topic 0	0.0
topic 1	0.000471107886985
topic 2	3.48209053979e-05
topic 3	0.0
topic 4	0.00126238613377
topic 5	0.0013903416127
topic 6	0.0
