topic	weight
topic 0	0.149311624796
topic 1	0.00119064844254
topic 2	0.000920694395298
topic 3	0.000596178531102
topic 4	0.00219390735038
topic 5	0.0
topic 6	6.71624035258e-05
