topic	weight
topic 0	0.0
topic 1	0.00875251139002
topic 2	0.0090332428508
topic 3	0.00228824476232
topic 4	0.00123949701959
topic 5	0.00201625254832
topic 6	0.0
