topic	weight
topic 0	0.00069328263689
topic 1	0.000131327527746
topic 2	0.00122245012186
topic 3	0.0020453442873
topic 4	0.00258911952438
topic 5	0.00162399131914
topic 6	0.0
