topic	weight
topic 0	0.00688949185557
topic 1	0.00158631810235
topic 2	0.00655764147186
topic 3	0.0
topic 4	0.00760840024713
topic 5	0.0
topic 6	0.0
