topic	weight
topic 0	0.0
topic 1	0.0143746730093
topic 2	0.0292231627364
topic 3	3.18967762547e-05
topic 4	0.0402760472251
topic 5	0.0
topic 6	0.00071749779394
