topic	weight
topic 0	0.0
topic 1	0.000923856862689
topic 2	0.0549084884429
topic 3	0.0
topic 4	0.0130001610486
topic 5	0.00367019681944
topic 6	0.0191917545937
