topic	weight
topic 0	0.0
topic 1	0.0128935201769
topic 2	0.0213256530302
topic 3	0.0
topic 4	0.00103278816611
topic 5	0.00152932919024
topic 6	0.0
