topic	weight
topic 0	0.0
topic 1	0.000433688576378
topic 2	0.0030450378358
topic 3	0.0
topic 4	0.211078448153
topic 5	0.0
topic 6	0.0
