topic	weight
topic 0	0.0
topic 1	6.24917338291e-05
topic 2	0.000207641721705
topic 3	9.67016004489e-05
topic 4	0.00014499663946
topic 5	0.000314323012725
topic 6	4.00725739386e-05
