topic	weight
topic 0	0.0
topic 1	0.0
topic 2	3.91144620239e-06
topic 3	3.69288995372e-07
topic 4	4.07213188874e-06
topic 5	0.0
topic 6	0.0
