topic	weight
topic 0	0.000614178026025
topic 1	0.0
topic 2	0.00275538809731
topic 3	0.000294318089501
topic 4	0.000414338787561
topic 5	0.000245208244255
topic 6	0.0
