topic	weight
topic 0	0.00969929622604
topic 1	0.00459810865642
topic 2	0.0
topic 3	0.000368606413878
topic 4	0.000205479535234
topic 5	0.189971996676
topic 6	0.0
