topic	weight
topic 0	0.0
topic 1	0.0
topic 2	0.173394832746
topic 3	0.0
topic 4	0.00610446579905
topic 5	0.00064804095736
topic 6	0.0213349762278
