topic	weight
topic 0	0.000301168475726
topic 1	0.0
topic 2	0.0
topic 3	0.00318448899867
topic 4	0.00634312337417
topic 5	0.0
topic 6	0.0
