topic	weight
topic 0	0.00486055757768
topic 1	0.00108482633417
topic 2	0.00535269212864
topic 3	0.00155939856666
topic 4	0.00661099214384
topic 5	0.0
topic 6	0.0
