topic	weight
topic 0	0.0
topic 1	0.00374688906432
topic 2	0.00737769302612
topic 3	0.00377831785961
topic 4	0.00813542506186
topic 5	0.00492978020502
topic 6	0.0
