topic	weight
topic 0	0.0
topic 1	0.00549424376334
topic 2	0.0193190593377
topic 3	0.00590522746746
topic 4	0.00133070801943
topic 5	0.0118946266386
topic 6	0.00166447974518
