topic	weight
topic 0	1.06155792424e-05
topic 1	0.000812047620859
topic 2	0.00144457302296
topic 3	0.00413847190345
topic 4	0.000830221584491
topic 5	0.0
topic 6	0.0
