topic	weight
topic 0	0.0
topic 1	0.0
topic 2	0.00292049999643
topic 3	0.00250855733726
topic 4	0.0
topic 5	0.00292986660855
topic 6	0.00439105863127
