topic	weight
topic 0	0.0
topic 1	0.000113017125442
topic 2	0.00405833479857
topic 3	0.00092005917696
topic 4	0.000739788754462
topic 5	0.00115488474335
topic 6	0.0
