topic	weight
topic 0	0.00975633470526
topic 1	0.0230118039801
topic 2	0.0292796927166
topic 3	0.0025502171237
topic 4	0.00521959999473
topic 5	0.0
topic 6	0.0
