topic	weight
topic 0	0.0
topic 1	0.00798113779768
topic 2	0.0
topic 3	0.0
topic 4	0.00183501570425
topic 5	0.0113069302502
topic 6	0.0
