topic	weight
topic 0	0.0
topic 1	0.00228940165404
topic 2	0.00713313933008
topic 3	0.00976935069305
topic 4	0.00486447293438
topic 5	0.0125852689514
topic 6	0.0
