topic	weight
topic 0	0.0
topic 1	0.00548361496388
topic 2	0.00691438406655
topic 3	0.0075248996062
topic 4	0.000841499662808
topic 5	0.0111192015422
topic 6	0.0
