topic	weight
topic 0	0.0
topic 1	0.21070074808
topic 2	0.0
topic 3	0.000247153461165
topic 4	0.0
topic 5	0.0
topic 6	0.0
