topic	weight
topic 0	0.0
topic 1	0.0104444924609
topic 2	0.0161956064704
topic 3	0.00727210275019
topic 4	0.00248669488775
topic 5	0.00598964083312
topic 6	0.0
