topic	weight
topic 0	0.0
topic 1	0.00564559566295
topic 2	0.0278257559761
topic 3	0.00354890967595
topic 4	0.042660643703
topic 5	0.0538673121769
topic 6	0.0
