topic	weight
topic 0	0.0
topic 1	0.0
topic 2	0.0
topic 3	0.0
topic 4	0.0954481504226
topic 5	0.00255210741138
topic 6	0.00657508340161
