topic	weight
topic 0	0.0
topic 1	0.00390617346836
topic 2	0.00279771254897
topic 3	0.00666819148604
topic 4	0.00535093240668
topic 5	0.00173937657983
topic 6	0.0
