topic	weight
topic 0	8.82188655581e-05
topic 1	0.00207568730965
topic 2	0.000241258882194
topic 3	9.11252855129e-05
topic 4	0.0002534229108
topic 5	0.0
topic 6	0.0
