topic	weight
topic 0	0.0
topic 1	0.000662562213393
topic 2	0.00314333494395
topic 3	0.00037705746948
topic 4	0.00103400610674
topic 5	0.0373027735056
topic 6	0.0
