topic	weight
topic 0	0.0
topic 1	0.0
topic 2	0.0
topic 3	0.00739334710682
topic 4	0.133677610711
topic 5	0.000933535649426
topic 6	0.00209570899844
