topic	weight
topic 0	0.00580789548818
topic 1	0.00574905619984
topic 2	0.00870462102598
topic 3	0.00452358459622
topic 4	0.0094905796198
topic 5	0.0
topic 6	0.0
