topic	weight
topic 0	0.0
topic 1	0.00274424501218
topic 2	0.00194245045202
topic 3	6.14205456e-06
topic 4	0.00067294609766
topic 5	0.000411240282682
topic 6	0.0
