topic	weight
topic 0	0.0
topic 1	0.00513490762393
topic 2	0.005382088512
topic 3	0.002274323695
topic 4	0.00249945505121
topic 5	0.0257819575324
topic 6	0.0
