topic	weight
topic 0	0.0
topic 1	0.0
topic 2	0.00251379602843
topic 3	0.0
topic 4	0.00188667903586
topic 5	0.00947489951635
topic 6	0.0015039264337
