topic	weight
topic 0	0.00810232138821
topic 1	0.00760759483343
topic 2	0.022635797218
topic 3	0.00391042219943
topic 4	0.0120482014351
topic 5	0.0
topic 6	0.0
