topic	weight
topic 0	0.0
topic 1	0.00960900659687
topic 2	0.0157045514785
topic 3	0.00782913127836
topic 4	0.00248229874007
topic 5	0.00347187353876
topic 6	0.0
