topic	weight
topic 0	0.0
topic 1	0.00704472873655
topic 2	0.00784873276565
topic 3	0.0128722780205
topic 4	0.13995841644
topic 5	0.0
topic 6	0.0016314303006
