topic	weight
topic 0	0.023255216724
topic 1	0.0
topic 2	0.0133237745492
topic 3	0.0
topic 4	0.046079908878
topic 5	0.129350149193
topic 6	0.000808238701906
