topic	weight
topic 0	0.0
topic 1	0.000205749024612
topic 2	0.000638734852939
topic 3	0.0534075587556
topic 4	0.00141245680822
topic 5	0.00454732728252
topic 6	0.00161496791479
