topic	weight
topic 0	0.0
topic 1	0.00797843183043
topic 2	0.00274082738881
topic 3	0.00949239344414
topic 4	0.0
topic 5	0.00259955799429
topic 6	0.0
