topic	weight
topic 0	0.00624297189835
topic 1	0.00350395578636
topic 2	0.0026916909574
topic 3	0.189829069542
topic 4	0.0
topic 5	0.0
topic 6	0.0
