topic	weight
topic 0	0.0
topic 1	0.0
topic 2	0.0183805907598
topic 3	0.0
topic 4	0.0741996725621
topic 5	0.0
topic 6	0.000799512745032
