topic	weight
topic 0	0.0319854880872
topic 1	0.00104362104019
topic 2	0.0160208869589
topic 3	0.0
topic 4	0.00524594740653
topic 5	0.0
topic 6	0.0
