topic	weight
topic 0	0.0016883226081
topic 1	0.000909766177863
topic 2	0.00458143379687
topic 3	0.00182225971717
topic 4	0.000791045956127
topic 5	0.0
topic 6	0.0
