topic	weight
topic 0	5.76322147774e-05
topic 1	0.000172693613416
topic 2	0.000629095515676
topic 3	0.00104999491381
topic 4	5.07339038388e-05
topic 5	0.0
topic 6	0.0
