topic	weight
topic 0	0.00272621750021
topic 1	0.00781054156615
topic 2	0.00709640802302
topic 3	0.00570597949108
topic 4	0.0208946208305
topic 5	0.00213083434727
topic 6	0.000991320763583
