topic	weight
topic 0	0.017729173797
topic 1	0.0044825705717
topic 2	0.0182311998839
topic 3	0.00207742358101
topic 4	0.0186134087197
topic 5	0.0299413726676
topic 6	0.00105484983995
