topic	weight
topic 0	0.0
topic 1	0.0120431423052
topic 2	0.011948350873
topic 3	0.00638427833958
topic 4	0.0148203398915
topic 5	0.0137448502086
topic 6	0.0
