topic	weight
topic 0	0.0
topic 1	0.000218841030555
topic 2	0.0
topic 3	2.39213362457e-05
topic 4	9.14161939053e-05
topic 5	0.00624113258616
topic 6	0.0
