topic	weight
topic 0	0.0
topic 1	0.0
topic 2	0.166443335079
topic 3	0.00593048697447
topic 4	0.00319190418933
topic 5	0.0
topic 6	0.0
