topic	weight
topic 0	0.00123376532189
topic 1	0.0
topic 2	0.000435272442608
topic 3	0.00212984572958
topic 4	0.000677828904538
topic 5	0.0
topic 6	0.0
