topic	weight
topic 0	0.0
topic 1	0.0100923875636
topic 2	0.0373577355372
topic 3	9.20469876556e-05
topic 4	0.0
topic 5	0.00160548815782
topic 6	0.0
