topic	weight
topic 0	0.000167144112045
topic 1	0.00034905164751
topic 2	0.000615923070907
topic 3	0.000352421148105
topic 4	0.000436292507225
topic 5	7.40862156516e-05
topic 6	0.0
