topic	weight
topic 0	0.0
topic 1	0.0
topic 2	0.0126571952456
topic 3	0.000710885767339
topic 4	0.00200708868999
topic 5	0.000266248476307
topic 6	0.0
