topic	weight
topic 0	0.00258024823735
topic 1	0.0
topic 2	0.0314016263432
topic 3	0.00380098738984
topic 4	0.0106491667287
topic 5	0.00719367629913
topic 6	0.0
