topic	weight
topic 0	0.0
topic 1	0.0
topic 2	0.000295452877072
topic 3	0.0278814480794
topic 4	0.00193972212837
topic 5	0.0
topic 6	7.00437270329e-05
