topic	weight
topic 0	0.0
topic 1	0.00782852256862
topic 2	0.00478263284983
topic 3	0.0
topic 4	0.0195699510493
topic 5	0.000667934445168
topic 6	0.0
