topic	weight
topic 0	0.0
topic 1	0.0
topic 2	0.0
topic 3	0.0471022858764
topic 4	0.00135266111591
topic 5	0.0
topic 6	2.87806375322e-05
