topic	weight
topic 0	0.0
topic 1	0.0
topic 2	0.0190875939935
topic 3	0.00129437594526
topic 4	0.00175238830112
topic 5	0.0
topic 6	0.0
