topic	weight
topic 0	0.00376652341456
topic 1	0.00785690162585
topic 2	0.127667878525
topic 3	3.18162019841e-05
topic 4	0.0
topic 5	0.0
topic 6	0.0
