topic	weight
topic 0	0.0
topic 1	0.000838766921365
topic 2	0.0591030574042
topic 3	0.0034793082716
topic 4	0.0083145487169
topic 5	0.00288936760889
topic 6	0.0113669604528
