topic	weight
topic 0	0.0
topic 1	4.82412881399e-05
topic 2	0.00323009359227
topic 3	0.0
topic 4	0.00382892468025
topic 5	0.198799803528
topic 6	0.0
