topic	weight
topic 0	0.0
topic 1	0.000117597630557
topic 2	0.00012075665581
topic 3	7.62848311083e-06
topic 4	9.53479177256e-05
topic 5	6.04006090279e-05
topic 6	0.000136410827823
