topic	weight
topic 0	0.0
topic 1	3.96727145225e-05
topic 2	0.000313306232646
topic 3	0.00388658990675
topic 4	0.0
topic 5	0.00024558009816
topic 6	0.0
