topic	weight
topic 0	0.00619808103073
topic 1	0.000697752985834
topic 2	0.00154731238556
topic 3	0.00407098043892
topic 4	0.00140061573611
topic 5	0.0
topic 6	0.000875128593674
