topic	weight
topic 0	0.0
topic 1	0.00301119571631
topic 2	0.00332923475266
topic 3	0.0017110351333
topic 4	0.0102882540518
topic 5	0.0221102897518
topic 6	0.00219434536943
