topic	weight
topic 0	0.00027454592516
topic 1	0.00106265268903
topic 2	0.000729040717881
topic 3	0.00155322259476
topic 4	0.000448006850495
topic 5	0.00100445279611
topic 6	4.01831215571e-05
