topic	weight
topic 0	0.00212145050741
topic 1	0.0012451672959
topic 2	0.00213442071318
topic 3	0.00123801405216
topic 4	0.00470083905898
topic 5	0.0
topic 6	0.00143278776061
