topic	weight
topic 0	0.0171328522949
topic 1	0.0
topic 2	0.000642064156929
topic 3	0.0
topic 4	0.0
topic 5	0.0539306229541
topic 6	0.0
