topic	weight
topic 0	0.0
topic 1	0.165163700186
topic 2	0.0
topic 3	0.00148188800305
topic 4	0.0
topic 5	0.0
topic 6	0.0
