topic	weight
topic 0	0.0
topic 1	2.83349202535e-05
topic 2	0.000205943760239
topic 3	0.00061699674301
topic 4	9.70544843372e-05
topic 5	3.55653151342e-05
topic 6	0.00389427502923
