topic	weight
topic 0	5.38777368799e-06
topic 1	0.0012866723861
topic 2	0.00074954068681
topic 3	2.5099179577e-05
topic 4	0.000387499817803
topic 5	0.000301184783314
topic 6	0.0
