topic	weight
topic 0	0.00548513352429
topic 1	0.000326519153836
topic 2	0.00508314867702
topic 3	6.14170588657e-06
topic 4	0.00538509707371
topic 5	0.0
topic 6	0.0
