topic	weight
topic 0	0.000670160049306
topic 1	0.00761572500681
topic 2	0.00269618820707
topic 3	0.0029630449097
topic 4	0.00504264349833
topic 5	0.00633387956673
topic 6	0.0
