topic	weight
topic 0	0.0
topic 1	0.0140468909993
topic 2	0.00733569275474
topic 3	0.00282945504291
topic 4	0.00322141245417
topic 5	0.000517436492472
topic 6	0.000118809401081
