topic	weight
topic 0	0.00198837335667
topic 1	0.000911620094494
topic 2	0.00676058481248
topic 3	0.000495687855678
topic 4	0.0
topic 5	0.000544262002584
topic 6	0.0
