topic	weight
topic 0	0.0
topic 1	0.00153751344595
topic 2	0.00791521871813
topic 3	0.000466995173836
topic 4	0.010272686693
topic 5	0.00441040176758
topic 6	0.0113608795331
