topic	weight
topic 0	0.00424476574023
topic 1	0.00266786447578
topic 2	0.00373718308754
topic 3	0.00198143909915
topic 4	0.00211178637434
topic 5	0.0
topic 6	0.000235091080285
