topic	weight
topic 0	0.0
topic 1	0.00381440426342
topic 2	0.00759842682836
topic 3	0.00150662727518
topic 4	0.00809125718244
topic 5	0.000993784496338
topic 6	0.0
