topic	weight
topic 0	0.0121295232982
topic 1	0.00572591020607
topic 2	0.0195520016288
topic 3	0.00225393985327
topic 4	0.0123043847135
topic 5	0.0
topic 6	0.0
