topic	weight
topic 0	0.0
topic 1	0.0284314284727
topic 2	0.0012040942716
topic 3	0.0002890086346
topic 4	0.0247536624777
topic 5	0.00864657416696
topic 6	0.0188158101464
