topic	weight
topic 0	0.00103456660658
topic 1	0.00574839638175
topic 2	0.0
topic 3	0.000569752233829
topic 4	0.0033427951749
topic 5	0.158981796098
topic 6	0.0
