topic	weight
topic 0	0.0097566657759
topic 1	0.0
topic 2	0.0
topic 3	0.00139031571312
topic 4	0.0
topic 5	0.201275382249
topic 6	0.0
