topic	weight
topic 0	0.00160929266634
topic 1	0.0
topic 2	0.000639128998111
topic 3	0.000512351564328
topic 4	0.002179456147
topic 5	0.0
topic 6	0.0
