topic	weight
topic 0	0.0
topic 1	0.000437501637795
topic 2	0.0
topic 3	0.0
topic 4	0.00630127723524
topic 5	0.000835077699486
topic 6	0.0
