topic	weight
topic 0	0.00891859937402
topic 1	0.000292241266496
topic 2	0.00086239315177
topic 3	0.000748888193189
topic 4	0.00263754381714
topic 5	0.0331415837922
topic 6	0.000193565348025
