topic	weight
topic 0	0.0
topic 1	0.0
topic 2	0.00239668351734
topic 3	0.00593236253365
topic 4	0.0
topic 5	0.00198993878637
topic 6	0.0
