topic	weight
topic 0	0.000572408786342
topic 1	0.0131736706086
topic 2	0.00238450470269
topic 3	0.00260067672799
topic 4	0.00400330627923
topic 5	0.0116017376679
topic 6	0.0
