topic	weight
topic 0	0.0
topic 1	0.00049894371643
topic 2	0.00302023210773
topic 3	0.000823695795218
topic 4	0.00276894027257
topic 5	0.000360973918225
topic 6	0.0
