topic	weight
topic 0	0.00113321422763
topic 1	0.00682391067198
topic 2	0.00837179478063
topic 3	0.00175715395341
topic 4	0.0104079115803
topic 5	0.00922165562223
topic 6	0.0102769963532
