topic	weight
topic 0	0.00282357546274
topic 1	0.0
topic 2	0.000249220410216
topic 3	0.000655752003153
topic 4	0.0099591149388
topic 5	0.0
topic 6	0.00325924142441
