topic	weight
topic 0	0.0
topic 1	0.117009941214
topic 2	0.0011944159976
topic 3	0.000209026923575
topic 4	0.00526968191065
topic 5	0.00202114043382
topic 6	0.00419990528101
