topic	weight
topic 0	0.00196001343331
topic 1	0.00494850683431
topic 2	0.00328577651279
topic 3	0.00398361250946
topic 4	0.00236011644962
topic 5	0.00179064387387
topic 6	0.0
