topic	weight
topic 0	0.0
topic 1	0.230813421425
topic 2	0.084884109878
topic 3	0.002286954063
topic 4	0.0
topic 5	0.00226593951827
topic 6	0.00811143247285
