topic	weight
topic 0	0.0
topic 1	0.00226827864125
topic 2	0.115380597398
topic 3	0.0
topic 4	0.0107268755587
topic 5	0.00988571786865
topic 6	0.0
