topic	weight
topic 0	0.0863099394242
topic 1	0.0
topic 2	0.00121915119414
topic 3	0.0130306124287
topic 4	0.000312888208669
topic 5	0.0
topic 6	0.0
