topic	weight
topic 0	0.000299445203139
topic 1	0.0
topic 2	0.000448308467219
topic 3	0.000804607682259
topic 4	0.0
topic 5	0.133994769929
topic 6	0.00316515259943
