topic	weight
topic 0	0.0
topic 1	0.0
topic 2	3.94161728683e-05
topic 3	0.0159499898054
topic 4	0.0
topic 5	0.0
topic 6	8.64864588703e-05
