topic	weight
topic 0	0.0
topic 1	0.00277824289959
topic 2	0.000846390685163
topic 3	0.00210647730329
topic 4	0.00290139849258
topic 5	0.000642639181302
topic 6	0.0
