topic	weight
topic 0	0.00145637382652
topic 1	0.00883300944113
topic 2	0.00321728322577
topic 3	0.0040914362483
topic 4	0.00654986520156
topic 5	0.0106308523049
topic 6	0.0
