topic	weight
topic 0	0.00115891175186
topic 1	0.0
topic 2	0.0
topic 3	0.0
topic 4	0.0
topic 5	0.0
topic 6	0.245072459873
