topic	weight
topic 0	0.000852298307988
topic 1	0.00653854863065
topic 2	0.00244184199913
topic 3	0.000519132783329
topic 4	0.00615924209694
topic 5	0.00465341274673
topic 6	0.0
