topic	weight
topic 0	0.0
topic 1	0.00529083083649
topic 2	0.010916260017
topic 3	0.00219725355442
topic 4	0.0135099144371
topic 5	0.0
topic 6	0.00103336343836
