topic	weight
topic 0	0.0
topic 1	0.00249528427681
topic 2	0.00719172357327
topic 3	0.0
topic 4	0.007908507542
topic 5	0.00176995333641
topic 6	0.0
