topic	weight
topic 0	5.30707128417e-05
topic 1	0.0
topic 2	0.0010553664974
topic 3	0.000997549659125
topic 4	0.0
topic 5	0.0
topic 6	0.000366692395118
