topic	weight
topic 0	0.0
topic 1	0.00163018721789
topic 2	0.00370307700173
topic 3	0.0
topic 4	0.00524327261454
topic 5	0.00394847561379
topic 6	0.0
