topic	weight
topic 0	0.0
topic 1	0.0196302800752
topic 2	0.0970685074757
topic 3	0.0222852792185
topic 4	0.0259210428335
topic 5	0.0109441269822
topic 6	0.0
