topic	weight
topic 0	0.0
topic 1	0.212800485952
topic 2	0.0461182385138
topic 3	0.0
topic 4	0.0
topic 5	0.0
topic 6	0.0229896849884
