topic	weight
topic 0	0.00278151143098
topic 1	0.000180554090595
topic 2	0.0011172638157
topic 3	0.0002328793923
topic 4	0.00454043087214
topic 5	0.000718055109501
topic 6	0.0
