topic	weight
topic 0	5.42642743315e-05
topic 1	0.000564169452232
topic 2	0.000996856641518
topic 3	0.0109590051839
topic 4	0.00185923979317
topic 5	0.0
topic 6	0.0
