topic	weight
topic 0	0.0
topic 1	0.00376539260382
topic 2	0.0
topic 3	0.0
topic 4	0.00270432967324
topic 5	0.239540513891
topic 6	0.0
