topic	weight
topic 0	0.00177490119372
topic 1	0.0010632941364
topic 2	0.00520422296621
topic 3	0.00181030031181
topic 4	0.00138071119785
topic 5	0.000178045371594
topic 6	4.35146052723e-06
