topic	weight
topic 0	0.0
topic 1	0.000625848445488
topic 2	0.0229732483595
topic 3	0.000990265203012
topic 4	0.00728799340264
topic 5	0.00574910122296
topic 6	0.0
