topic	weight
topic 0	0.0
topic 1	0.00686307116333
topic 2	0.000357813541382
topic 3	0.000297045549193
topic 4	0.00184480268673
topic 5	0.0080495441136
topic 6	0.0
