topic	weight
topic 0	0.0
topic 1	0.00905422591235
topic 2	0.00902765924717
topic 3	0.00759718635353
topic 4	0.00086030790992
topic 5	0.0235459134161
topic 6	0.0
