topic	weight
topic 0	0.0
topic 1	0.000207175285832
topic 2	0.00116601669303
topic 3	0.000820663879589
topic 4	0.000395268916665
topic 5	0.00088087345304
topic 6	0.0
