topic	weight
topic 0	0.00300658133814
topic 1	0.025270261927
topic 2	0.00722430772806
topic 3	0.0
topic 4	0.0
topic 5	0.00355416306404
topic 6	0.0
