topic	weight
topic 0	0.0
topic 1	0.00417999633479
topic 2	0.00480917231544
topic 3	0.0120975139263
topic 4	0.0
topic 5	0.00195544587219
topic 6	0.00373739484184
