topic	weight
topic 0	0.0
topic 1	0.0116937326799
topic 2	0.0118661741743
topic 3	0.00018597506204
topic 4	0.0109915786373
topic 5	0.00411106006867
topic 6	0.0
