topic	weight
topic 0	0.0
topic 1	0.143373778536
topic 2	0.000537635989361
topic 3	0.0
topic 4	0.000223740774831
topic 5	0.00724728122787
topic 6	0.0
