topic	weight
topic 0	0.0156172716365
topic 1	0.0
topic 2	0.0
topic 3	0.000985161708357
topic 4	0.00143242645052
topic 5	0.0422752631966
topic 6	0.000394467718465
