topic	weight
topic 0	0.000534954093791
topic 1	0.00465663606696
topic 2	0.00128482928116
topic 3	0.000360750403723
topic 4	0.00472180317936
topic 5	0.0033514071493
topic 6	0.0
