topic	weight
topic 0	0.0
topic 1	0.017175527935
topic 2	0.00575808830525
topic 3	0.0
topic 4	0.0184068338057
topic 5	0.00678421811202
topic 6	0.000301454633503
