topic	weight
topic 0	0.200569875672
topic 1	0.0
topic 2	0.0
topic 3	0.00013639112128
topic 4	0.0
topic 5	0.117449970772
topic 6	0.000749711292507
