topic	weight
topic 0	0.0
topic 1	0.0
topic 2	0.000603167246607
topic 3	0.000908264297335
topic 4	0.00147752653554
topic 5	3.17412097435e-05
topic 6	0.0
