topic	weight
topic 0	0.0
topic 1	0.000875961602988
topic 2	0.0312480571442
topic 3	0.00143900426574
topic 4	0.00843836227523
topic 5	0.00786906347434
topic 6	0.0
