topic	weight
topic 0	0.0
topic 1	0.00896712775768
topic 2	0.000591777838794
topic 3	0.000316749871987
topic 4	0.00197585306949
topic 5	0.00796453439282
topic 6	0.0
