topic	weight
topic 0	0.172506798527
topic 1	0.00906990859285
topic 2	0.0204590991994
topic 3	0.00685196102542
topic 4	0.00930311236584
topic 5	0.0
topic 6	0.0
