topic	weight
topic 0	0.0
topic 1	0.0
topic 2	0.0
topic 3	0.0444824011267
topic 4	0.101702756519
topic 5	0.0
topic 6	0.00247435240836
