topic	weight
topic 0	0.00125057136991
topic 1	0.0172744591335
topic 2	0.0438230264589
topic 3	0.00229442510089
topic 4	0.0206744554355
topic 5	0.0107832138438
topic 6	0.000167450046894
