topic	weight
topic 0	0.0197827872875
topic 1	0.000210897116515
topic 2	0.0104337335548
topic 3	0.00335006101903
topic 4	0.0153901216444
topic 5	0.0
topic 6	0.0
