topic	weight
topic 0	0.00150467804689
topic 1	0.00143667722036
topic 2	0.0
topic 3	5.33817403822e-05
topic 4	0.00289373726755
topic 5	0.0
topic 6	0.0
