topic	weight
topic 0	0.00352951630123
topic 1	0.00305760845919
topic 2	0.000553866172113
topic 3	0.00214876296159
topic 4	0.000559412964815
topic 5	0.000868062465501
topic 6	9.06775376338e-06
