topic	weight
topic 0	0.0
topic 1	0.00747812768006
topic 2	0.00923929362971
topic 3	0.00515929362601
topic 4	0.00521835037402
topic 5	0.00211280161756
topic 6	4.35352016542e-05
