topic	weight
topic 0	0.0
topic 1	0.00701703254357
topic 2	0.0
topic 3	0.0
topic 4	0.00674891482469
topic 5	0.122561518368
topic 6	0.0
