topic	weight
topic 0	0.00142162776485
topic 1	0.000168263433754
topic 2	0.00345595922353
topic 3	0.000117729181388
topic 4	0.00374687048016
topic 5	0.0016756079649
topic 6	0.000431186057396
