topic	weight
topic 0	0.00128055624159
topic 1	0.000333099018248
topic 2	0.00130236928968
topic 3	0.0
topic 4	0.00321717666282
topic 5	0.00179389111206
topic 6	0.0
