topic	weight
topic 0	0.0
topic 1	0.00210315410791
topic 2	0.0318232762841
topic 3	0.000990645122981
topic 4	0.0092635481981
topic 5	0.0175438668895
topic 6	0.0
