topic	weight
topic 0	0.0
topic 1	0.000162100266958
topic 2	0.00240095850304
topic 3	0.000238882128886
topic 4	0.0
topic 5	0.00177725453289
topic 6	0.0
