topic	weight
topic 0	2.76256857565e-05
topic 1	0.0153376876195
topic 2	0.0166518472522
topic 3	0.000651318426233
topic 4	0.0148578397859
topic 5	0.0122304855167
topic 6	0.000968182714061
