topic	weight
topic 0	0.0
topic 1	0.00514233630581
topic 2	0.0123514124407
topic 3	0.00878451835649
topic 4	0.00580804079968
topic 5	0.0101299284359
topic 6	0.0
