topic	weight
topic 0	0.0
topic 1	0.0
topic 2	0.0131047855163
topic 3	0.0
topic 4	0.0113379117553
topic 5	4.05708268813e-05
topic 6	0.00114355852054
