topic	weight
topic 0	0.00170030172753
topic 1	0.0149303360015
topic 2	0.00432787279538
topic 3	0.0
topic 4	0.0
topic 5	0.00215548299909
topic 6	0.0
