topic	weight
topic 0	0.102756006602
topic 1	0.0124816314273
topic 2	0.0225436616885
topic 3	0.00940702752848
topic 4	0.00654333631565
topic 5	0.0
topic 6	0.0
