topic	weight
topic 0	0.00335606271489
topic 1	0.0
topic 2	0.00192539842402
topic 3	0.00276379632641
topic 4	0.00439338171667
topic 5	0.000533659306805
topic 6	4.16055963462e-07
