topic	weight
topic 0	0.0
topic 1	0.163850310108
topic 2	0.0
topic 3	0.0
topic 4	0.00620732100445
topic 5	4.80786060475e-05
topic 6	0.00125549363197
