topic	weight
topic 0	0.0
topic 1	0.0015147174396
topic 2	0.00799688881791
topic 3	0.000232191610228
topic 4	0.00144608779425
topic 5	0.00136778500723
topic 6	0.000107623621754
