topic	weight
topic 0	0.0
topic 1	0.000406849200586
topic 2	0.000235249933361
topic 3	9.79578408842e-05
topic 4	0.000935711825024
topic 5	0.000370738154163
topic 6	0.0
