topic	weight
topic 0	5.15296889213e-05
topic 1	0.000138239847439
topic 2	0.000388470808484
topic 3	0.000423991088176
topic 4	0.000112211140934
topic 5	0.0
topic 6	0.0
