topic	weight
topic 0	0.0
topic 1	0.00217534575841
topic 2	0.000811588385178
topic 3	0.0
topic 4	0.00554355977222
topic 5	0.00254924058801
topic 6	0.0
