topic	weight
topic 0	0.00356197056115
topic 1	0.00486726415531
topic 2	0.0133728560283
topic 3	0.0179997015585
topic 4	0.00119085813539
topic 5	0.00656715644218
topic 6	0.0
