topic	weight
topic 0	0.0
topic 1	0.00851860923785
topic 2	0.000593080346385
topic 3	0.00207762002915
topic 4	0.00236127898496
topic 5	0.0192903599717
topic 6	0.00316328984
