topic	weight
topic 0	0.0250446432907
topic 1	0.0
topic 2	0.00260357089231
topic 3	0.000241032030573
topic 4	0.000961113812197
topic 5	0.00805418983376
topic 6	0.000540914434761
