topic	weight
topic 0	0.0
topic 1	0.0131909788087
topic 2	0.0
topic 3	0.0
topic 4	0.0102112571794
topic 5	0.00328033035104
topic 6	0.00227093213241
