topic	weight
topic 0	0.0
topic 1	0.00290619179455
topic 2	0.0246274796007
topic 3	0.000633640513153
topic 4	0.0164292952481
topic 5	0.00609506173046
topic 6	0.0
