topic	weight
topic 0	0.0
topic 1	0.0082129081627
topic 2	0.00977620748863
topic 3	0.0
topic 4	0.0105860320726
topic 5	0.00776919665284
topic 6	0.0198162265247
