topic	weight
topic 0	0.0
topic 1	0.0125720681513
topic 2	0.00859486125186
topic 3	0.0109048582905
topic 4	0.0
topic 5	0.00578531742982
topic 6	0.0
