topic	weight
topic 0	0.0
topic 1	0.000134021077804
topic 2	0.000282910932994
topic 3	0.000151624821827
topic 4	2.33609358884e-05
topic 5	1.87539735628e-05
topic 6	0.0
