topic	weight
topic 0	0.0
topic 1	0.000308823390657
topic 2	0.0
topic 3	0.0
topic 4	0.233572022012
topic 5	0.0
topic 6	0.000328194341393
