topic	weight
topic 0	0.0
topic 1	0.000328865221755
topic 2	0.033375651543
topic 3	0.0
topic 4	0.0
topic 5	0.0
topic 6	0.015019479396
