topic	weight
topic 0	0.00447781832756
topic 1	0.0108296568939
topic 2	0.00897931281188
topic 3	0.00647269987509
topic 4	0.00141239234269
topic 5	0.0077666935958
topic 6	0.000761353635051
