topic	weight
topic 0	0.00494916632949
topic 1	0.000691742549735
topic 2	0.00360130463929
topic 3	8.92484101609e-05
topic 4	0.0101905705484
topic 5	1.53870932403e-05
topic 6	0.0
