topic	weight
topic 0	0.000519759453446
topic 1	0.0
topic 2	0.00431330991365
topic 3	0.00901504531804
topic 4	0.00753946804556
topic 5	0.000639243609175
topic 6	0.00180701872669
