topic	weight
topic 0	0.00104862534966
topic 1	0.00640032500338
topic 2	0.00149653781237
topic 3	0.00163846797801
topic 4	0.00649350757036
topic 5	0.00566472075656
topic 6	0.0
