topic	weight
topic 0	0.000535967601046
topic 1	0.00346637967712
topic 2	0.00686946055346
topic 3	0.0
topic 4	0.00460632969937
topic 5	0.00117385165067
topic 6	0.00133987902316
