topic	weight
topic 0	0.0070281965611
topic 1	0.019252028
topic 2	0.00658495345354
topic 3	0.0582843145945
topic 4	0.016413893939
topic 5	0.0585148881122
topic 6	0.0
