topic	weight
topic 0	0.00957528471493
topic 1	0.00243390303562
topic 2	0.00355185508173
topic 3	0.00192367514761
topic 4	0.00167978575533
topic 5	0.0422280266882
topic 6	0.00209483163392
