topic	weight
topic 0	0.0
topic 1	0.00852763649934
topic 2	0.000525541901108
topic 3	0.00036574389261
topic 4	0.000372723359361
topic 5	0.000204414305467
topic 6	0.00029905742373
