topic	weight
topic 0	0.0
topic 1	0.000230029210383
topic 2	0.00133346009481
topic 3	0.0
topic 4	0.0283693250953
topic 5	0.0
topic 6	0.0
