topic	weight
topic 0	0.0
topic 1	0.0
topic 2	0.0
topic 3	0.00156562930889
topic 4	0.253665297511
topic 5	0.0
topic 6	0.000119846202514
