topic	weight
topic 0	0.00298840488578
topic 1	0.00584414897567
topic 2	0.0236518016566
topic 3	0.000904724269075
topic 4	0.0515739457027
topic 5	0.00240454462147
topic 6	0.0
