topic	weight
topic 0	0.00258572124524
topic 1	0.0
topic 2	0.000278519564299
topic 3	0.0
topic 4	0.0042210993439
topic 5	0.00127150043006
topic 6	0.0
