topic	weight
topic 0	0.000170007537769
topic 1	0.00657791813418
topic 2	0.000468751614678
topic 3	0.000186027846775
topic 4	3.96987815359e-06
topic 5	0.00153778667503
topic 6	0.0
