topic	weight
topic 0	0.00484643382768
topic 1	0.00543806988477
topic 2	0.0
topic 3	0.0005533765272
topic 4	0.00336113500891
topic 5	0.17668686058
topic 6	0.0
