topic	weight
topic 0	0.00752130961006
topic 1	0.0
topic 2	0.00145476695309
topic 3	0.000813843650692
topic 4	0.000265102471159
topic 5	0.0
topic 6	0.0
