topic	weight
topic 0	0.0
topic 1	0.0184322632534
topic 2	0.0
topic 3	0.0
topic 4	0.0141332707884
topic 5	0.0067435061153
topic 6	0.000608965972012
