topic	weight
topic 0	0.000849017319672
topic 1	0.0
topic 2	0.00233523941311
topic 3	8.08103511545e-05
topic 4	0.00105282785933
topic 5	0.0
topic 6	0.000449848943586
