topic	weight
topic 0	0.163395559411
topic 1	0.0337089696488
topic 2	0.00204604804191
topic 3	0.0
topic 4	0.0
topic 5	0.0
topic 6	0.0
