topic	weight
topic 0	1.18496867505e-05
topic 1	0.0198555463192
topic 2	0.00504322324465
topic 3	0.000293350251534
topic 4	0.0
topic 5	0.00163022198762
topic 6	0.000536315061631
