topic	weight
topic 0	0.0
topic 1	0.00361558832501
topic 2	0.0100955419582
topic 3	0.0
topic 4	0.0118987914031
topic 5	0.00219417861868
topic 6	0.0
