topic	weight
topic 0	0.0
topic 1	0.000508796429727
topic 2	9.86024462682e-05
topic 3	0.00239082823513
topic 4	0.000386495952031
topic 5	0.00134258044527
topic 6	0.0
