topic	weight
topic 0	0.0
topic 1	0.00284852642223
topic 2	0.00596651821762
topic 3	0.00474249362577
topic 4	0.00601854870258
topic 5	0.000663411656524
topic 6	0.0
