topic	weight
topic 0	0.0
topic 1	0.230930224842
topic 2	0.0
topic 3	0.000912787275436
topic 4	0.00546207243868
topic 5	0.00668427645083
topic 6	0.0
