topic	weight
topic 0	0.00639305738666
topic 1	0.00390283360494
topic 2	0.00350773051199
topic 3	0.112874511583
topic 4	0.000301636623973
topic 5	0.0
topic 6	0.0
