topic	weight
topic 0	0.0
topic 1	0.00103041862612
topic 2	0.0111675421395
topic 3	0.0
topic 4	0.0128563747973
topic 5	0.133201922093
topic 6	0.0187543950046
