topic	weight
topic 0	0.00981023050469
topic 1	6.75736573939e-06
topic 2	0.0
topic 3	0.00082655345966
topic 4	0.00175395650118
topic 5	0.0349418740769
topic 6	0.000256083712293
