topic	weight
topic 0	0.000328252050673
topic 1	0.00130250996678
topic 2	0.000962357703494
topic 3	0.000355062850272
topic 4	0.000155061648672
topic 5	0.00245635239006
topic 6	0.0
