topic	weight
topic 0	0.00666287117812
topic 1	0.0023969699374
topic 2	0.000544279367172
topic 3	0.00519059020658
topic 4	0.00149655927836
topic 5	0.0393502755554
topic 6	0.000106685380346
