topic	weight
topic 0	0.0
topic 1	0.00433010057639
topic 2	0.0117654515461
topic 3	0.00257113058773
topic 4	0.00548497974785
topic 5	0.0116922591184
topic 6	0.0
