topic	weight
topic 0	0.0
topic 1	0.00548258636975
topic 2	0.00858343034171
topic 3	0.00126773583291
topic 4	0.00873937297419
topic 5	0.00997802106999
topic 6	0.0
