topic	weight
topic 0	0.000994704558286
topic 1	0.00215951756817
topic 2	0.00244726293433
topic 3	0.00882910044746
topic 4	0.00280952094007
topic 5	0.00838281778575
topic 6	0.00280144185883
