topic	weight
topic 0	0.0110368600806
topic 1	0.00292135041679
topic 2	0.0
topic 3	9.36272684649e-05
topic 4	0.000942120344407
topic 5	0.00371539762654
topic 6	0.0
