topic	weight
topic 0	0.0
topic 1	0.000619890162797
topic 2	0.000719655811776
topic 3	0.0
topic 4	0.0619921261662
topic 5	0.00170009727124
topic 6	0.00416142847953
