topic	weight
topic 0	0.000382104401434
topic 1	0.0882310927712
topic 2	0.0015787702693
topic 3	0.0917575748967
topic 4	0.00335514624701
topic 5	0.0
topic 6	0.0
