topic	weight
topic 0	0.000534582924807
topic 1	0.0
topic 2	0.000441259057292
topic 3	0.0
topic 4	0.0495952286543
topic 5	0.0
topic 6	0.0
