topic	weight
topic 0	0.0
topic 1	0.0384799617447
topic 2	0.00253377381183
topic 3	0.00258624918996
topic 4	0.000130157647954
topic 5	0.00610417427845
topic 6	0.0
