topic	weight
topic 0	0.0
topic 1	0.0273747182706
topic 2	0.0023656157382
topic 3	0.0
topic 4	0.00177160850363
topic 5	0.000185677793085
topic 6	0.0
