topic	weight
topic 0	0.00145874988384
topic 1	0.0
topic 2	0.0193389518734
topic 3	0.0
topic 4	0.0
topic 5	0.0
topic 6	0.0
