topic	weight
topic 0	0.119459992147
topic 1	0.0
topic 2	0.0
topic 3	0.0
topic 4	0.0
topic 5	0.360970401267
topic 6	0.0
