topic	weight
topic 0	0.000218458089743
topic 1	0.00212892300681
topic 2	0.00825271818557
topic 3	0.00234312147391
topic 4	0.00917087519294
topic 5	0.00549049145975
topic 6	0.001145309382
