topic	weight
topic 0	0.00396576325185
topic 1	0.00295810987172
topic 2	0.00461097764216
topic 3	0.00278695844568
topic 4	0.00497873488475
topic 5	0.0171726156726
topic 6	0.0
