topic	weight
topic 0	0.0
topic 1	0.010462396857
topic 2	0.0190916733332
topic 3	0.0157810568967
topic 4	0.00147984052126
topic 5	0.00387915172499
topic 6	0.0
