topic	weight
topic 0	0.0
topic 1	0.00292024381767
topic 2	0.00779989072119
topic 3	0.00180851610727
topic 4	0.00294296116748
topic 5	0.00654649618711
topic 6	0.0
