topic	weight
topic 0	0.00311470573916
topic 1	0.00150271172544
topic 2	0.00435840722326
topic 3	0.0193426296346
topic 4	0.00200989345953
topic 5	0.0039143421092
topic 6	0.0
