topic	weight
topic 0	0.00218536989749
topic 1	0.00213574055811
topic 2	0.00654001629978
topic 3	0.0311847776387
topic 4	0.0166054209821
topic 5	0.00319257506648
topic 6	0.0
