topic	weight
topic 0	0.0
topic 1	0.0
topic 2	0.0201101075578
topic 3	0.0107142116938
topic 4	0.0881301857029
topic 5	0.00849403980422
topic 6	0.0
