topic	weight
topic 0	0.00489207061916
topic 1	0.0
topic 2	0.0109357452594
topic 3	0.0
topic 4	0.0
topic 5	0.0
topic 6	0.0
