topic	weight
topic 0	0.0
topic 1	0.00234629160811
topic 2	0.012246439042
topic 3	0.00467543569731
topic 4	0.00644035322338
topic 5	0.00987828242004
topic 6	0.0
