topic	weight
topic 0	0.00145943264833
topic 1	0.00381386094874
topic 2	0.00500370725586
topic 3	0.000642204964591
topic 4	0.0112669127061
topic 5	0.00115556717474
topic 6	0.0
