topic	weight
topic 0	0.00022276582914
topic 1	0.00490643709804
topic 2	0.00284303111016
topic 3	0.001038107825
topic 4	0.00676279314393
topic 5	0.0072635389633
topic 6	0.00285991827471
