topic	weight
topic 0	0.0
topic 1	1.23710208023e-06
topic 2	4.58408286714e-05
topic 3	2.83785779737e-06
topic 4	2.14421629625e-05
topic 5	0.0
topic 6	0.0
