topic	weight
topic 0	0.0
topic 1	0.000776614131373
topic 2	0.000121426965919
topic 3	0.000143541669281
topic 4	0.00211148918789
topic 5	0.000189113310639
topic 6	8.92434302485e-05
