topic	weight
topic 0	0.0027345094015
topic 1	0.00401188076134
topic 2	0.0174541568851
topic 3	0.00310743700775
topic 4	0.0682683490184
topic 5	0.00460939978458
topic 6	0.0
