topic	weight
topic 0	0.00442603317653
topic 1	0.147663795373
topic 2	0.0105436203245
topic 3	0.000876905964031
topic 4	0.00811868229684
topic 5	0.0
topic 6	0.0
