topic	weight
topic 0	0.0
topic 1	0.0139946870557
topic 2	0.0190805707438
topic 3	0.0101180072468
topic 4	0.0017424158428
topic 5	0.0150757204193
topic 6	0.0
