topic	weight
topic 0	0.00133203262497
topic 1	0.00330361045502
topic 2	0.00182266135083
topic 3	0.0577279448189
topic 4	0.0
topic 5	0.000939483963114
topic 6	0.0
