topic	weight
topic 0	0.000613165995409
topic 1	0.000393704782121
topic 2	0.0023628475418
topic 3	0.0
topic 4	0.00181651100795
topic 5	0.000989044893354
topic 6	0.000339425205416
