topic	weight
topic 0	0.132266029682
topic 1	0.0
topic 2	0.0059029814636
topic 3	8.08279955709e-05
topic 4	0.0019335566378
topic 5	0.0
topic 6	0.0
