topic	weight
topic 0	0.0314378696607
topic 1	0.205722888548
topic 2	0.0925458663701
topic 3	0.000177377601401
topic 4	0.0
topic 5	0.02634104862
topic 6	0.0
