topic	weight
topic 0	0.0154558519115
topic 1	0.0122498551626
topic 2	0.0250108737926
topic 3	0.00850681020445
topic 4	0.0120837648631
topic 5	0.0
topic 6	0.0
