topic	weight
topic 0	0.0
topic 1	0.0102879926965
topic 2	0.0147938982871
topic 3	0.00944082901087
topic 4	0.00689203560896
topic 5	0.0054856207171
topic 6	0.0
