topic	weight
topic 0	0.139148364057
topic 1	0.0
topic 2	0.00412389408327
topic 3	0.0
topic 4	0.00504202960243
topic 5	0.0
topic 6	0.0
