topic	weight
topic 0	0.0
topic 1	0.089693166219
topic 2	0.00103366864398
topic 3	0.00196031822425
topic 4	0.00064497552131
topic 5	0.0
topic 6	4.38718891183e-06
