topic	weight
topic 0	0.000519389730914
topic 1	0.000171842248855
topic 2	0.0
topic 3	0.0
topic 4	0.0579620768991
topic 5	0.0
topic 6	0.0
