topic	weight
topic 0	0.0072903782398
topic 1	0.00728220049477
topic 2	0.0178886073136
topic 3	0.00526106073664
topic 4	0.00700438466329
topic 5	0.0
topic 6	0.0
