topic	weight
topic 0	0.0174052782349
topic 1	0.00584563821139
topic 2	0.00186220900416
topic 3	0.00194587333583
topic 4	0.00582935459421
topic 5	0.00627037662398
topic 6	0.0
