topic	weight
topic 0	0.0094657928022
topic 1	0.00438221097703
topic 2	0.0
topic 3	0.0
topic 4	0.0
topic 5	0.184866700914
topic 6	0.0
