topic	weight
topic 0	0.0
topic 1	9.32029314198e-05
topic 2	0.0
topic 3	0.0179341026876
topic 4	0.00106702134277
topic 5	0.0
topic 6	0.0
