topic	weight
topic 0	0.000230339897139
topic 1	0.000532308926828
topic 2	0.0047342711401
topic 3	0.00145237378392
topic 4	0.00614316455782
topic 5	0.00117742896641
topic 6	0.0
