topic	weight
topic 0	0.00121118897136
topic 1	0.00788144527116
topic 2	0.0146209920442
topic 3	0.0
topic 4	0.0310786716358
topic 5	0.000229751552065
topic 6	0.00580633036694
