topic	weight
topic 0	0.00889562178372
topic 1	0.0
topic 2	0.0
topic 3	0.00440747422369
topic 4	0.0
topic 5	0.159386898763
topic 6	0.0
