topic	weight
topic 0	0.000218791772064
topic 1	0.000389056682646
topic 2	0.00316629094343
topic 3	0.00236771062925
topic 4	0.00395293888423
topic 5	0.00150075427855
topic 6	0.0
