topic	weight
topic 0	0.0
topic 1	0.0071152813298
topic 2	0.00905090885091
topic 3	0.0
topic 4	0.01493941178
topic 5	0.0
topic 6	0.00253388143515
