topic	weight
topic 0	0.0
topic 1	0.011578562386
topic 2	0.0
topic 3	2.51153879345e-05
topic 4	0.0
topic 5	0.0
topic 6	0.0193934617813
