topic	weight
topic 0	0.0
topic 1	0.0
topic 2	0.000396301292096
topic 3	0.01445775205
topic 4	0.0
topic 5	0.0
topic 6	0.000230691699956
