topic	weight
topic 0	0.0
topic 1	0.00206496782641
topic 2	0.00291985687072
topic 3	0.00871348894324
topic 4	0.00397860234955
topic 5	0.00713756693321
topic 6	0.0
