topic	weight
topic 0	0.0
topic 1	0.00321982521921
topic 2	0.0063719949549
topic 3	0.00146341437394
topic 4	0.00227313504723
topic 5	0.00128994816505
topic 6	0.0
