topic	weight
topic 0	0.00701681488432
topic 1	0.000393703864774
topic 2	0.204232600101
topic 3	0.0
topic 4	0.0
topic 5	0.0
topic 6	0.0
