topic	weight
topic 0	0.0
topic 1	0.00405881968402
topic 2	0.219259711108
topic 3	0.0
topic 4	0.0226721335607
topic 5	0.000684884023949
topic 6	0.0
