topic	weight
topic 0	0.0
topic 1	0.000626011494447
topic 2	0.00334268207816
topic 3	0.00108476038403
topic 4	0.0012377630711
topic 5	0.000447463482703
topic 6	0.0
