topic	weight
topic 0	0.000259237407991
topic 1	0.0
topic 2	0.000920137952255
topic 3	0.000412679619553
topic 4	0.000406343923681
topic 5	0.000244149456005
topic 6	0.0
