topic	weight
topic 0	0.00829350356716
topic 1	0.00120330931945
topic 2	0.00034076838784
topic 3	0.0167357852476
topic 4	0.0
topic 5	0.0
topic 6	0.0
