topic	weight
topic 0	0.00246915556903
topic 1	0.000185865596085
topic 2	0.00224424811584
topic 3	0.000792388714025
topic 4	0.00901060739237
topic 5	0.0
topic 6	0.00375624045378
