topic	weight
topic 0	0.00168933496458
topic 1	0.0027593653035
topic 2	0.0121066320081
topic 3	0.00921978181295
topic 4	0.0046870798533
topic 5	0.027755892313
topic 6	0.0
