topic	weight
topic 0	0.0
topic 1	0.0345075063144
topic 2	0.0111858090406
topic 3	0.0190782057344
topic 4	0.0282403154686
topic 5	0.00807435116928
topic 6	0.0
