topic	weight
topic 0	0.000318612012009
topic 1	0.0176594082529
topic 2	0.00399630193693
topic 3	0.00187454045283
topic 4	0.000475913962842
topic 5	0.0
topic 6	0.000392952442904
