topic	weight
topic 0	0.00308769604468
topic 1	0.00652935620008
topic 2	0.0104351562526
topic 3	0.00145546675651
topic 4	0.0155214737067
topic 5	0.00680202864913
topic 6	0.00133483937902
