topic	weight
topic 0	0.00468447944404
topic 1	0.0
topic 2	0.0125406174842
topic 3	0.0190961175246
topic 4	0.00127002103345
topic 5	0.0
topic 6	0.0
