topic	weight
topic 0	0.0
topic 1	0.000117074085081
topic 2	0.000599328166597
topic 3	0.00277504436473
topic 4	0.0
topic 5	0.000159319380199
topic 6	2.1045725999e-05
