topic	weight
topic 0	0.0
topic 1	0.0122638738484
topic 2	0.0126144097183
topic 3	0.0363490946761
topic 4	0.0112880090638
topic 5	0.0313103638427
topic 6	0.0
