topic	weight
topic 0	0.0
topic 1	0.00385499657441
topic 2	0.0185999519567
topic 3	0.0
topic 4	0.018894892284
topic 5	0.00740683512306
topic 6	0.0271197281331
