topic	weight
topic 0	0.00209678421243
topic 1	0.00186236944709
topic 2	0.0021928586525
topic 3	0.0654488243877
topic 4	0.0
topic 5	0.0
topic 6	8.52056858196e-05
