topic	weight
topic 0	0.0
topic 1	0.00868980399334
topic 2	0.00252983618392
topic 3	0.0118744500097
topic 4	0.0
topic 5	0.00142591285844
topic 6	0.0
