topic	weight
topic 0	0.000974672931378
topic 1	0.0144766351801
topic 2	0.00427512440211
topic 3	0.00158891825592
topic 4	0.0185436811763
topic 5	0.00854800781809
topic 6	0.0
