topic	weight
topic 0	0.00168557035196
topic 1	0.00647555641441
topic 2	0.0507092957743
topic 3	0.00568628618067
topic 4	0.0303941613792
topic 5	0.0
topic 6	0.0
