topic	weight
topic 0	0.0
topic 1	0.00324872532024
topic 2	0.0177027274495
topic 3	0.00685331090083
topic 4	0.00942036043184
topic 5	0.0145173836344
topic 6	0.0
