topic	weight
topic 0	0.0
topic 1	0.00970890872335
topic 2	0.0160100061805
topic 3	0.0
topic 4	0.0198160024331
topic 5	0.00107499614331
topic 6	0.00137845222791
