topic	weight
topic 0	0.0
topic 1	0.0
topic 2	0.00677747896652
topic 3	0.297125548346
topic 4	0.131387204539
topic 5	0.00619388994061
topic 6	0.0
