topic	weight
topic 0	0.0
topic 1	0.000891718425333
topic 2	0.00172617625934
topic 3	0.00825007275234
topic 4	0.00429615422521
topic 5	0.0
topic 6	1.23704608881e-06
