topic	weight
topic 0	0.00460788737256
topic 1	0.0
topic 2	0.000565141166262
topic 3	8.17380990995e-05
topic 4	0.0
topic 5	0.0
topic 6	0.0
