topic	weight
topic 0	0.000805073666918
topic 1	0.00878667295866
topic 2	0.00119198482106
topic 3	0.000526348802126
topic 4	1.55168810036e-05
topic 5	0.00546271901863
topic 6	0.00405476029447
