topic	weight
topic 0	0.0
topic 1	0.0
topic 2	0.0
topic 3	0.0130036186102
topic 4	0.118938814924
topic 5	0.00274684787372
topic 6	0.0
