topic	weight
topic 0	0.0
topic 1	0.18265730722
topic 2	0.0
topic 3	0.0
topic 4	1.37802730697e-05
topic 5	0.00181646550714
topic 6	6.18670028083e-05
