topic	weight
topic 0	1.00196409774e-05
topic 1	4.79569263665e-05
topic 2	0.000116869095646
topic 3	0.00120189001448
topic 4	0.0
topic 5	0.000104187338919
topic 6	0.00012133625008
