topic	weight
topic 0	0.0
topic 1	0.00207769166273
topic 2	0.0
topic 3	0.0
topic 4	0.0
topic 5	3.00519562358e-05
topic 6	0.00234898844
