topic	weight
topic 0	0.0
topic 1	0.00543150390774
topic 2	0.00890275062983
topic 3	0.00499979930104
topic 4	0.00307061383127
topic 5	0.00271192296861
topic 6	0.00330086966016
