topic	weight
topic 0	0.00186675875988
topic 1	0.00824693413643
topic 2	0.000972337076545
topic 3	0.00388341791038
topic 4	0.00639609801588
topic 5	0.0075222595551
topic 6	0.0
