topic	weight
topic 0	0.000913137963533
topic 1	0.00494853026821
topic 2	0.00949270211776
topic 3	0.0106840787695
topic 4	0.0
topic 5	0.00339260762252
topic 6	0.0
