topic	weight
topic 0	0.000176845686619
topic 1	0.0
topic 2	0.0162312009
topic 3	0.00434237326493
topic 4	0.00502053430288
topic 5	0.0
topic 6	0.0
