topic	weight
topic 0	0.0
topic 1	0.00100274987944
topic 2	0.0016202038101
topic 3	0.000597326501224
topic 4	0.00169908456779
topic 5	0.00099808994379
topic 6	0.0
