topic	weight
topic 0	0.0
topic 1	0.000820932779282
topic 2	0.0
topic 3	0.192868501145
topic 4	0.00772752387914
topic 5	0.0
topic 6	0.0
