topic	weight
topic 0	0.000147607036749
topic 1	0.00229456327565
topic 2	0.00811745071335
topic 3	0.00367814410395
topic 4	0.00189407026961
topic 5	0.00139791113925
topic 6	0.00122668423753
