topic	weight
topic 0	0.00232404644029
topic 1	0.0
topic 2	0.000113303586501
topic 3	0.0
topic 4	0.00011929449471
topic 5	0.0
topic 6	7.11549294431e-06
