topic	weight
topic 0	3.20523102534e-05
topic 1	0.0
topic 2	0.0002748249497
topic 3	8.20952248528e-05
topic 4	0.000472294664797
topic 5	0.0
topic 6	5.63176350503e-07
