topic	weight
topic 0	0.000232985016026
topic 1	7.14291947082e-05
topic 2	0.00127956839836
topic 3	4.38362948357e-05
topic 4	0.000287251201602
topic 5	0.000208236989629
topic 6	0.0
