topic	weight
topic 0	0.00673733717968
topic 1	0.000739420642013
topic 2	0.000566789162576
topic 3	0.000385024165002
topic 4	0.000727993293485
topic 5	0.00887699627151
topic 6	0.000299585072059
