topic	weight
topic 0	0.00189676875371
topic 1	0.0110233243743
topic 2	0.0170612242675
topic 3	0.00332618880416
topic 4	0.0169240836992
topic 5	0.0
topic 6	0.00174661696185
