topic	weight
topic 0	0.0
topic 1	0.0158895005475
topic 2	0.0
topic 3	4.86119745642e-05
topic 4	0.0048545321981
topic 5	0.00533837548146
topic 6	0.00111126181707
