topic	weight
topic 0	0.0
topic 1	0.000197934502095
topic 2	0.00519743041676
topic 3	0.0
topic 4	0.00854570314406
topic 5	0.000539988210141
topic 6	0.0
