topic	weight
topic 0	0.00178551671018
topic 1	0.01558556979
topic 2	0.0045995343967
topic 3	0.000524420050831
topic 4	0.0
topic 5	0.00218352792836
topic 6	0.0
