topic	weight
topic 0	0.0
topic 1	0.070262013179
topic 2	0.0601967164011
topic 3	0.0136860728455
topic 4	0.0171484603579
topic 5	0.0107483769502
topic 6	0.0050914180494
