topic	weight
topic 0	0.00486959461285
topic 1	0.0
topic 2	0.00314785691411
topic 3	0.00335977177627
topic 4	0.0
topic 5	0.0
topic 6	0.0
