topic	weight
topic 0	0.0
topic 1	0.0
topic 2	8.06727219777e-05
topic 3	0.000884324379444
topic 4	0.000172294208968
topic 5	3.42933171894e-06
topic 6	0.0
