topic	weight
topic 0	0.0
topic 1	0.0149433346016
topic 2	0.0128088640417
topic 3	0.00152231399894
topic 4	0.0117839314944
topic 5	0.00942575475671
topic 6	0.0143715439151
