topic	weight
topic 0	0.0
topic 1	0.000849640750573
topic 2	0.00136064572742
topic 3	0.000338939392681
topic 4	8.39821618809e-05
topic 5	0.0158640093423
topic 6	0.0
