topic	weight
topic 0	0.0
topic 1	0.035756471996
topic 2	0.0202042908752
topic 3	0.00358288923928
topic 4	0.0128989763133
topic 5	0.00414282168358
topic 6	0.0
