topic	weight
topic 0	0.0
topic 1	0.0
topic 2	0.00245325190603
topic 3	0.000795240866442
topic 4	0.0514393647067
topic 5	0.00812938504989
topic 6	0.00467105553533
