topic	weight
topic 0	0.00329006036825
topic 1	0.0
topic 2	0.0
topic 3	0.000424272168476
topic 4	0.00881950268387
topic 5	0.0
topic 6	0.005577756183
