topic	weight
topic 0	3.55873716784e-05
topic 1	0.000563041079243
topic 2	0.00129378586448
topic 3	0.00520820366936
topic 4	0.000344816980352
topic 5	0.0
topic 6	0.0
