topic	weight
topic 0	0.00029145252607
topic 1	0.0
topic 2	0.00334128897546
topic 3	0.0184947883852
topic 4	0.00534127972724
topic 5	0.000911463350583
topic 6	0.0
