topic	weight
topic 0	0.000893761953561
topic 1	0.000211199146219
topic 2	0.00432147316818
topic 3	0.0649050807837
topic 4	0.0
topic 5	0.00201182290358
topic 6	0.000900005230448
