topic	weight
topic 0	0.00130116661614
topic 1	0.00880369536643
topic 2	0.00309646870947
topic 3	0.00363235850969
topic 4	0.0072627842831
topic 5	0.0154546569121
topic 6	0.00219320651165
