topic	weight
topic 0	0.000182930042317
topic 1	0.0
topic 2	0.0
topic 3	0.0
topic 4	0.000423841570751
topic 5	0.157160186185
topic 6	0.0
