topic	weight
topic 0	0.00129461840457
topic 1	0.00107902996017
topic 2	0.000125124552656
topic 3	0.000250949115405
topic 4	8.51851700871e-06
topic 5	0.0
topic 6	0.0
