topic	weight
topic 0	0.0
topic 1	0.0
topic 2	0.0186044864687
topic 3	0.00226251121662
topic 4	0.00718216203686
topic 5	0.00474341772258
topic 6	0.0
