topic	weight
topic 0	0.0
topic 1	0.0
topic 2	0.0162797054056
topic 3	0.0
topic 4	0.315044233832
topic 5	0.000621513235064
topic 6	0.0
