topic	weight
topic 0	0.00416909851237
topic 1	0.0147784454894
topic 2	0.115701519902
topic 3	0.00361304473017
topic 4	0.00129553875036
topic 5	0.00914269266723
topic 6	0.0
