topic	weight
topic 0	0.0
topic 1	0.00174516811162
topic 2	0.000231684123113
topic 3	0.00426638186359
topic 4	0.0124912815549
topic 5	0.0
topic 6	0.0
