topic	weight
topic 0	0.0
topic 1	0.00444346221923
topic 2	0.0023237965921
topic 3	0.0023963313005
topic 4	0.00071650117708
topic 5	0.0146784457248
topic 6	0.0
