topic	weight
topic 0	0.0
topic 1	0.0
topic 2	0.00122454365873
topic 3	0.00501108008828
topic 4	0.102544188903
topic 5	0.00531770210728
topic 6	0.00468034658775
