topic	weight
topic 0	0.0300239767068
topic 1	0.0
topic 2	0.0
topic 3	0.0
topic 4	0.0
topic 5	0.220677803817
topic 6	0.0
