topic	weight
topic 0	0.000436611950651
topic 1	0.00117428126758
topic 2	0.0020450613461
topic 3	0.000589357910566
topic 4	0.000603015243577
topic 5	0.00414851095343
topic 6	0.0
