topic	weight
topic 0	0.0
topic 1	0.000505052559409
topic 2	0.000511173293877
topic 3	0.0
topic 4	0.00111922665746
topic 5	0.00132776647792
topic 6	0.0
