topic	weight
topic 0	0.0
topic 1	0.00534068466093
topic 2	0.00736738395999
topic 3	0.00553781365835
topic 4	0.00120458117792
topic 5	0.0100267669541
topic 6	0.0
