topic	weight
topic 0	0.0
topic 1	0.00210033614893
topic 2	0.000297878592336
topic 3	0.0
topic 4	9.25475808236e-05
topic 5	0.000123475469701
topic 6	0.00236144594792
