topic	weight
topic 0	0.00814665302377
topic 1	0.000880876763353
topic 2	0.0
topic 3	0.0
topic 4	0.00330787192678
topic 5	0.010533473563
topic 6	0.0
