topic	weight
topic 0	0.0
topic 1	0.00401618611361
topic 2	0.00404521069068
topic 3	0.00788294116963
topic 4	0.00664359171042
topic 5	0.00120274448123
topic 6	0.0
