topic	weight
topic 0	0.0
topic 1	0.000469557332254
topic 2	0.00359765659094
topic 3	0.00278830751428
topic 4	0.000976040446513
topic 5	0.000356677573575
topic 6	0.0235562748262
