topic	weight
topic 0	0.0
topic 1	0.0
topic 2	0.0
topic 3	0.0
topic 4	0.0129835387122
topic 5	0.00352751823003
topic 6	0.0
