topic	weight
topic 0	0.0
topic 1	0.0011401424756
topic 2	0.00157155035955
topic 3	0.000117105347298
topic 4	0.00112342858349
topic 5	0.00185451915586
topic 6	0.0
