topic	weight
topic 0	9.01059480252e-05
topic 1	0.000389698984385
topic 2	0.00132548213132
topic 3	0.00929142461615
topic 4	0.00256360194353
topic 5	0.000302812558294
topic 6	0.00106114209514
