topic	weight
topic 0	0.0
topic 1	0.0
topic 2	0.0
topic 3	0.00632649248835
topic 4	0.0
topic 5	0.000157311443826
topic 6	5.83500442019e-06
