topic	weight
topic 0	0.0
topic 1	0.0
topic 2	0.0
topic 3	0.0
topic 4	0.00386733913115
topic 5	0.0758554800117
topic 6	0.0
