topic	weight
topic 0	0.168526710728
topic 1	0.0
topic 2	0.0
topic 3	0.0
topic 4	0.000585566604767
topic 5	0.172777147454
topic 6	0.0
