topic	weight
topic 0	0.000428678844532
topic 1	0.00045007208841
topic 2	0.00139433176889
topic 3	0.0812905960314
topic 4	0.0
topic 5	0.0
topic 6	3.68361017854e-07
