topic	weight
topic 0	0.0
topic 1	0.00692453780791
topic 2	0.0306759432436
topic 3	0.00320103373801
topic 4	0.0130340328247
topic 5	0.0158820489126
topic 6	0.0
