topic	weight
topic 0	0.00287359357727
topic 1	0.00929397990361
topic 2	0.00833012757334
topic 3	0.0110215662847
topic 4	0.0812635049796
topic 5	0.00796265659636
topic 6	0.0090619104574
