topic	weight
topic 0	0.00228541462293
topic 1	0.00200921354049
topic 2	0.000715427613149
topic 3	0.000192004663159
topic 4	0.00136136088936
topic 5	0.0
topic 6	0.00200500950044
