topic	weight
topic 0	0.0
topic 1	0.00198219733837
topic 2	0.00824913257643
topic 3	0.00459171947667
topic 4	0.00452609784881
topic 5	0.00150079075093
topic 6	0.0
