topic	weight
topic 0	0.021898411866
topic 1	0.00403621918429
topic 2	0.0113785155309
topic 3	0.000362538431567
topic 4	0.00975091618153
topic 5	0.0
topic 6	0.0
