topic	weight
topic 0	0.00912376191451
topic 1	0.00131163445294
topic 2	2.39866452468e-05
topic 3	0.00841518841121
topic 4	0.00181656427164
topic 5	0.00551463191613
topic 6	0.0
