topic	weight
topic 0	0.0
topic 1	0.000520260415962
topic 2	0.00107505125328
topic 3	0.00590521354647
topic 4	0.00443780323744
topic 5	0.00060139703949
topic 6	0.0
