topic	weight
topic 0	0.0
topic 1	0.104977923931
topic 2	0.00916254289042
topic 3	0.00448911629946
topic 4	0.0037201479916
topic 5	0.0461185216772
topic 6	0.0
