topic	weight
topic 0	0.000862882353387
topic 1	0.0
topic 2	0.00011595853742
topic 3	0.000175580299061
topic 4	3.30861383036e-05
topic 5	0.0
topic 6	0.0
