topic	weight
topic 0	0.0
topic 1	0.002655877929
topic 2	0.0106022397675
topic 3	0.0
topic 4	0.0138334197934
topic 5	0.00346724043328
topic 6	0.0135483839898
