topic	weight
topic 0	0.0
topic 1	0.0
topic 2	0.0
topic 3	0.0122977256397
topic 4	0.110798372758
topic 5	0.0018595928582
topic 6	0.0
