topic	weight
topic 0	0.00131341824507
topic 1	0.0
topic 2	0.000591171437279
topic 3	0.00124614883096
topic 4	0.00256625929084
topic 5	0.0
topic 6	0.0
