topic	weight
topic 0	0.0
topic 1	0.00285818076837
topic 2	0.0130222034108
topic 3	0.0027790393986
topic 4	0.0032512863763
topic 5	0.00319136377685
topic 6	0.0
