topic	weight
topic 0	0.0
topic 1	0.000562661350777
topic 2	0.000495028774174
topic 3	0.000238316164778
topic 4	0.000567079076123
topic 5	0.000946783012226
topic 6	0.0
