topic	weight
topic 0	0.0
topic 1	0.0183297403942
topic 2	0.00459210075849
topic 3	0.000401104115092
topic 4	0.0
topic 5	1.9501389866e-05
topic 6	0.000506384452455
