topic	weight
topic 0	0.209619397821
topic 1	0.00940865693831
topic 2	0.0
topic 3	0.00234043632824
topic 4	0.0082590472734
topic 5	0.0
topic 6	0.0
