topic	weight
topic 0	0.000247065940724
topic 1	0.0125712228914
topic 2	0.00271033710701
topic 3	0.00191568197883
topic 4	0.00846665987837
topic 5	0.0115896043937
topic 6	0.0
