topic	weight
topic 0	0.103414524295
topic 1	0.0
topic 2	0.0
topic 3	0.000156931611463
topic 4	0.00130824412533
topic 5	0.0
topic 6	0.000285976322574
