topic	weight
topic 0	0.00580443157029
topic 1	0.00474400626789
topic 2	0.00223673646291
topic 3	0.0060950778479
topic 4	0.00234890522741
topic 5	0.00614791822363
topic 6	0.00187286212342
