topic	weight
topic 0	0.0
topic 1	0.0146262123693
topic 2	0.0164263009439
topic 3	0.000238929036804
topic 4	0.00115579964888
topic 5	0.00344976542733
topic 6	0.0
