topic	weight
topic 0	0.00825731468681
topic 1	0.00180618143242
topic 2	0.000714656330458
topic 3	0.00492823825368
topic 4	0.00141088697643
topic 5	0.0523130782008
topic 6	0.00017629252267
