topic	weight
topic 0	0.0
topic 1	0.0290860906417
topic 2	0.01101011236
topic 3	0.00342265452594
topic 4	0.00706005794377
topic 5	0.0229555063092
topic 6	0.0
