topic	weight
topic 0	0.00587053843848
topic 1	0.0
topic 2	0.000107775379195
topic 3	0.0
topic 4	0.00116059235087
topic 5	0.0037135937896
topic 6	0.0
