topic	weight
topic 0	0.0
topic 1	0.000622504137019
topic 2	0.00110295389059
topic 3	0.00206109371197
topic 4	0.0026779002941
topic 5	0.00376450011614
topic 6	0.00111593344074
