topic	weight
topic 0	0.0377106771692
topic 1	0.0233869304955
topic 2	0.0450420557645
topic 3	0.00980943717854
topic 4	0.0123493357483
topic 5	0.0
topic 6	0.00278723014799
