topic	weight
topic 0	0.0
topic 1	0.00229826974109
topic 2	0.012115330191
topic 3	0.004687193244
topic 4	0.00647618829341
topic 5	0.00992458704232
topic 6	0.0
