topic	weight
topic 0	0.0
topic 1	0.00265587492774
topic 2	0.00971542682543
topic 3	0.0013189682215
topic 4	0.00331906436035
topic 5	0.0126672470031
topic 6	0.0
