topic	weight
topic 0	0.000819185697674
topic 1	5.80035735912e-05
topic 2	0.00283515167555
topic 3	0.0
topic 4	0.00131976115516
topic 5	0.000961710404474
topic 6	0.000460867286265
