topic	weight
topic 0	0.116480694468
topic 1	0.0
topic 2	0.0
topic 3	0.000217129042084
topic 4	0.00568784784305
topic 5	0.0
topic 6	0.00424565187835
