topic	weight
topic 0	0.0
topic 1	0.0010308732754
topic 2	0.00160291023407
topic 3	0.000997784465564
topic 4	0.00525572805894
topic 5	0.0
topic 6	2.09280366099e-05
