topic	weight
topic 0	6.50890006967e-05
topic 1	0.00261426786511
topic 2	0.00811186706581
topic 3	0.0574757433346
topic 4	0.00549667994518
topic 5	0.00327863664402
topic 6	0.0105198671487
