topic	weight
topic 0	0.0
topic 1	0.00156070652968
topic 2	2.10217607801e-05
topic 3	5.26560818413e-05
topic 4	0.00019355123512
topic 5	0.00370014093075
topic 6	0.0
