topic	weight
topic 0	0.0102762997362
topic 1	0.00156118473765
topic 2	0.000401757621256
topic 3	0.000165144348773
topic 4	0.0125979672049
topic 5	0.000743769689789
topic 6	0.0048310937418
