topic	weight
topic 0	0.0
topic 1	0.00275892876734
topic 2	0.00355358921973
topic 3	0.00709706607944
topic 4	0.00660421209794
topic 5	0.00787573014934
topic 6	0.000557637337385
