topic	weight
topic 0	0.00569037051485
topic 1	0.0106290837139
topic 2	0.0129079659818
topic 3	0.000766184933182
topic 4	0.0214198235192
topic 5	0.0
topic 6	0.00114424293193
