topic	weight
topic 0	0.0
topic 1	0.00537920076302
topic 2	0.0137962361832
topic 3	0.00591495687934
topic 4	0.0073487039539
topic 5	0.00756494058522
topic 6	0.0
