topic	weight
topic 0	0.0
topic 1	0.00555843608542
topic 2	0.0592583173905
topic 3	0.0
topic 4	0.0
topic 5	0.0
topic 6	0.00388966997718
