topic	weight
topic 0	6.12962874697e-05
topic 1	5.10643779896e-05
topic 2	0.00521683887058
topic 3	0.0
topic 4	0.0141898101774
topic 5	0.000287733591878
topic 6	0.0
