topic	weight
topic 0	0.00181112119484
topic 1	0.0
topic 2	0.000275315568908
topic 3	0.0
topic 4	0.000585173833485
topic 5	0.0
topic 6	3.76672031137e-05
