topic	weight
topic 0	0.00190640153119
topic 1	0.0
topic 2	0.177847273897
topic 3	0.0
topic 4	0.0
topic 5	0.0
topic 6	0.0
