topic	weight
topic 0	0.0
topic 1	4.65969708565e-05
topic 2	0.0548773043211
topic 3	0.0
topic 4	0.0
topic 5	0.0
topic 6	0.0217495687812
