topic	weight
topic 0	0.0
topic 1	0.00186601959058
topic 2	0.00530451748201
topic 3	0.00225271549066
topic 4	0.00258061920943
topic 5	0.0087352887544
topic 6	0.0
