topic	weight
topic 0	0.00255097980536
topic 1	0.00109029750819
topic 2	0.00139057461611
topic 3	0.00182476462894
topic 4	0.000752398496221
topic 5	0.0
topic 6	0.0
