topic	weight
topic 0	0.206588155911
topic 1	0.0
topic 2	0.00604299441662
topic 3	0.0
topic 4	0.00740889245459
topic 5	0.0
topic 6	0.0
