topic	weight
topic 0	0.0
topic 1	0.00232802808441
topic 2	0.00326901493252
topic 3	0.0
topic 4	0.121898780458
topic 5	0.0
topic 6	0.0
