topic	weight
topic 0	0.000108820859109
topic 1	0.00055099502209
topic 2	0.00548737937694
topic 3	0.00233403460059
topic 4	0.00116012895509
topic 5	0.00276235183927
topic 6	0.0
