topic	weight
topic 0	0.0
topic 1	0.00418015390226
topic 2	0.00517350776211
topic 3	0.0886684568855
topic 4	0.0
topic 5	0.00878655919345
topic 6	0.0
