topic	weight
topic 0	3.16636725249e-05
topic 1	0.000165596292212
topic 2	0.000305709155718
topic 3	0.000387247031752
topic 4	0.000516427788997
topic 5	0.000176877885341
topic 6	0.0
