topic	weight
topic 0	0.0
topic 1	0.00412207028209
topic 2	0.00857183962442
topic 3	4.30312630729e-05
topic 4	0.00391826728152
topic 5	0.0102620984617
topic 6	0.0
