topic	weight
topic 0	0.0
topic 1	0.00765343711335
topic 2	0.00716949183926
topic 3	0.00583702748342
topic 4	0.000857282303721
topic 5	0.0113736478966
topic 6	0.0
