topic	weight
topic 0	0.0
topic 1	0.000128077909638
topic 2	0.000200092637384
topic 3	0.0
topic 4	0.0874092483187
topic 5	0.0
topic 6	0.0
