topic	weight
topic 0	7.53645794431e-05
topic 1	0.00621292460859
topic 2	7.91131675349e-05
topic 3	0.000387512529832
topic 4	0.000423615257595
topic 5	0.00797703948865
topic 6	0.0
