topic	weight
topic 0	0.0
topic 1	8.64883500924e-06
topic 2	0.00031388090753
topic 3	0.000502130544027
topic 4	0.000234886686789
topic 5	5.31866510509e-05
topic 6	7.8881013075e-05
