topic	weight
topic 0	0.000849943500601
topic 1	0.00130651060952
topic 2	0.00448139328983
topic 3	0.0
topic 4	0.00429455709737
topic 5	0.00199778385321
topic 6	0.00258150416391
