topic	weight
topic 0	0.0
topic 1	0.0200446922856
topic 2	0.0180121026499
topic 3	0.00545841187714
topic 4	0.00689651009859
topic 5	0.0112640852512
topic 6	0.0
