topic	weight
topic 0	0.0
topic 1	0.0293177794464
topic 2	0.00479504491074
topic 3	0.000586203303535
topic 4	0.0
topic 5	0.00525446044178
topic 6	0.000543805675438
