topic	weight
topic 0	0.0
topic 1	0.215417641832
topic 2	0.00318113317514
topic 3	0.00560545892196
topic 4	0.0
topic 5	0.0109114045186
topic 6	0.0
