topic	weight
topic 0	0.0
topic 1	0.0028418856935
topic 2	0.0105494942342
topic 3	0.00454952044774
topic 4	0.026936001896
topic 5	0.00155448344378
topic 6	2.76671374777e-05
