topic	weight
topic 0	0.0
topic 1	0.0020772653014
topic 2	0.0471427550053
topic 3	0.0
topic 4	0.000305614495927
topic 5	0.0
topic 6	0.0199174987234
