topic	weight
topic 0	0.0
topic 1	2.17627245076e-06
topic 2	0.0009563364272
topic 3	0.000549425305488
topic 4	0.00226240719106
topic 5	0.000506189489612
topic 6	0.0
