topic	weight
topic 0	2.66021433349e-05
topic 1	0.0
topic 2	0.00153162029987
topic 3	0.0018854832428
topic 4	0.000492080042356
topic 5	0.0
topic 6	2.92047837898e-05
