topic	weight
topic 0	0.0
topic 1	0.0
topic 2	0.000289137407845
topic 3	0.00268445686508
topic 4	0.0
topic 5	8.66298502193e-05
topic 6	0.0
