topic	weight
topic 0	0.00247313149319
topic 1	0.00160178439467
topic 2	0.000930340397516
topic 3	7.6278154645e-05
topic 4	0.00489217609067
topic 5	0.0128181462231
topic 6	0.0
