topic	weight
topic 0	0.0
topic 1	7.19263353536e-05
topic 2	0.000407360470951
topic 3	0.0
topic 4	0.00303394698885
topic 5	0.000134739145572
topic 6	0.0
