topic	weight
topic 0	0.00767254375743
topic 1	0.0
topic 2	7.18159120581e-05
topic 3	4.72440808452e-05
topic 4	0.00160821885521
topic 5	0.0
topic 6	0.0
