topic	weight
topic 0	0.00207297867551
topic 1	0.00155763630784
topic 2	0.0049743673356
topic 3	0.00367113275566
topic 4	0.00269430642139
topic 5	0.000425766097854
topic 6	0.0
