topic	weight
topic 0	0.0
topic 1	0.00749013677175
topic 2	0.00925622141124
topic 3	0.000189857838791
topic 4	0.000640584351318
topic 5	0.0
topic 6	0.0
