topic	weight
topic 0	0.000395787964248
topic 1	0.00605126479143
topic 2	0.00259595769105
topic 3	0.000742038516006
topic 4	0.00245647407586
topic 5	0.0125309196737
topic 6	0.0
