topic	weight
topic 0	0.0
topic 1	0.00901872746536
topic 2	0.013028785481
topic 3	0.0145588353592
topic 4	0.0082262809591
topic 5	0.0104306311993
topic 6	0.0
