topic	weight
topic 0	0.000306791685826
topic 1	0.0
topic 2	0.000165046068623
topic 3	0.000142195146173
topic 4	0.00060853055461
topic 5	0.0
topic 6	0.000473261901367
