topic	weight
topic 0	0.0
topic 1	0.00248630624422
topic 2	0.00439562736374
topic 3	0.0
topic 4	0.00370412903401
topic 5	0.00218683590873
topic 6	0.0286565779013
