topic	weight
topic 0	0.000611352003012
topic 1	0.0016657553068
topic 2	0.00740806234157
topic 3	0.00473839607668
topic 4	0.000620273157577
topic 5	0.0
topic 6	0.0
