topic	weight
topic 0	0.0
topic 1	0.000523977256868
topic 2	0.0017037390867
topic 3	0.000124367252495
topic 4	0.00666897840512
topic 5	0.00581323729175
topic 6	0.0
