topic	weight
topic 0	0.00279422297534
topic 1	0.00198782064714
topic 2	0.00228541381482
topic 3	0.080683832306
topic 4	0.0
topic 5	0.0
topic 6	0.0
