topic	weight
topic 0	0.00783686997072
topic 1	5.09767968915e-05
topic 2	0.0123965793151
topic 3	0.00952114146545
topic 4	0.0183245457346
topic 5	0.0
topic 6	0.00198814697118
