topic	weight
topic 0	0.0
topic 1	0.00191180475139
topic 2	0.00141403906271
topic 3	0.00514064192691
topic 4	0.000767326995073
topic 5	0.0204282120953
topic 6	0.0
