topic	weight
topic 0	0.00910133404297
topic 1	0.000731598822979
topic 2	0.0276872141033
topic 3	0.00687452630565
topic 4	0.00831172403186
topic 5	0.0686486332382
topic 6	0.0
