topic	weight
topic 0	0.0
topic 1	0.00702753469339
topic 2	0.183185783514
topic 3	0.0
topic 4	0.0
topic 5	0.0
topic 6	0.0
