topic	weight
topic 0	0.0146574699889
topic 1	0.0
topic 2	0.0
topic 3	0.0
topic 4	0.000449470164153
topic 5	0.0
topic 6	0.000236073619852
