topic	weight
topic 0	0.0
topic 1	0.11508029951
topic 2	0.0
topic 3	0.00719309116265
topic 4	0.000229836168933
topic 5	0.00051912830299
topic 6	0.0
