topic	weight
topic 0	0.0
topic 1	0.000891405765118
topic 2	0.000223558237811
topic 3	0.000671726206658
topic 4	0.00231629837229
topic 5	0.000211397354416
topic 6	0.00384560673206
