topic	weight
topic 0	0.0
topic 1	0.00261408483439
topic 2	0.00171442793074
topic 3	0.000307310380963
topic 4	0.00665386753954
topic 5	0.00311426792191
topic 6	0.0
