topic	weight
topic 0	0.0
topic 1	0.000524153266011
topic 2	0.00863561106041
topic 3	0.00129170986629
topic 4	0.00175269576112
topic 5	0.000118901187154
topic 6	0.0
