topic	weight
topic 0	0.0
topic 1	0.00107017356037
topic 2	0.00536646562719
topic 3	0.00205887192785
topic 4	0.0
topic 5	0.0
topic 6	0.0
