topic	weight
topic 0	0.000938329870433
topic 1	0.000150035620157
topic 2	0.0
topic 3	3.86631953041e-05
topic 4	0.00233388087583
topic 5	0.0
topic 6	0.0
