topic	weight
topic 0	0.00570634772559
topic 1	0.00402064548918
topic 2	0.0042976093611
topic 3	0.00436946840793
topic 4	0.00423094369249
topic 5	0.0
topic 6	0.0
