topic	weight
topic 0	0.000239284065718
topic 1	0.0
topic 2	0.0
topic 3	0.0110011406038
topic 4	0.100504002066
topic 5	0.0
topic 6	0.0
