topic	weight
topic 0	0.000857920216979
topic 1	0.0616462319894
topic 2	0.0035766105297
topic 3	0.000154818629524
topic 4	0.00374880781979
topic 5	0.00498743727996
topic 6	0.0
