topic	weight
topic 0	0.0
topic 1	0.000482303662003
topic 2	0.0
topic 3	0.00397141527718
topic 4	0.0
topic 5	0.0117131558201
topic 6	0.0
