topic	weight
topic 0	0.000152216320236
topic 1	4.52956396129e-05
topic 2	0.000665020413689
topic 3	0.000428247312796
topic 4	0.000202674828064
topic 5	7.79428256204e-05
topic 6	0.0
