topic	weight
topic 0	0.0
topic 1	0.00178338374299
topic 2	0.00384060575289
topic 3	0.000733341558061
topic 4	0.00121060181921
topic 5	0.00221138933256
topic 6	0.0
