topic	weight
topic 0	0.000124055221914
topic 1	0.0
topic 2	0.000224866857565
topic 3	2.81479824659e-05
topic 4	0.000182031030956
topic 5	0.0
topic 6	0.0
