topic	weight
topic 0	0.0
topic 1	0.000370703237195
topic 2	0.0606698872334
topic 3	0.0
topic 4	0.0
topic 5	0.0
topic 6	0.0205401534818
