topic	weight
topic 0	0.0
topic 1	2.95547603339e-05
topic 2	0.000328109676263
topic 3	0.00368178768414
topic 4	0.0
topic 5	0.000133299354528
topic 6	0.0
