topic	weight
topic 0	0.0
topic 1	0.000883328124094
topic 2	0.000150237218828
topic 3	0.00158905696048
topic 4	0.00243164443959
topic 5	0.0076023383169
topic 6	0.0
