topic	weight
topic 0	0.000818566537969
topic 1	0.000551506889941
topic 2	0.00265001649678
topic 3	0.0
topic 4	0.00216038623061
topic 5	0.00133135019103
topic 6	0.00249937024825
