topic	weight
topic 0	0.0
topic 1	0.000350996930115
topic 2	0.00157141141328
topic 3	0.0
topic 4	0.000732347386821
topic 5	0.000263733704268
topic 6	0.0
