topic	weight
topic 0	0.199599062891
topic 1	0.0
topic 2	0.0102190341102
topic 3	0.0
topic 4	0.0
topic 5	0.0
topic 6	0.0
