topic	weight
topic 0	0.0
topic 1	0.00211045210869
topic 2	0.00342215641022
topic 3	0.0034815844164
topic 4	0.0
topic 5	0.300004565514
topic 6	0.0
