topic	weight
topic 0	0.0
topic 1	0.0872097534258
topic 2	0.020043423126
topic 3	0.0
topic 4	0.0121582579411
topic 5	0.0424617166402
topic 6	0.0655111349371
