topic	weight
topic 0	0.0
topic 1	4.72739219198e-05
topic 2	0.000174789435939
topic 3	0.0082822673139
topic 4	0.0
topic 5	0.0
topic 6	0.0
