topic	weight
topic 0	0.0
topic 1	0.00489510241846
topic 2	0.00637765463717
topic 3	0.0324852503989
topic 4	0.0
topic 5	0.00994027258404
topic 6	0.0
