topic	weight
topic 0	0.0
topic 1	0.00136306653028
topic 2	0.00213047063161
topic 3	0.000280088122654
topic 4	0.000934054620123
topic 5	0.00271428424273
topic 6	3.9128941837e-05
