topic	weight
topic 0	0.0
topic 1	0.00338710562689
topic 2	0.00849812141689
topic 3	0.000125589415065
topic 4	0.00539273195083
topic 5	0.012569182955
topic 6	0.0
