topic	weight
topic 0	0.000858657538038
topic 1	0.0
topic 2	0.000449704204927
topic 3	1.26818921667e-05
topic 4	0.000880590418134
topic 5	0.00160312194999
topic 6	2.43480386842e-05
