topic	weight
topic 0	0.0
topic 1	0.0
topic 2	0.00096534471317
topic 3	0.00493265424322
topic 4	0.0185198575666
topic 5	0.00151624858577
topic 6	0.00058067631595
