topic	weight
topic 0	0.0
topic 1	0.00204525277835
topic 2	0.00497912323778
topic 3	0.000198312328064
topic 4	0.00247062027665
topic 5	0.0088706973433
topic 6	0.0
