topic	weight
topic 0	0.0135536252383
topic 1	0.00583445393369
topic 2	0.0137818121724
topic 3	0.00642278467013
topic 4	0.00341562435841
topic 5	0.000888510578526
topic 6	0.0
