topic	weight
topic 0	0.0
topic 1	0.000515662102184
topic 2	0.000199565267322
topic 3	0.00513128120153
topic 4	0.00134844193053
topic 5	0.00191354214676
topic 6	7.68060182882e-05
