topic	weight
topic 0	0.0
topic 1	0.0114253584215
topic 2	0.00740868438728
topic 3	0.0
topic 4	0.0107398524313
topic 5	0.00549342710549
topic 6	0.00168676699847
