topic	weight
topic 0	0.0
topic 1	0.00104777191696
topic 2	0.000481894226634
topic 3	0.101232836715
topic 4	0.0
topic 5	0.0066349522388
topic 6	0.0
