topic	weight
topic 0	0.00256856841533
topic 1	0.000173795453882
topic 2	0.00319163111064
topic 3	0.00216800603259
topic 4	0.00339504252883
topic 5	0.0
topic 6	0.0
