topic	weight
topic 0	0.105173423642
topic 1	0.0
topic 2	0.00352175284651
topic 3	0.0
topic 4	0.00858389453039
topic 5	0.112848203544
topic 6	0.0010913978499
