topic	weight
topic 0	0.0
topic 1	0.00779422462533
topic 2	0.0
topic 3	0.0
topic 4	0.0199061465572
topic 5	0.00825012530998
topic 6	0.0
