topic	weight
topic 0	0.00215205584978
topic 1	0.000342155395058
topic 2	0.00221106519786
topic 3	0.0
topic 4	0.00630139586217
topic 5	0.0
topic 6	0.000651163067853
