topic	weight
topic 0	0.0
topic 1	0.0
topic 2	0.00337653324353
topic 3	0.0193398516432
topic 4	0.10031136419
topic 5	0.0022792709056
topic 6	0.00211842759767
