topic	weight
topic 0	0.00240215862914
topic 1	0.000369150736626
topic 2	0.00104735851429
topic 3	0.00189669461491
topic 4	0.00275689801018
topic 5	0.00396537667318
topic 6	0.00138934496644
