topic	weight
topic 0	0.00134855845677
topic 1	0.00640918595224
topic 2	0.0103321808589
topic 3	0.00549676970692
topic 4	0.0113026919205
topic 5	0.0
topic 6	0.00207668510059
