topic	weight
topic 0	0.000138101357971
topic 1	0.00804107032681
topic 2	0.00153234981997
topic 3	0.000502811758776
topic 4	0.00652455007941
topic 5	0.0049589822199
topic 6	0.000670905998191
