topic	weight
topic 0	0.0
topic 1	0.187945966419
topic 2	0.0
topic 3	0.0
topic 4	0.0
topic 5	0.00224836700865
topic 6	4.92196220751e-05
