topic	weight
topic 0	0.00206086808898
topic 1	0.000668679350103
topic 2	0.00309751650285
topic 3	6.38466035634e-06
topic 4	0.000239279662888
topic 5	0.000274932395746
topic 6	0.0
