topic	weight
topic 0	0.00328995323026
topic 1	0.0181268766913
topic 2	0.0110337086233
topic 3	0.00590472937479
topic 4	0.00593861812263
topic 5	0.019103684584
topic 6	0.0
