topic	weight
topic 0	0.00189421885895
topic 1	0.0
topic 2	0.000857365738158
topic 3	0.00180339582079
topic 4	0.0036444371415
topic 5	0.0
topic 6	0.0
