topic	weight
topic 0	2.98911894773e-05
topic 1	0.000310170025776
topic 2	0.000735648250209
topic 3	0.00043763316464
topic 4	0.00045221205188
topic 5	0.000514496471407
topic 6	0.0
