topic	weight
topic 0	0.0
topic 1	0.000195164041595
topic 2	0.000489579664695
topic 3	0.000242408180607
topic 4	5.72414634274e-05
topic 5	4.5462894921e-05
topic 6	0.0
