topic	weight
topic 0	0.0
topic 1	0.00916025148163
topic 2	0.00694565034604
topic 3	0.00560933420541
topic 4	0.00804275127078
topic 5	0.010428087965
topic 6	0.00668990687989
