topic	weight
topic 0	0.0
topic 1	0.0
topic 2	0.0
topic 3	0.181944074463
topic 4	0.0
topic 5	0.0
topic 6	2.07297564719e-05
