topic	weight
topic 0	0.0
topic 1	0.000763375152531
topic 2	0.0260154229772
topic 3	0.000660660252546
topic 4	0.00166910347529
topic 5	0.0
topic 6	0.0
