topic	weight
topic 0	0.0
topic 1	0.00352607847588
topic 2	0.00109319108476
topic 3	0.00139270695228
topic 4	0.000373319903414
topic 5	0.00775481061635
topic 6	0.0
