topic	weight
topic 0	0.00323004610693
topic 1	0.0
topic 2	0.0
topic 3	0.0
topic 4	0.0979071793565
topic 5	0.00674636234327
topic 6	0.0
