topic	weight
topic 0	0.00758298211669
topic 1	0.000124081951856
topic 2	0.00152695066027
topic 3	0.000304066432793
topic 4	0.000869226056265
topic 5	0.0
topic 6	0.000636080288992
