topic	weight
topic 0	0.0
topic 1	0.000731173966683
topic 2	0.0196689987353
topic 3	0.000654763607192
topic 4	0.00188953870852
topic 5	0.0
topic 6	0.0
