topic	weight
topic 0	0.00842065893554
topic 1	0.00916670704247
topic 2	0.0267847727555
topic 3	0.00687898449239
topic 4	0.0113905234795
topic 5	0.0
topic 6	0.0
