topic	weight
topic 0	0.0
topic 1	0.00175507775785
topic 2	0.0212536728412
topic 3	0.0
topic 4	0.011608554808
topic 5	0.00327460603988
topic 6	0.0122021978236
