topic	weight
topic 0	0.0
topic 1	0.0254950893066
topic 2	0.0612010112342
topic 3	0.0152999000178
topic 4	0.00892251799808
topic 5	0.0247584037053
topic 6	0.0
