topic	weight
topic 0	0.0
topic 1	0.0201817519557
topic 2	0.00652897643539
topic 3	0.0
topic 4	0.0209720902754
topic 5	0.00750378967482
topic 6	0.0
