topic	weight
topic 0	0.00241439743946
topic 1	0.0
topic 2	0.0
topic 3	0.133175773374
topic 4	0.0
topic 5	0.0
topic 6	0.000140417721229
