topic	weight
topic 0	0.0
topic 1	0.000576693134418
topic 2	0.000341078448084
topic 3	0.00101387967247
topic 4	0.0
topic 5	6.6354313944e-05
topic 6	0.0
