topic	weight
topic 0	0.00171015425312
topic 1	0.0019218002203
topic 2	0.0162070704553
topic 3	0.00431469897682
topic 4	0.00378992508599
topic 5	8.04539876885e-05
topic 6	0.0
