topic	weight
topic 0	0.000558234940586
topic 1	0.00118141322381
topic 2	0.00112306317798
topic 3	0.0233564015799
topic 4	0.0
topic 5	0.0
topic 6	7.41791168028e-05
