topic	weight
topic 0	0.00116842295778
topic 1	0.000390444450418
topic 2	0.000448861115383
topic 3	0.00117045535147
topic 4	0.000260382008431
topic 5	0.0
topic 6	2.27174966601e-05
