topic	weight
topic 0	0.0
topic 1	0.00364144769423
topic 2	0.00327387998508
topic 3	0.00349397230676
topic 4	0.013142201857
topic 5	0.0
topic 6	0.0
