topic	weight
topic 0	0.0122948152683
topic 1	0.0
topic 2	0.0
topic 3	0.00109013812133
topic 4	0.00153168228909
topic 5	0.044702475043
topic 6	0.000356334341055
