topic	weight
topic 0	0.0
topic 1	0.00758454037034
topic 2	0.155766792265
topic 3	0.0
topic 4	0.0
topic 5	0.0
topic 6	0.0109838525806
