topic	weight
topic 0	0.226785113951
topic 1	0.0
topic 2	0.0
topic 3	0.0
topic 4	0.0
topic 5	0.241579470902
topic 6	0.0
