topic	weight
topic 0	2.32628517217e-05
topic 1	0.0
topic 2	0.00056363833594
topic 3	0.00195336288488
topic 4	0.0100409552316
topic 5	0.0
topic 6	0.0
