topic	weight
topic 0	0.0
topic 1	0.109816745142
topic 2	0.0
topic 3	0.000190663410194
topic 4	0.00442200732241
topic 5	0.00259046766544
topic 6	0.000392848704986
