topic	weight
topic 0	0.0
topic 1	0.00406054595239
topic 2	0.00324555253995
topic 3	0.0
topic 4	0.00702806006835
topic 5	0.00346540400451
topic 6	0.0
