topic	weight
topic 0	0.0
topic 1	0.00509741752595
topic 2	0.00623391303027
topic 3	0.0
topic 4	0.11504852185
topic 5	0.0
topic 6	0.000921106680595
