topic	weight
topic 0	0.0
topic 1	0.00217891519826
topic 2	0.0111000188921
topic 3	0.00541223757915
topic 4	0.00800404825876
topic 5	0.0117327970158
topic 6	0.000472682212977
