topic	weight
topic 0	0.00883406505315
topic 1	0.0
topic 2	0.000347870238915
topic 3	0.0010333726358
topic 4	0.00184269925455
topic 5	0.0281883630296
topic 6	0.000213697144588
