topic	weight
topic 0	0.0
topic 1	0.0
topic 2	0.0
topic 3	0.0
topic 4	0.109396310033
topic 5	0.0
topic 6	0.00415504300092
