topic	weight
topic 0	5.12381969537e-06
topic 1	0.0
topic 2	0.000157823507449
topic 3	0.00207717310685
topic 4	0.00140833862965
topic 5	0.00013214345709
topic 6	2.65727996824e-05
