topic	weight
topic 0	0.0
topic 1	0.000520798857823
topic 2	0.00312895303988
topic 3	0.000719427803461
topic 4	0.00282785572515
topic 5	0.000391837766604
topic 6	0.0
