topic	weight
topic 0	0.0
topic 1	0.000552832196405
topic 2	0.0127574635385
topic 3	0.00805606808193
topic 4	0.00834762636366
topic 5	0.00080646321969
topic 6	0.0
