topic	weight
topic 0	0.000216938859014
topic 1	0.043560744225
topic 2	0.045462144753
topic 3	0.0386766355951
topic 4	0.0516855681473
topic 5	0.0101047027173
topic 6	0.0
