topic	weight
topic 0	0.00288166832163
topic 1	0.0046009361815
topic 2	0.00186425740532
topic 3	0.00227609050553
topic 4	0.00463422809443
topic 5	0.000822112480445
topic 6	0.0
