topic	weight
topic 0	0.0
topic 1	0.0031539418354
topic 2	0.0002589519361
topic 3	0.000640466276278
topic 4	0.149797714821
topic 5	0.00289754567384
topic 6	0.0
