topic	weight
topic 0	0.0
topic 1	0.013018418858
topic 2	0.00510858459769
topic 3	0.0
topic 4	0.000114131456743
topic 5	0.000357564274205
topic 6	0.0
