topic	weight
topic 0	0.000892598905485
topic 1	3.46108513014e-05
topic 2	0.000257703839637
topic 3	0.000276041740701
topic 4	5.19332064984e-05
topic 5	0.00152905729732
topic 6	0.0
