topic	weight
topic 0	1.70471526962e-05
topic 1	0.0
topic 2	0.0
topic 3	0.0
topic 4	0.000913216517505
topic 5	0.0
topic 6	0.00406908610827
