topic	weight
topic 0	0.0
topic 1	0.00259309865004
topic 2	0.00215711738508
topic 3	0.000838015631831
topic 4	0.00123867212179
topic 5	0.00198552958508
topic 6	0.0
