topic	weight
topic 0	0.0
topic 1	0.00803621871676
topic 2	0.00408264746665
topic 3	0.0188033929184
topic 4	0.0
topic 5	0.00108321421146
topic 6	0.0
