topic	weight
topic 0	7.13087516349e-05
topic 1	0.0
topic 2	7.93512289416e-05
topic 3	7.07987210015e-05
topic 4	0.000369606168721
topic 5	0.0
topic 6	0.000144823131076
