topic	weight
topic 0	0.005645441296
topic 1	0.00494885019963
topic 2	0.0
topic 3	0.0
topic 4	0.00231921360223
topic 5	0.113838984069
topic 6	0.0
