topic	weight
topic 0	0.00555035219382
topic 1	0.00677935265674
topic 2	0.00472505964228
topic 3	0.0428916554616
topic 4	0.00796544082953
topic 5	0.0045324184163
topic 6	0.0
