topic	weight
topic 0	0.0
topic 1	0.000466115420128
topic 2	0.00391694920313
topic 3	0.00247982269533
topic 4	0.00411827837406
topic 5	0.00158207008275
topic 6	0.00526881257404
