topic	weight
topic 0	0.0
topic 1	0.0
topic 2	0.0
topic 3	0.0634807807887
topic 4	0.0638648241934
topic 5	0.0
topic 6	0.00187047176166
