topic	weight
topic 0	0.00373141556466
topic 1	0.00235496813454
topic 2	0.00145840858818
topic 3	0.00236746946847
topic 4	0.00841518799303
topic 5	0.000453992119031
topic 6	0.00449579150843
