topic	weight
topic 0	0.0080559760681
topic 1	0.00978432733803
topic 2	0.0
topic 3	0.0
topic 4	0.00395753519694
topic 5	0.0
topic 6	0.0
