topic	weight
topic 0	0.0
topic 1	0.129095090309
topic 2	0.113412989308
topic 3	0.0
topic 4	0.0
topic 5	0.00343022643866
topic 6	0.0
