topic	weight
topic 0	0.0
topic 1	0.00202795354477
topic 2	0.011759181745
topic 3	0.0
topic 4	0.0229641764059
topic 5	0.00402188243729
topic 6	0.0155051826905
