topic	weight
topic 0	0.0
topic 1	0.00208660103197
topic 2	0.00545168073084
topic 3	8.63212871342e-05
topic 4	0.00105114919424
topic 5	0.00123526634186
topic 6	0.0
