topic	weight
topic 0	0.121998191291
topic 1	0.0
topic 2	0.0
topic 3	0.000882231539575
topic 4	0.0
topic 5	0.0
topic 6	0.0
