topic	weight
topic 0	0.0
topic 1	0.00561519311588
topic 2	0.00479056635553
topic 3	0.0
topic 4	0.0193567410656
topic 5	0.00716973185727
topic 6	0.0
