topic	weight
topic 0	0.0
topic 1	0.0
topic 2	0.000197111055413
topic 3	0.0
topic 4	0.00143074247463
topic 5	1.95168149653e-05
topic 6	0.0
