topic	weight
topic 0	0.0
topic 1	0.0
topic 2	0.00865862063118
topic 3	0.00807912112975
topic 4	0.00043227624751
topic 5	0.00240383847057
topic 6	0.0
