topic	weight
topic 0	0.00404514345539
topic 1	0.0
topic 2	0.0138218202578
topic 3	0.000855553341074
topic 4	0.000820053223137
topic 5	0.00154867372053
topic 6	9.25500358027e-05
