topic	weight
topic 0	0.0
topic 1	0.000898256827756
topic 2	0.000992117431384
topic 3	6.74418604201e-05
topic 4	0.000890458275132
topic 5	0.000273553704344
topic 6	0.000445812379576
