topic	weight
topic 0	0.0
topic 1	0.0217891487507
topic 2	0.000954417387164
topic 3	0.000966526592205
topic 4	0.0
topic 5	0.00236908973507
topic 6	0.0
