topic	weight
topic 0	0.00161627322822
topic 1	0.00148365883913
topic 2	0.00135805362264
topic 3	0.000663670468486
topic 4	0.000454501544348
topic 5	0.0
topic 6	0.0
