topic	weight
topic 0	0.0
topic 1	0.0125304611014
topic 2	4.74398307741e-06
topic 3	0.000285092374567
topic 4	0.000512808248913
topic 5	0.00263440692417
topic 6	0.0
