topic	weight
topic 0	0.00386564463567
topic 1	0.000874952106127
topic 2	0.000328053507526
topic 3	0.000103568912084
topic 4	0.000445030216282
topic 5	0.00857273277958
topic 6	0.0
