topic	weight
topic 0	0.0
topic 1	0.00856567238286
topic 2	0.0442603366662
topic 3	0.00183322616567
topic 4	0.0163287419468
topic 5	0.0049441491755
topic 6	0.0
