topic	weight
topic 0	0.000515708503869
topic 1	0.000251113630741
topic 2	0.00309262200647
topic 3	0.000605747184322
topic 4	0.00040721603339
topic 5	0.000165513649151
topic 6	0.0
