topic	weight
topic 0	0.0016225685387
topic 1	0.0168109121955
topic 2	0.00473614975826
topic 3	0.0
topic 4	0.0
topic 5	0.00522604584907
topic 6	0.0
