topic	weight
topic 0	0.00192395981085
topic 1	0.00268572478033
topic 2	0.119661881352
topic 3	0.0
topic 4	0.0695642964446
topic 5	0.0
topic 6	0.00463245787673
