topic	weight
topic 0	0.17087321163
topic 1	0.187886923062
topic 2	0.0
topic 3	0.0
topic 4	0.0
topic 5	0.0
topic 6	0.0
