topic	weight
topic 0	0.0
topic 1	0.0
topic 2	0.0
topic 3	0.0
topic 4	0.0769219462784
topic 5	0.00606264121105
topic 6	0.0042386956863
