topic	weight
topic 0	0.0
topic 1	0.000292753625534
topic 2	0.00357268312683
topic 3	0.0
topic 4	0.031758653387
topic 5	0.00161077423088
topic 6	0.0
