topic	weight
topic 0	0.000467360391057
topic 1	5.38103443789e-05
topic 2	0.000705268573514
topic 3	0.00197117126288
topic 4	0.0012532316428
topic 5	0.0
topic 6	9.16866619767e-05
