topic	weight
topic 0	0.00754834214201
topic 1	0.00320558527154
topic 2	0.00211638363661
topic 3	0.00272549733261
topic 4	0.00156080811856
topic 5	0.000501544346977
topic 6	0.0
