topic	weight
topic 0	0.0
topic 1	0.0021907065388
topic 2	0.00384321458095
topic 3	0.00368694678057
topic 4	0.0
topic 5	0.0115339125571
topic 6	0.0050482500877
