topic	weight
topic 0	0.00623327738609
topic 1	0.00625872459851
topic 2	0.000361450130523
topic 3	0.00384152943956
topic 4	0.000264622212391
topic 5	0.154935435679
topic 6	0.00454060438455
