topic	weight
topic 0	0.0
topic 1	0.0
topic 2	0.00463485454398
topic 3	0.00107316978046
topic 4	8.55871775972e-05
topic 5	0.000309286896582
topic 6	0.0
