topic	weight
topic 0	2.54599604965e-05
topic 1	0.0
topic 2	0.00139918162368
topic 3	5.42626052184e-05
topic 4	0.0
topic 5	0.0
topic 6	0.0
