topic	weight
topic 0	0.0
topic 1	0.113812799797
topic 2	0.00492426359274
topic 3	0.0
topic 4	0.0
topic 5	0.0
topic 6	0.0
