topic	weight
topic 0	0.0
topic 1	0.0
topic 2	0.0258421955039
topic 3	0.0
topic 4	0.0511739591329
topic 5	0.000616056673166
topic 6	0.00448278781953
