topic	weight
topic 0	0.0144659963776
topic 1	0.000542773187417
topic 2	0.00226528811447
topic 3	0.0
topic 4	0.013742006119
topic 5	0.0517390552006
topic 6	0.00263783371159
