topic	weight
topic 0	0.00503818129766
topic 1	0.0
topic 2	0.000183378304746
topic 3	7.64452917682e-05
topic 4	0.00186084833501
topic 5	0.00024568023779
topic 6	0.0
