topic	weight
topic 0	0.000446907967643
topic 1	0.00058400532502
topic 2	0.0026172066636
topic 3	0.000369557083171
topic 4	0.000506209375583
topic 5	0.0
topic 6	0.0
