topic	weight
topic 0	0.00854341954497
topic 1	0.00074805670176
topic 2	0.0
topic 3	0.0
topic 4	0.00170682354008
topic 5	0.0209357333697
topic 6	0.0
