topic	weight
topic 0	0.0
topic 1	0.0
topic 2	0.0215942009388
topic 3	0.00385417563698
topic 4	0.00526687199392
topic 5	0.00563546404827
topic 6	0.0
