topic	weight
topic 0	0.0
topic 1	0.0114654898567
topic 2	0.0
topic 3	0.0
topic 4	0.00959711720713
topic 5	0.00583747591155
topic 6	0.0
