topic	weight
topic 0	0.0
topic 1	0.00388250314031
topic 2	0.0140003484202
topic 3	0.0134024955874
topic 4	0.00899353538319
topic 5	0.0175987065144
topic 6	0.0
