topic	weight
topic 0	0.00433363340735
topic 1	0.0087615930413
topic 2	0.0161056126315
topic 3	0.00307190514477
topic 4	0.0105356813759
topic 5	0.00376720049914
topic 6	0.0
