topic	weight
topic 0	0.0
topic 1	0.000737101454724
topic 2	0.0143508503003
topic 3	0.0
topic 4	0.00638379975525
topic 5	0.00218710249532
topic 6	0.0111197928607
