topic	weight
topic 0	0.0
topic 1	0.0
topic 2	0.0
topic 3	0.00592621071098
topic 4	0.0584569311837
topic 5	0.000648764549623
topic 6	0.233308377683
