topic	weight
topic 0	0.00310591636435
topic 1	0.0
topic 2	0.00225288014275
topic 3	0.00132801448765
topic 4	0.0
topic 5	0.0
topic 6	0.0
