topic	weight
topic 0	0.0
topic 1	0.0
topic 2	0.0263451101015
topic 3	0.00250827970693
topic 4	0.00648277047664
topic 5	0.00698615829614
topic 6	0.0
