topic	weight
topic 0	1.37719159626e-05
topic 1	0.000206979209941
topic 2	0.000813685933376
topic 3	0.00115891281882
topic 4	0.000260048249802
topic 5	0.000290587961046
topic 6	0.0
