topic	weight
topic 0	0.0
topic 1	0.0182556120983
topic 2	0.0275908297595
topic 3	0.0
topic 4	0.0
topic 5	0.00150232412203
topic 6	0.0
