topic	weight
topic 0	0.00423762428558
topic 1	0.0
topic 2	0.0
topic 3	0.0
topic 4	0.000351245730762
topic 5	0.176357208097
topic 6	0.0
