topic	weight
topic 0	0.113413523476
topic 1	0.0
topic 2	0.0
topic 3	0.0
topic 4	0.0
topic 5	0.120826289003
topic 6	0.00271036908038
