topic	weight
topic 0	0.0
topic 1	0.000463953530126
topic 2	0.0103655540501
topic 3	0.00297997048736
topic 4	0.0
topic 5	0.0
topic 6	0.0
