topic	weight
topic 0	0.00222146715819
topic 1	0.000892366553823
topic 2	0.0362874778336
topic 3	0.0
topic 4	0.00547847165707
topic 5	0.0
topic 6	0.0161283681912
