topic	weight
topic 0	0.0
topic 1	0.0023965144138
topic 2	0.00668765574325
topic 3	0.0
topic 4	0.0109199173563
topic 5	0.00624653812818
topic 6	0.0
