topic	weight
topic 0	0.0
topic 1	0.0170392132277
topic 2	0.00351045973556
topic 3	0.0
topic 4	0.0
topic 5	0.12452238786
topic 6	0.0
