topic	weight
topic 0	0.0
topic 1	0.019471337487
topic 2	0.0405800509351
topic 3	0.00289003371445
topic 4	0.00906464239949
topic 5	0.0255744252775
topic 6	0.00168153760226
