topic	weight
topic 0	0.0
topic 1	0.012144276707
topic 2	0.0129091675826
topic 3	0.0
topic 4	0.016369833441
topic 5	0.000101521440977
topic 6	0.00202331417754
