topic	weight
topic 0	0.0
topic 1	0.0005873447242
topic 2	0.0127389425443
topic 3	0.000448515169107
topic 4	0.00350013429254
topic 5	0.0
topic 6	0.0
