topic	weight
topic 0	0.0
topic 1	0.0784919265377
topic 2	0.000231367771239
topic 3	0.000273167201849
topic 4	0.00536681749231
topic 5	0.0485254412042
topic 6	0.00266875972333
