topic	weight
topic 0	0.0
topic 1	0.00200029163002
topic 2	0.0
topic 3	5.39243969081e-05
topic 4	0.0
topic 5	1.61457525169e-06
topic 6	0.0
