topic	weight
topic 0	0.0
topic 1	3.95726414162e-05
topic 2	0.0054824269825
topic 3	0.00518495432071
topic 4	0.000519139806904
topic 5	0.000534538688707
topic 6	0.000549748877271
