topic	weight
topic 0	0.0
topic 1	0.0
topic 2	0.00533482777758
topic 3	0.000198670310165
topic 4	0.000686063875816
topic 5	0.000610648906635
topic 6	0.0
