topic	weight
topic 0	0.0
topic 1	0.0
topic 2	0.00336108754051
topic 3	0.00431280491221
topic 4	0.0
topic 5	0.0
topic 6	0.0
