topic	weight
topic 0	0.000838606364646
topic 1	0.000641637214961
topic 2	0.00204655908734
topic 3	4.02150532023e-05
topic 4	0.000962290812352
topic 5	0.0014071254343
topic 6	0.00249613570435
