topic	weight
topic 0	0.0
topic 1	0.000325453459882
topic 2	0.000355929754122
topic 3	8.47518728167e-05
topic 4	0.000484605279159
topic 5	0.000704380801165
topic 6	0.0
