topic	weight
topic 0	0.0010218136159
topic 1	0.00879846536151
topic 2	0.000988675930101
topic 3	0.00402664437579
topic 4	0.0067063644874
topic 5	0.00881416558992
topic 6	0.0
