topic	weight
topic 0	0.0
topic 1	0.00198761839086
topic 2	0.00792253323829
topic 3	0.0
topic 4	0.0103255671751
topic 5	0.00470244453724
topic 6	0.0
