topic	weight
topic 0	0.000194448345581
topic 1	3.22109218556e-05
topic 2	5.70644357939e-05
topic 3	0.0
topic 4	0.027930330833
topic 5	0.0
topic 6	0.0
