topic	weight
topic 0	0.0
topic 1	0.000204767100601
topic 2	0.00366072988922
topic 3	0.0119062484296
topic 4	0.0
topic 5	0.000664316774512
topic 6	0.0
