topic	weight
topic 0	0.0
topic 1	0.00320622773362
topic 2	0.0
topic 3	0.0185836962557
topic 4	0.00372290583416
topic 5	0.00662027243944
topic 6	0.0
