topic	weight
topic 0	0.000822635295809
topic 1	0.00122329557163
topic 2	0.0155459157396
topic 3	0.0
topic 4	0.066324451967
topic 5	0.00187067436757
topic 6	0.0
