topic	weight
topic 0	0.0
topic 1	0.000170922927721
topic 2	0.00373826668656
topic 3	0.000293984096421
topic 4	0.000636657493227
topic 5	0.00079603468746
topic 6	0.0
