topic	weight
topic 0	0.0
topic 1	0.00174324497727
topic 2	0.00497950393226
topic 3	0.0
topic 4	0.00805429444624
topic 5	0.00424290187795
topic 6	0.318977814501
