topic	weight
topic 0	0.0
topic 1	0.00544726284281
topic 2	0.0
topic 3	0.0
topic 4	0.00462833719498
topic 5	0.0971292068045
topic 6	0.0
