topic	weight
topic 0	0.00169657214864
topic 1	0.00776069240948
topic 2	0.0100843969771
topic 3	0.0
topic 4	0.01514984471
topic 5	0.0
topic 6	0.00273731107695
