topic	weight
topic 0	0.0
topic 1	4.17320668778e-05
topic 2	0.000145407177083
topic 3	2.47441447231e-05
topic 4	0.000100037031865
topic 5	5.51749511353e-05
topic 6	0.0
