topic	weight
topic 0	0.128237401297
topic 1	0.0
topic 2	0.0
topic 3	0.000539184369167
topic 4	0.0
topic 5	0.140751789255
topic 6	0.0
