topic	weight
topic 0	0.00489215104475
topic 1	0.0
topic 2	3.6721226776e-05
topic 3	0.000747828102881
topic 4	0.00104535314006
topic 5	0.00170632034569
topic 6	3.24220216408e-05
