topic	weight
topic 0	0.0
topic 1	0.00145481863376
topic 2	0.0366348986725
topic 3	0.0
topic 4	0.0114107175867
topic 5	0.0041152404919
topic 6	0.0175780860957
