topic	weight
topic 0	0.0065811278846
topic 1	0.00118995407974
topic 2	0.000821987362959
topic 3	0.00136538301322
topic 4	0.00132569215559
topic 5	0.0238557281612
topic 6	0.000156542186609
