topic	weight
topic 0	0.0117676338531
topic 1	0.000730028055786
topic 2	0.00988003571591
topic 3	0.0
topic 4	0.0112894328773
topic 5	0.0
topic 6	0.0
