topic	weight
topic 0	0.0
topic 1	3.23895223099e-05
topic 2	8.32149361344e-05
topic 3	7.66514566481e-05
topic 4	0.000266982284236
topic 5	0.00106556149362
topic 6	0.0
