topic	weight
topic 0	1.7180662911e-05
topic 1	0.0
topic 2	0.000915224793363
topic 3	0.0098677361389
topic 4	0.0
topic 5	0.0
topic 6	0.000365933873191
