topic	weight
topic 0	0.0051937136855
topic 1	0.00442497787352
topic 2	0.00283047151692
topic 3	0.000216672945239
topic 4	0.0011984088183
topic 5	0.00255695590896
topic 6	0.0053069982531
