topic	weight
topic 0	0.0
topic 1	0.000531827018285
topic 2	0.000303041790281
topic 3	0.000849751698793
topic 4	2.79331461683e-05
topic 5	6.03800342017e-05
topic 6	0.0
