topic	weight
topic 0	0.0
topic 1	0.00398123629965
topic 2	0.00475443531814
topic 3	0.00193782127167
topic 4	0.000619872900937
topic 5	0.0124636282104
topic 6	0.0
