topic	weight
topic 0	0.00011247614367
topic 1	0.00034359305909
topic 2	0.0036988933733
topic 3	0.00280980120628
topic 4	0.00166065407341
topic 5	0.00504450512472
topic 6	0.0
