topic	weight
topic 0	0.0
topic 1	0.00290787357036
topic 2	0.0109092107425
topic 3	0.00301243234044
topic 4	0.00446098242688
topic 5	0.00738834400458
topic 6	0.0
