topic	weight
topic 0	0.00412156735918
topic 1	0.0
topic 2	0.00131482126442
topic 3	0.0
topic 4	0.0999104224008
topic 5	0.0
topic 6	0.0
