topic	weight
topic 0	0.00182356027762
topic 1	0.0163767156488
topic 2	0.0283989751714
topic 3	0.0
topic 4	0.0
topic 5	0.00177203729871
topic 6	0.0
