topic	weight
topic 0	0.0
topic 1	0.00039068214071
topic 2	0.00580071834199
topic 3	0.0
topic 4	0.115901227072
topic 5	0.00125352035034
topic 6	0.00977792688241
