topic	weight
topic 0	0.0
topic 1	0.00330165984291
topic 2	0.00046406457643
topic 3	0.00775084357283
topic 4	0.00123465520014
topic 5	0.0167108104924
topic 6	0.0
