topic	weight
topic 0	0.0
topic 1	0.00551499209624
topic 2	0.0113970654176
topic 3	0.000637607964254
topic 4	0.0132570761442
topic 5	0.000175126142403
topic 6	0.0
