topic	weight
topic 0	0.000284208757281
topic 1	0.00035894118103
topic 2	0.00533140609056
topic 3	0.00370465671045
topic 4	0.0018090055088
topic 5	0.00302595085496
topic 6	0.0
