topic	weight
topic 0	0.00440235518512
topic 1	0.00920815114228
topic 2	0.0132500031779
topic 3	0.00397410452129
topic 4	0.00770155559521
topic 5	0.0126924342484
topic 6	0.000987163895023
