topic	weight
topic 0	0.0
topic 1	0.000621209108366
topic 2	0.00108621559125
topic 3	0.00505936867572
topic 4	0.000397917368089
topic 5	5.64734458039e-05
topic 6	0.0
