topic	weight
topic 0	0.0
topic 1	0.0101213202301
topic 2	0.0140478584078
topic 3	0.00060564111631
topic 4	0.000170060391391
topic 5	0.00234350349838
topic 6	0.0
