topic	weight
topic 0	0.0
topic 1	0.00030307340462
topic 2	0.00830079691636
topic 3	0.0
topic 4	0.230122328865
topic 5	0.00155338214537
topic 6	0.0162425894093
