topic	weight
topic 0	0.0
topic 1	0.0065682233518
topic 2	0.000275456531606
topic 3	0.0
topic 4	0.00755371847507
topic 5	0.00265570183141
topic 6	0.000833427801121
