topic	weight
topic 0	0.0
topic 1	0.0
topic 2	0.0246188227396
topic 3	0.0119767073809
topic 4	0.00262899249046
topic 5	0.000345540090641
topic 6	0.0
