topic	weight
topic 0	0.00258917350622
topic 1	0.000791551650212
topic 2	0.0
topic 3	0.000332846217631
topic 4	0.00119992847521
topic 5	0.00148756825502
topic 6	0.0
