topic	weight
topic 0	0.0014487348788
topic 1	0.000180590062329
topic 2	0.00205085857422
topic 3	0.0172192000833
topic 4	0.0
topic 5	0.0
topic 6	0.0
