topic	weight
topic 0	0.0
topic 1	0.000234797738662
topic 2	0.0
topic 3	0.00379868660887
topic 4	0.106642433789
topic 5	0.0
topic 6	0.0
