topic	weight
topic 0	0.0
topic 1	0.00731843702358
topic 2	0.000465142498609
topic 3	0.0
topic 4	0.00640464294321
topic 5	0.00379242010595
topic 6	7.64306478163e-05
