topic	weight
topic 0	0.121967737451
topic 1	0.000664277790085
topic 2	0.0
topic 3	0.0
topic 4	0.0
topic 5	0.238328241642
topic 6	0.00447417960129
