topic	weight
topic 0	0.00563569158619
topic 1	0.0199908060163
topic 2	0.0284628086809
topic 3	0.00195931380891
topic 4	0.00495422655247
topic 5	0.00246026051144
topic 6	0.000627703983913
