topic	weight
topic 0	0.0
topic 1	0.00663466168284
topic 2	0.00409450577872
topic 3	0.000508282362373
topic 4	0.00176665920264
topic 5	0.00148440016781
topic 6	0.0
