topic	weight
topic 0	0.0
topic 1	0.00504819615074
topic 2	0.00487337884789
topic 3	0.00699177898777
topic 4	0.00234465782375
topic 5	0.0180852055328
topic 6	0.0
