topic	weight
topic 0	0.0
topic 1	0.00607280146985
topic 2	0.0108569843913
topic 3	0.00060170063224
topic 4	0.0129288785227
topic 5	0.00375131806078
topic 6	0.0124425794925
