topic	weight
topic 0	0.000329308964257
topic 1	0.00165954133055
topic 2	0.0105947615252
topic 3	0.0
topic 4	0.00954553819448
topic 5	0.00323335343805
topic 6	0.012917965092
