topic	weight
topic 0	0.0124372445893
topic 1	0.0
topic 2	0.0132482062466
topic 3	4.73334888721e-05
topic 4	0.00979389949836
topic 5	0.036102867621
topic 6	0.00182246245525
