topic	weight
topic 0	0.108297300615
topic 1	0.118870731089
topic 2	0.0
topic 3	0.0
topic 4	0.0
topic 5	0.0
topic 6	0.00203974177307
