topic	weight
topic 0	0.172030121518
topic 1	0.0
topic 2	0.0
topic 3	0.00104266971767
topic 4	0.0
topic 5	0.0
topic 6	0.0
