topic	weight
topic 0	0.0
topic 1	0.000997108816483
topic 2	0.00144277190807
topic 3	0.0
topic 4	0.0126552595438
topic 5	0.0
topic 6	0.0
