topic	weight
topic 0	0.00697708037119
topic 1	0.00475484351118
topic 2	0.121529992484
topic 3	0.0
topic 4	0.0
topic 5	0.0
topic 6	0.0
