topic	weight
topic 0	0.0
topic 1	5.65689318887e-05
topic 2	0.0
topic 3	0.000535943387243
topic 4	5.27846017042e-05
topic 5	0.000227967812401
topic 6	0.0
