topic	weight
topic 0	0.0
topic 1	0.00333661468178
topic 2	0.000581416925567
topic 3	0.00275149623847
topic 4	0.0
topic 5	0.0185350262977
topic 6	0.0
