topic	weight
topic 0	0.00279957831217
topic 1	0.0
topic 2	0.000177987865549
topic 3	2.07318598077e-05
topic 4	0.00013390230246
topic 5	0.00108938413207
topic 6	7.30494181252e-05
