topic	weight
topic 0	0.0457521639119
topic 1	0.0
topic 2	0.00130656388379
topic 3	0.00513906410419
topic 4	0.0694298006763
topic 5	0.0
topic 6	0.0539651700796
