topic	weight
topic 0	0.000869451502889
topic 1	0.0
topic 2	0.000118253374331
topic 3	5.51707407384e-05
topic 4	0.000156331422571
topic 5	0.0
topic 6	9.68124639275e-05
