topic	weight
topic 0	9.57209970482e-05
topic 1	0.0
topic 2	0.0
topic 3	0.000578995832686
topic 4	0.00240368157125
topic 5	0.0012858026148
topic 6	6.90858045489e-06
