topic	weight
topic 0	0.00221471760837
topic 1	0.0201948178085
topic 2	0.00549430777219
topic 3	0.000391225076931
topic 4	0.0
topic 5	0.00173702087197
topic 6	0.0
