topic	weight
topic 0	0.0
topic 1	0.000561860096646
topic 2	0.0285358351063
topic 3	0.0
topic 4	0.00522934836884
topic 5	0.0
topic 6	0.000232592471697
