topic	weight
topic 0	0.0
topic 1	0.0
topic 2	0.00412330879692
topic 3	0.0024006158069
topic 4	0.000863933661604
topic 5	0.010890842006
topic 6	0.000966821286009
