topic	weight
topic 0	0.0
topic 1	0.0
topic 2	0.000489233425694
topic 3	0.122954614895
topic 4	0.0
topic 5	0.0
topic 6	0.0014110040222
