topic	weight
topic 0	0.0
topic 1	0.000999589448386
topic 2	0.00685106131228
topic 3	0.00581231270105
topic 4	0.019695546451
topic 5	0.000525958952951
topic 6	0.00257232984778
