topic	weight
topic 0	0.0
topic 1	0.104755908839
topic 2	0.185715466496
topic 3	0.0
topic 4	0.116879196932
topic 5	0.0
topic 6	0.0341125686578
