topic	weight
topic 0	0.0
topic 1	3.35271216016e-05
topic 2	0.000252016542859
topic 3	0.0
topic 4	0.00204134606193
topic 5	0.00110230740345
topic 6	0.0
