topic	weight
topic 0	0.0228733131411
topic 1	0.00443701874742
topic 2	0.0115134051686
topic 3	0.0
topic 4	0.0219390855738
topic 5	0.0102515470712
topic 6	0.0
