topic	weight
topic 0	0.0
topic 1	0.000781787751088
topic 2	0.0243653888527
topic 3	0.00603951477737
topic 4	0.00222962839387
topic 5	0.0
topic 6	0.0
