topic	weight
topic 0	0.000766926144534
topic 1	0.0025295534324
topic 2	0.0034213253933
topic 3	0.00210283738214
topic 4	0.00374200477412
topic 5	0.00268635834303
topic 6	0.0
