topic	weight
topic 0	0.00828094014127
topic 1	0.0
topic 2	0.0
topic 3	0.0
topic 4	9.32530379295e-05
topic 5	0.0
topic 6	2.12107524666e-05
