topic	weight
topic 0	0.0
topic 1	0.00154263543915
topic 2	0.00649587235611
topic 3	0.0034502774701
topic 4	0.00220636101127
topic 5	0.000473673571495
topic 6	0.0
