topic	weight
topic 0	0.00143142935558
topic 1	0.00511841182879
topic 2	0.0115978730828
topic 3	0.0701254721584
topic 4	3.48052710808e-05
topic 5	0.00137620930288
topic 6	0.0
