topic	weight
topic 0	0.000654699809659
topic 1	0.00314374804114
topic 2	0.00376683781383
topic 3	0.00532088003983
topic 4	0.00454932594208
topic 5	0.00358504199971
topic 6	0.0
