topic	weight
topic 0	0.0
topic 1	0.000267047790308
topic 2	0.0
topic 3	0.0
topic 4	0.144574990854
topic 5	0.0
topic 6	0.0
