topic	weight
topic 0	0.0
topic 1	0.000237973393898
topic 2	0.0292488994358
topic 3	0.00457063364062
topic 4	0.00914811231359
topic 5	0.0069909639395
topic 6	0.0
