topic	weight
topic 0	0.00356035794239
topic 1	0.0
topic 2	0.00351198194752
topic 3	0.0
topic 4	0.00181857778228
topic 5	0.0
topic 6	0.000442754884607
