topic	weight
topic 0	0.00133399834729
topic 1	0.0
topic 2	0.00366905337202
topic 3	0.0
topic 4	0.00163843228356
topic 5	0.0
topic 6	0.000723211634264
