topic	weight
topic 0	0.0
topic 1	0.0112915538366
topic 2	0.00877897484609
topic 3	0.0
topic 4	0.00789777638852
topic 5	0.00149335594116
topic 6	0.0
