topic	weight
topic 0	0.0
topic 1	0.000771089206826
topic 2	0.00188714130174
topic 3	0.000267051378263
topic 4	0.000770353864977
topic 5	0.00300059720757
topic 6	0.0
