topic	weight
topic 0	0.0838266950639
topic 1	0.0159081465894
topic 2	0.0655325524292
topic 3	0.0
topic 4	0.0399879482432
topic 5	0.00948550993229
topic 6	0.0
