topic	weight
topic 0	0.00067450464948
topic 1	0.00368325687259
topic 2	0.0103215319375
topic 3	0.00825399499853
topic 4	0.00172249967778
topic 5	0.00740416892082
topic 6	0.0
