topic	weight
topic 0	0.0
topic 1	0.0016248155718
topic 2	0.000664174969111
topic 3	0.00239306163541
topic 4	0.116681327347
topic 5	0.0
topic 6	0.0
