topic	weight
topic 0	0.0
topic 1	6.37161498919e-05
topic 2	0.000483285426346
topic 3	0.000435758486806
topic 4	3.44221331914e-05
topic 5	0.000262715536089
topic 6	0.0
