topic	weight
topic 0	0.00310350081976
topic 1	0.00172161756919
topic 2	0.00699400479165
topic 3	0.000923647152126
topic 4	0.0053730623805
topic 5	0.00347685001642
topic 6	0.00077988125496
