topic	weight
topic 0	0.00232090989152
topic 1	0.000167336160419
topic 2	0.00212872562204
topic 3	0.0174505318401
topic 4	0.0
topic 5	0.0
topic 6	0.0
