topic	weight
topic 0	0.0
topic 1	0.000948659688086
topic 2	0.00141604311215
topic 3	0.000590368858086
topic 4	0.00128609852422
topic 5	0.00746898236704
topic 6	0.0
