topic	weight
topic 0	0.0
topic 1	0.00185639735335
topic 2	0.00388403854688
topic 3	0.000536948112822
topic 4	0.00675211359496
topic 5	0.00942937980569
topic 6	0.0
