topic	weight
topic 0	0.00179648178417
topic 1	0.00224044303693
topic 2	0.00522080524478
topic 3	0.00557313818644
topic 4	0.00251289194777
topic 5	0.000745593452575
topic 6	0.0
