topic	weight
topic 0	0.00166771123935
topic 1	0.000594972138795
topic 2	0.00339902875437
topic 3	0.00135764559669
topic 4	0.0024474635141
topic 5	0.00197710760334
topic 6	0.0
