topic	weight
topic 0	0.0
topic 1	0.0
topic 2	0.000182606180371
topic 3	0.00464913322472
topic 4	0.00405087782688
topic 5	0.00012743278246
topic 6	0.0
