topic	weight
topic 0	0.0
topic 1	0.0090701423369
topic 2	0.00964225849155
topic 3	0.00547471436295
topic 4	0.00844783756284
topic 5	0.00181764069849
topic 6	0.0
