topic	weight
topic 0	0.217463956794
topic 1	0.00153604961178
topic 2	0.0
topic 3	0.000265475065105
topic 4	0.00260241591791
topic 5	0.132344979198
topic 6	0.0
