topic	weight
topic 0	0.00343056218738
topic 1	0.0
topic 2	0.0
topic 3	0.0
topic 4	0.0741676783313
topic 5	0.00113553208831
topic 6	0.010906390668
