topic	weight
topic 0	0.017732647771
topic 1	0.0
topic 2	0.00379076881663
topic 3	0.000244959914261
topic 4	0.00160358114603
topic 5	0.0
topic 6	0.000165162421505
