topic	weight
topic 0	0.000287838642035
topic 1	0.0022112937818
topic 2	0.00193789779974
topic 3	0.0581190864443
topic 4	0.0
topic 5	0.0
topic 6	0.0
