topic	weight
topic 0	0.00528124179463
topic 1	0.0064231415628
topic 2	0.0169746544348
topic 3	0.00470963104876
topic 4	0.00791762256796
topic 5	0.000659825676344
topic 6	0.0
