topic	weight
topic 0	0.0
topic 1	0.0017431893877
topic 2	0.0117255018431
topic 3	0.00178262566629
topic 4	0.00876809639505
topic 5	0.00496672128346
topic 6	0.0167314430893
