topic	weight
topic 0	0.0
topic 1	0.021761326537
topic 2	0.00931089815551
topic 3	1.73849864373e-05
topic 4	0.0194282922733
topic 5	0.00254176521307
topic 6	0.00160953360237
