topic	weight
topic 0	0.000183280078966
topic 1	0.000197871598717
topic 2	0.000884932816309
topic 3	0.00168995162567
topic 4	0.000333572481
topic 5	0.00116730355762
topic 6	0.0
