topic	weight
topic 0	0.0
topic 1	0.025726742196
topic 2	0.135142743495
topic 3	0.00169400100562
topic 4	0.0
topic 5	0.00747191843303
topic 6	0.0
