topic	weight
topic 0	0.0
topic 1	0.00119963366295
topic 2	0.000303423693168
topic 3	0.0126146903867
topic 4	0.00116312657282
topic 5	0.00500682527546
topic 6	0.0
