topic	weight
topic 0	0.0
topic 1	0.00258793839813
topic 2	0.00938779648588
topic 3	0.0
topic 4	0.0016356541332
topic 5	0.00203095055696
topic 6	0.0
