topic	weight
topic 0	0.000319832347349
topic 1	0.00649606829787
topic 2	0.0104061050878
topic 3	0.00128921999802
topic 4	0.00723068471238
topic 5	0.0102334280793
topic 6	0.0
