topic	weight
topic 0	0.0
topic 1	0.00237389011999
topic 2	0.0113756148164
topic 3	0.0
topic 4	0.011759305746
topic 5	0.00443810034609
topic 6	0.0167174495661
