topic	weight
topic 0	0.0502062848306
topic 1	0.0
topic 2	3.16213961806e-05
topic 3	0.000175388424778
topic 4	0.00282358722479
topic 5	0.0
topic 6	0.0
