topic	weight
topic 0	0.0
topic 1	0.00212368187149
topic 2	0.000626690911007
topic 3	0.00356291860744
topic 4	0.000755195731504
topic 5	0.0124624436423
topic 6	0.0030856584318
