topic	weight
topic 0	0.0
topic 1	0.162376234046
topic 2	0.0
topic 3	0.000491799397932
topic 4	0.00390203368744
topic 5	0.000767196456816
topic 6	0.0
