topic	weight
topic 0	0.00021170025713
topic 1	0.000164084834702
topic 2	0.00285290073712
topic 3	0.00119445022639
topic 4	0.00104645636928
topic 5	0.00139546615289
topic 6	0.0
