topic	weight
topic 0	0.159712547826
topic 1	0.0
topic 2	0.0
topic 3	0.0
topic 4	0.0
topic 5	0.176509577642
topic 6	0.0
