topic	weight
topic 0	0.0
topic 1	0.000583239350816
topic 2	0.000395065392933
topic 3	0.000538537107872
topic 4	0.000302423853543
topic 5	0.000205960125086
topic 6	0.0
