topic	weight
topic 0	0.00238020937259
topic 1	0.0
topic 2	0.00295153075061
topic 3	0.00268674272307
topic 4	0.000106495664259
topic 5	0.0
topic 6	0.0
