topic	weight
topic 0	0.0
topic 1	0.00024542928161
topic 2	0.00748841751827
topic 3	0.0031724866946
topic 4	0.0404409344859
topic 5	0.00414491751809
topic 6	0.0036099806039
