topic	weight
topic 0	0.0
topic 1	0.00675376850493
topic 2	0.0145392311953
topic 3	0.0
topic 4	0.0490340142702
topic 5	0.00581686063427
topic 6	0.00262871090896
