topic	weight
topic 0	0.0661051374121
topic 1	0.0133323679189
topic 2	0.000135640244511
topic 3	0.0
topic 4	0.016031507632
topic 5	0.0898430592155
topic 6	0.0
