topic	weight
topic 0	0.00325712205538
topic 1	0.0
topic 2	0.00805097467877
topic 3	0.00170549786971
topic 4	0.00233749266654
topic 5	0.0
topic 6	0.0
