topic	weight
topic 0	0.00184479018312
topic 1	0.00196236190016
topic 2	0.00499919039017
topic 3	0.00535081474685
topic 4	0.00698227434464
topic 5	0.00320677345859
topic 6	0.00333514240802
