topic	weight
topic 0	0.0
topic 1	0.00240292950071
topic 2	0.000471689948935
topic 3	0.00197996879549
topic 4	0.0
topic 5	0.0133889430667
topic 6	0.0
