topic	weight
topic 0	0.0
topic 1	0.00155457579953
topic 2	0.000165149346153
topic 3	3.40331335004e-05
topic 4	1.18613999303e-05
topic 5	0.000180169677276
topic 6	0.0
