topic	weight
topic 0	0.0
topic 1	0.00236374694177
topic 2	0.00582170099539
topic 3	0.000149972304082
topic 4	0.00102064144775
topic 5	0.000270961482914
topic 6	0.0
