topic	weight
topic 0	0.0
topic 1	0.00351473694584
topic 2	0.00129500404858
topic 3	0.000382438937265
topic 4	0.00201916296199
topic 5	0.0434252805449
topic 6	0.0
