topic	weight
topic 0	0.0
topic 1	0.00241881578273
topic 2	0.0380727302094
topic 3	0.0
topic 4	0.0114310847959
topic 5	0.00678211074612
topic 6	0.0
