topic	weight
topic 0	0.00187208520577
topic 1	0.00591505363657
topic 2	0.00437645362024
topic 3	0.00275314557828
topic 4	0.00274764644428
topic 5	0.00406901466265
topic 6	0.0
