topic	weight
topic 0	0.0
topic 1	0.000778389293394
topic 2	0.00146735735782
topic 3	0.00468046053735
topic 4	0.000719961558458
topic 5	0.000937925030791
topic 6	0.0
