topic	weight
topic 0	0.000301250624869
topic 1	0.00620245940411
topic 2	0.0017811132832
topic 3	0.0011540517422
topic 4	0.00399127570474
topic 5	0.010001587533
topic 6	0.0
