topic	weight
topic 0	0.0
topic 1	0.00383775434359
topic 2	0.00126282472362
topic 3	0.000521629818409
topic 4	0.000823244608827
topic 5	0.00147975416187
topic 6	0.0
