topic	weight
topic 0	0.0
topic 1	0.0
topic 2	0.0
topic 3	0.0
topic 4	0.00628900347149
topic 5	0.00149912779418
topic 6	0.0
