topic	weight
topic 0	0.0
topic 1	0.000665518991385
topic 2	0.0376678521129
topic 3	0.0
topic 4	0.00894564911934
topic 5	0.00289828797279
topic 6	0.0151963827892
