topic	weight
topic 0	0.00018660812251
topic 1	9.04983842089e-05
topic 2	0.000388834420793
topic 3	0.00039459834884
topic 4	0.000120756233742
topic 5	0.0
topic 6	0.0
