topic	weight
topic 0	0.0
topic 1	0.000181413325818
topic 2	0.00199987426913
topic 3	0.00462369082653
topic 4	0.00109637148327
topic 5	0.00191330888539
topic 6	0.0
