topic	weight
topic 0	0.0134295953467
topic 1	0.0
topic 2	0.00327379446668
topic 3	0.000224879918329
topic 4	0.0155643674393
topic 5	0.0551124094825
topic 6	0.003518435441
