topic	weight
topic 0	7.46070022356e-05
topic 1	0.0
topic 2	0.00175262914971
topic 3	0.00649886085602
topic 4	0.0
topic 5	0.00150932591824
topic 6	0.0
