topic	weight
topic 0	0.0
topic 1	0.0
topic 2	0.0035946049463
topic 3	0.000236998902698
topic 4	0.000267929193554
topic 5	0.000334222637213
topic 6	0.0
