topic	weight
topic 0	0.0
topic 1	0.00661472601998
topic 2	0.00637432392222
topic 3	0.0
topic 4	0.0269233782263
topic 5	0.00948609025358
topic 6	0.00187922361806
