topic	weight
topic 0	0.00207239595214
topic 1	0.00431716384573
topic 2	0.00825208596769
topic 3	0.0265783778202
topic 4	0.00335373072897
topic 5	0.0
topic 6	0.0
