topic	weight
topic 0	0.0
topic 1	0.00108757452096
topic 2	0.00296872128967
topic 3	0.00043028369913
topic 4	0.000747184557509
topic 5	0.000703987183433
topic 6	0.0
