topic	weight
topic 0	0.0
topic 1	0.00095983815931
topic 2	0.00159979687529
topic 3	0.00778423823531
topic 4	0.000548742975753
topic 5	0.0
topic 6	0.0
