topic	weight
topic 0	0.000185804253501
topic 1	0.0
topic 2	0.0025168993017
topic 3	0.0055618581732
topic 4	0.000646780982643
topic 5	0.0
topic 6	0.0
