topic	weight
topic 0	0.0993977231113
topic 1	0.0153685941503
topic 2	0.00117654463406
topic 3	0.00117780405385
topic 4	0.000943350386805
topic 5	0.0
topic 6	0.0026920914566
