topic	weight
topic 0	0.0
topic 1	0.0217613919667
topic 2	0.0327740087548
topic 3	0.0
topic 4	0.0
topic 5	0.0
topic 6	0.0
