topic	weight
topic 0	0.0
topic 1	0.36300555429
topic 2	0.0
topic 3	0.0
topic 4	0.00391464966185
topic 5	0.00825164949285
topic 6	0.0
