topic	weight
topic 0	0.0
topic 1	0.000750065078078
topic 2	9.63350105228e-05
topic 3	0.000762637733688
topic 4	0.000380853198342
topic 5	0.009308391587
topic 6	0.0
