topic	weight
topic 0	0.0
topic 1	0.00556532491036
topic 2	0.00318351967723
topic 3	0.0
topic 4	0.0137344548078
topic 5	0.000965700654366
topic 6	0.0
