topic	weight
topic 0	0.0
topic 1	0.0393734893614
topic 2	0.105290870912
topic 3	0.00289165626607
topic 4	0.0283059172219
topic 5	0.108986108184
topic 6	0.0
