topic	weight
topic 0	0.0
topic 1	0.00421857436236
topic 2	0.0
topic 3	0.0
topic 4	0.031642399437
topic 5	0.00547678761864
topic 6	0.0
