topic	weight
topic 0	0.0
topic 1	0.0141701094695
topic 2	0.0311202208726
topic 3	0.00704897417687
topic 4	0.0150424088894
topic 5	0.0191012306106
topic 6	0.013757718037
