topic	weight
topic 0	0.0
topic 1	0.00732012677985
topic 2	0.014493489254
topic 3	0.0112408492453
topic 4	0.017692323692
topic 5	0.0155044410791
topic 6	0.0
