topic	weight
topic 0	0.0
topic 1	0.000622379739993
topic 2	0.00190748533254
topic 3	0.0
topic 4	0.0160443763598
topic 5	0.00453730301113
topic 6	0.0
