topic	weight
topic 0	0.00150092990765
topic 1	0.0174501419671
topic 2	0.00645996891684
topic 3	0.0
topic 4	0.00538494197709
topic 5	0.00921812548088
topic 6	0.0
