topic	weight
topic 0	0.0
topic 1	0.0
topic 2	0.0
topic 3	0.158856256076
topic 4	0.0
topic 5	0.000763841083175
topic 6	4.0073897208e-05
