topic	weight
topic 0	0.0
topic 1	0.00978637479405
topic 2	0.0
topic 3	0.00261365033357
topic 4	0.00175550342956
topic 5	0.0147747433952
topic 6	0.0
