topic	weight
topic 0	0.0
topic 1	0.001650928671
topic 2	0.00146973254241
topic 3	0.0289098844711
topic 4	0.0102131090947
topic 5	0.000316326118624
topic 6	0.0
