topic	weight
topic 0	0.0
topic 1	0.000794220757048
topic 2	1.06694486379e-05
topic 3	7.33086677505e-05
topic 4	0.000458108530047
topic 5	0.000610919813286
topic 6	0.000228372967163
