topic	weight
topic 0	0.00123620605382
topic 1	7.66236800931e-05
topic 2	2.43503708357e-05
topic 3	0.000151873971095
topic 4	0.000177073087369
topic 5	0.0
topic 6	0.0
