topic	weight
topic 0	0.0
topic 1	0.00462457616374
topic 2	0.00417134629005
topic 3	0.00295433730092
topic 4	0.000162943387843
topic 5	0.00322177283876
topic 6	0.00483127957587
