topic	weight
topic 0	0.0
topic 1	0.0
topic 2	0.0
topic 3	0.0
topic 4	0.0696973385432
topic 5	0.123681846641
topic 6	0.00444778106426
