topic	weight
topic 0	0.0
topic 1	0.00821009242443
topic 2	0.0130948995745
topic 3	0.0
topic 4	0.0188062839539
topic 5	0.0
topic 6	0.00270991475929
