topic	weight
topic 0	0.0
topic 1	0.00389627985387
topic 2	0.00524500146136
topic 3	0.00102454757853
topic 4	0.00420364576835
topic 5	0.0
topic 6	0.0
