topic	weight
topic 0	0.00161951293796
topic 1	0.00038941986191
topic 2	0.000945159478656
topic 3	0.0
topic 4	0.00314803318949
topic 5	0.00209944195107
topic 6	0.0
