topic	weight
topic 0	0.00661016857277
topic 1	0.01610275627
topic 2	0.0217625427171
topic 3	0.0154365194316
topic 4	0.00751586831316
topic 5	0.000101233033836
topic 6	0.0
