topic	weight
topic 0	0.0
topic 1	0.00441347858389
topic 2	0.000278564318136
topic 3	0.0
topic 4	0.0032623300505
topic 5	0.00177553515824
topic 6	0.0
