topic	weight
topic 0	0.0
topic 1	4.759050482e-05
topic 2	0.00283836560573
topic 3	0.00683696807601
topic 4	0.000399929369741
topic 5	0.0
topic 6	8.53481940662e-05
