topic	weight
topic 0	0.0
topic 1	0.00254892453105
topic 2	0.0396972325264
topic 3	0.00169961550666
topic 4	0.000840341032399
topic 5	0.00046805770898
topic 6	0.0
