topic	weight
topic 0	0.0
topic 1	0.00640401248909
topic 2	0.0141794541121
topic 3	0.00599337499908
topic 4	0.00767037244207
topic 5	0.0101440370191
topic 6	0.0
