topic	weight
topic 0	0.0
topic 1	0.000974943617113
topic 2	0.000540964528409
topic 3	0.00220932524321
topic 4	0.000221205397459
topic 5	0.000444335548347
topic 6	0.0
