topic	weight
topic 0	0.0
topic 1	0.00442079678473
topic 2	0.00269412280901
topic 3	0.0
topic 4	0.0128530658219
topic 5	0.000345186428916
topic 6	0.0
