topic	weight
topic 0	0.0014630134022
topic 1	0.00720741192842
topic 2	0.00644321771166
topic 3	0.00289125573009
topic 4	0.00898463288689
topic 5	0.00782272972293
topic 6	0.00160063296067
