topic	weight
topic 0	0.00918396090251
topic 1	0.00648521051004
topic 2	0.0182375865353
topic 3	0.00339976903548
topic 4	0.00927898164148
topic 5	0.0
topic 6	0.0
