topic	weight
topic 0	0.0
topic 1	0.0101016222702
topic 2	0.0186816691153
topic 3	0.000576081031998
topic 4	0.0118271522434
topic 5	0.00704045983852
topic 6	0.000550299969957
