topic	weight
topic 0	0.0
topic 1	0.00305891097331
topic 2	0.0169122298798
topic 3	0.0
topic 4	0.00216862693071
topic 5	0.0010323780199
topic 6	0.0
