topic	weight
topic 0	0.0
topic 1	0.0
topic 2	0.000448326835944
topic 3	6.69502811186e-05
topic 4	9.92231293906e-05
topic 5	0.000122560461395
topic 6	0.0
