topic	weight
topic 0	0.126165559513
topic 1	5.38140756546e-05
topic 2	0.0
topic 3	0.000363663978095
topic 4	0.0
topic 5	0.134990000901
topic 6	0.0
