topic	weight
topic 0	0.0141768075257
topic 1	0.0073792332949
topic 2	0.0185717868756
topic 3	0.00507840531483
topic 4	0.0172399234158
topic 5	0.0212495816837
topic 6	0.00309541161155
