topic	weight
topic 0	0.0
topic 1	0.00222332752925
topic 2	0.0212670288522
topic 3	0.00445889643976
topic 4	0.00428720024178
topic 5	0.00182327197888
topic 6	0.0
