topic	weight
topic 0	0.0
topic 1	0.0
topic 2	0.0
topic 3	0.22951407141
topic 4	0.0
topic 5	0.0
topic 6	2.46038719202e-05
