topic	weight
topic 0	4.12662934522e-07
topic 1	0.0
topic 2	0.0
topic 3	0.000934659025691
topic 4	0.000177515147523
topic 5	0.000283857410987
topic 6	4.92522020021e-05
