topic	weight
topic 0	0.0
topic 1	0.0
topic 2	0.0
topic 3	0.0609274791095
topic 4	0.139192108192
topic 5	0.0
topic 6	0.0
