topic	weight
topic 0	0.000280785631045
topic 1	0.00634599855987
topic 2	0.00271995963424
topic 3	0.00278714778951
topic 4	0.00213492653416
topic 5	0.000861041140273
topic 6	0.000163457849294
