topic	weight
topic 0	0.0
topic 1	0.000626270254545
topic 2	0.0034495537297
topic 3	0.00114601215891
topic 4	0.00118969902595
topic 5	0.00286658423736
topic 6	2.88418637266e-05
