topic	weight
topic 0	0.000360149294184
topic 1	0.00112716141975
topic 2	0.0210666316232
topic 3	0.0
topic 4	0.00831953485367
topic 5	0.00361718289886
topic 6	0.0
