topic	weight
topic 0	0.0
topic 1	0.0
topic 2	0.0357354437902
topic 3	0.00260035064408
topic 4	0.00944852679049
topic 5	0.00874125492649
topic 6	0.0
