topic	weight
topic 0	0.0
topic 1	0.000250838669329
topic 2	0.00120404197067
topic 3	0.0
topic 4	0.00151683535581
topic 5	0.000282816871603
topic 6	0.0
