topic	weight
topic 0	0.0
topic 1	0.00750668159358
topic 2	0.00552909845518
topic 3	0.00923897717273
topic 4	0.0171254977879
topic 5	0.0038047128679
topic 6	0.00223731750021
