topic	weight
topic 0	0.0
topic 1	0.00101807198546
topic 2	0.00385929169987
topic 3	0.0164763148387
topic 4	0.0
topic 5	0.00135543306379
topic 6	0.0
