topic	weight
topic 0	0.153689145305
topic 1	0.0
topic 2	0.0
topic 3	0.0
topic 4	0.0
topic 5	0.191539509083
topic 6	0.0
