topic	weight
topic 0	0.0394991257699
topic 1	0.0
topic 2	0.0178102563776
topic 3	0.00937100032664
topic 4	0.0
topic 5	0.0
topic 6	0.00091756195895
