topic	weight
topic 0	0.0
topic 1	0.0
topic 2	0.0251672326562
topic 3	0.00226543268759
topic 4	0.0
topic 5	0.00112220821264
topic 6	0.00490770102946
