topic	weight
topic 0	0.0
topic 1	3.80316279766e-05
topic 2	0.0250051102425
topic 3	0.0
topic 4	0.00183671677199
topic 5	0.0
topic 6	0.000797739238422
