topic	weight
topic 0	0.0
topic 1	0.000277007120676
topic 2	0.000203306666893
topic 3	0.00139419889257
topic 4	0.00374289845421
topic 5	0.000119955375433
topic 6	0.0
