topic	weight
topic 0	0.0
topic 1	0.0175548695409
topic 2	0.00776610586819
topic 3	0.0
topic 4	0.0202406890463
topic 5	0.00224040714413
topic 6	0.00429881110954
