topic	weight
topic 0	0.00355382462835
topic 1	0.0
topic 2	8.89180852435e-05
topic 3	0.0
topic 4	0.0
topic 5	0.0
topic 6	0.0
