topic	weight
topic 0	0.0
topic 1	0.00023206952099
topic 2	0.000694739898394
topic 3	0.0
topic 4	0.00932668313881
topic 5	0.0656937160423
topic 6	0.0
