topic	weight
topic 0	0.0298189843008
topic 1	0.0
topic 2	0.0
topic 3	0.0
topic 4	0.00030147687885
topic 5	0.0
topic 6	0.000655054196971
