topic	weight
topic 0	0.00101873492674
topic 1	0.0
topic 2	0.00473468532637
topic 3	6.39958851917e-05
topic 4	4.11469735857e-05
topic 5	0.0
topic 6	0.0
