topic	weight
topic 0	0.0
topic 1	0.0106740308199
topic 2	0.00100052212568
topic 3	0.0
topic 4	0.00184818945523
topic 5	0.00709574217454
topic 6	0.010708912453
