topic	weight
topic 0	0.00785688635985
topic 1	0.00193726636058
topic 2	0.00931418027612
topic 3	0.000123159073299
topic 4	0.01041414071
topic 5	3.99178994015e-05
topic 6	0.0
