topic	weight
topic 0	0.000427099776403
topic 1	0.0
topic 2	0.0
topic 3	0.0
topic 4	0.203898516266
topic 5	0.0
topic 6	0.000324693214803
