topic	weight
topic 0	0.0
topic 1	0.00798960271093
topic 2	0.00888597326905
topic 3	0.0
topic 4	0.0129824488315
topic 5	0.00135792904012
topic 6	0.00255949030083
