topic	weight
topic 0	0.0
topic 1	0.0
topic 2	0.000347074035344
topic 3	0.000271921652538
topic 4	0.000293988816655
topic 5	0.00485430380476
topic 6	0.0
