topic	weight
topic 0	0.000200279281077
topic 1	0.00592160681074
topic 2	0.00304863218627
topic 3	0.0125827229249
topic 4	0.0
topic 5	0.00166631041584
topic 6	0.0
