topic	weight
topic 0	0.0
topic 1	0.00214068996479
topic 2	0.00351437801059
topic 3	0.00380147083621
topic 4	0.0051420344327
topic 5	0.00556402663102
topic 6	2.49729204235e-05
