topic	weight
topic 0	0.00913147892672
topic 1	0.00106119527686
topic 2	0.00465442586528
topic 3	0.0
topic 4	0.00584140934657
topic 5	0.0
topic 6	0.0
