topic	weight
topic 0	0.00232722427653
topic 1	0.000929373496099
topic 2	0.00215303920068
topic 3	0.00127414556138
topic 4	0.000982578929694
topic 5	0.000701626645357
topic 6	0.00166528394641
