topic	weight
topic 0	0.0082204912531
topic 1	0.0
topic 2	0.0
topic 3	0.0
topic 4	0.00232717788518
topic 5	0.00438737736341
topic 6	0.0
