topic	weight
topic 0	0.0
topic 1	0.0150624829489
topic 2	0.0336331023896
topic 3	0.000731152786082
topic 4	0.00977274712628
topic 5	0.00104941191087
topic 6	0.000387330932809
