topic	weight
topic 0	0.0
topic 1	0.000905914415936
topic 2	0.00165776597671
topic 3	0.000490918358353
topic 4	0.0
topic 5	0.0104082169999
topic 6	0.00110387024785
