topic	weight
topic 0	0.0
topic 1	0.0
topic 2	0.0
topic 3	0.0121340425599
topic 4	0.0064727361353
topic 5	0.0121463553891
topic 6	0.0
