topic	weight
topic 0	0.0
topic 1	0.0018795820505
topic 2	0.00169061200553
topic 3	0.000248500790311
topic 4	0.0016541108729
topic 5	0.000473567135853
topic 6	0.0
