topic	weight
topic 0	0.0
topic 1	4.20379058094e-05
topic 2	0.00552331331194
topic 3	8.12445170355e-05
topic 4	0.00465227258981
topic 5	0.00530525685076
topic 6	0.0
