topic	weight
topic 0	0.0
topic 1	0.0229222613487
topic 2	0.0023920986078
topic 3	0.000108498672732
topic 4	0.000350804210328
topic 5	0.000559090093889
topic 6	0.0
