topic	weight
topic 0	2.69552929669e-05
topic 1	0.000354360371687
topic 2	0.000997232369519
topic 3	0.00155384792653
topic 4	4.2348084071e-05
topic 5	0.000194037158398
topic 6	0.0
