topic	weight
topic 0	0.0
topic 1	0.0
topic 2	0.0
topic 3	0.0107612799967
topic 4	0.190063939573
topic 5	0.0
topic 6	0.00305716144326
