topic	weight
topic 0	0.0
topic 1	0.00367485051788
topic 2	0.00546651206727
topic 3	0.000610587062935
topic 4	0.00781976087184
topic 5	0.0
topic 6	0.0
