topic	weight
topic 0	0.0
topic 1	0.00191797531713
topic 2	0.00207246298549
topic 3	0.000732163364966
topic 4	0.000983833398719
topic 5	0.000330688939007
topic 6	0.00285841848639
