topic	weight
topic 0	0.0
topic 1	0.00476166862809
topic 2	0.00840011771416
topic 3	0.00275162291139
topic 4	0.00606037528177
topic 5	0.00248585981456
topic 6	0.0
