topic	weight
topic 0	0.0
topic 1	0.00168945949098
topic 2	0.00594349864731
topic 3	0.00385834578692
topic 4	0.0027856274702
topic 5	0.00610699371563
topic 6	0.0
