topic	weight
topic 0	0.00176448303436
topic 1	0.0
topic 2	0.00178455091184
topic 3	0.0510710504206
topic 4	0.0
topic 5	0.0
topic 6	0.0
