topic	weight
topic 0	0.0196441678741
topic 1	0.0
topic 2	0.00363842212213
topic 3	0.000335742977633
topic 4	0.00311214939683
topic 5	0.0156370586666
topic 6	0.000247535642045
