topic	weight
topic 0	0.00478821772908
topic 1	0.0156554468045
topic 2	0.0154551208334
topic 3	0.00366331477952
topic 4	0.00710997279398
topic 5	0.00325660194696
topic 6	0.0
