topic	weight
topic 0	0.112051159242
topic 1	8.99459883748e-06
topic 2	0.0
topic 3	0.00160845256291
topic 4	0.00612490231037
topic 5	0.0
topic 6	0.00413161047475
