topic	weight
topic 0	0.0
topic 1	0.0
topic 2	0.0238007312209
topic 3	0.00244775982163
topic 4	0.00713100532305
topic 5	0.00629066794196
topic 6	0.0
