topic	weight
topic 0	0.192317355765
topic 1	0.0
topic 2	0.0
topic 3	0.00985472928473
topic 4	0.000599304552702
topic 5	0.0
topic 6	0.0
