topic	weight
topic 0	0.000565341151987
topic 1	0.00569499108244
topic 2	0.000810472931664
topic 3	0.10745236871
topic 4	0.000327841655927
topic 5	0.00407127116762
topic 6	0.0
