topic	weight
topic 0	0.00372833698964
topic 1	0.0117166955638
topic 2	0.00396795427295
topic 3	0.00582252507217
topic 4	0.0118956375762
topic 5	0.00524149070577
topic 6	0.00275390159048
