topic	weight
topic 0	0.0
topic 1	0.00830245848849
topic 2	0.011664159891
topic 3	0.0
topic 4	0.0209118924342
topic 5	0.00614690416259
topic 6	0.00282856292283
