topic	weight
topic 0	0.000376756788936
topic 1	0.000274025022565
topic 2	0.00459930835822
topic 3	0.00200633486182
topic 4	0.00171678062165
topic 5	0.00214828364232
topic 6	0.0
