topic	weight
topic 0	0.00153439070435
topic 1	0.00397113249965
topic 2	0.00440707738007
topic 3	0.00205714888685
topic 4	0.0041441714419
topic 5	0.000276827465961
topic 6	0.0
