topic	weight
topic 0	0.0
topic 1	0.00726863700399
topic 2	0.00934930789673
topic 3	0.0
topic 4	0.0132063306092
topic 5	0.0
topic 6	0.00261141653152
