topic	weight
topic 0	0.0
topic 1	0.00390170787953
topic 2	0.00478098605729
topic 3	0.0308683583691
topic 4	0.0951546970724
topic 5	0.00855176327519
topic 6	0.0
