topic	weight
topic 0	0.0
topic 1	0.000606918467185
topic 2	0.000956053064198
topic 3	0.000318052735182
topic 4	0.00184599975722
topic 5	0.000375587474696
topic 6	0.0
