topic	weight
topic 0	0.00257502813602
topic 1	0.00159041563017
topic 2	0.0022200330337
topic 3	0.00172871812191
topic 4	0.00226636348475
topic 5	0.0
topic 6	0.000128762809608
