topic	weight
topic 0	0.0
topic 1	0.0092493531048
topic 2	0.0125970649117
topic 3	0.0
topic 4	0.0172674685611
topic 5	0.000561353176785
topic 6	0.00275614960555
