topic	weight
topic 0	0.00664975147456
topic 1	0.0
topic 2	0.0
topic 3	6.98424870535e-05
topic 4	4.4758438461e-05
topic 5	0.0
topic 6	7.46961070023e-05
