topic	weight
topic 0	0.0
topic 1	0.0
topic 2	0.000477894121545
topic 3	0.0076497853089
topic 4	0.0
topic 5	0.00127429272481
topic 6	1.5743011816e-05
