topic	weight
topic 0	0.0
topic 1	0.0285114913962
topic 2	0.00651549759541
topic 3	2.98159755446e-05
topic 4	0.0
topic 5	0.0
topic 6	0.000879366815006
