topic	weight
topic 0	0.00698453645282
topic 1	0.00631273131403
topic 2	0.00333030620105
topic 3	0.0
topic 4	0.126146575524
topic 5	0.0031292545121
topic 6	0.00330155819933
