topic	weight
topic 0	0.0
topic 1	0.00100590951153
topic 2	0.00149929519726
topic 3	7.42751229044e-05
topic 4	0.000538268107526
topic 5	0.000393470505401
topic 6	0.000870182496166
