topic	weight
topic 0	0.0
topic 1	0.017602950655
topic 2	0.0041552595734
topic 3	0.0
topic 4	0.00104937711309
topic 5	0.0
topic 6	0.000500813610875
