topic	weight
topic 0	0.00588567202421
topic 1	0.00588353426592
topic 2	0.0152389585967
topic 3	0.00701708909783
topic 4	0.0058287498443
topic 5	0.0
topic 6	0.0
