topic	weight
topic 0	0.0
topic 1	0.0
topic 2	0.000312288687081
topic 3	4.2895451165e-05
topic 4	3.4934259754e-05
topic 5	4.77042680775e-05
topic 6	0.0
