topic	weight
topic 0	0.0
topic 1	0.00746257827625
topic 2	0.0145963887863
topic 3	0.00751425234334
topic 4	0.00524029885199
topic 5	0.00308926211013
topic 6	0.0
