topic	weight
topic 0	0.0
topic 1	0.0
topic 2	0.00789055304782
topic 3	0.105669722574
topic 4	0.0279116427524
topic 5	0.0
topic 6	0.0
