topic	weight
topic 0	0.0
topic 1	0.0
topic 2	0.0
topic 3	0.00565255694369
topic 4	0.336043795671
topic 5	0.0
topic 6	0.0
