topic	weight
topic 0	0.0
topic 1	0.00151128580845
topic 2	0.00607862242778
topic 3	0.0
topic 4	0.0017501319831
topic 5	0.0090060871467
topic 6	0.0
