topic	weight
topic 0	5.30654616261e-06
topic 1	0.0
topic 2	0.0
topic 3	0.0
topic 4	0.00656221356116
topic 5	0.0
topic 6	0.0
