topic	weight
topic 0	0.0
topic 1	0.00615218825653
topic 2	0.0357107929462
topic 3	0.0
topic 4	0.00156180719607
topic 5	0.253247631632
topic 6	0.0
