topic	weight
topic 0	0.0
topic 1	0.00102977034781
topic 2	0.00035690211033
topic 3	0.0
topic 4	0.00235054861505
topic 5	0.000705114383088
topic 6	0.0
