topic	weight
topic 0	0.0
topic 1	0.00563850392908
topic 2	0.00756873560061
topic 3	0.00585140612278
topic 4	0.00109988976103
topic 5	0.0112880623079
topic 6	0.0
