topic	weight
topic 0	0.000235977169035
topic 1	0.00315043390071
topic 2	0.00142864961551
topic 3	0.0105442106897
topic 4	0.0
topic 5	0.0
topic 6	0.0
