topic	weight
topic 0	0.0
topic 1	0.146662806669
topic 2	0.326062084882
topic 3	0.0659894786187
topic 4	0.0266275859668
topic 5	0.0436019257315
topic 6	0.0
