topic	weight
topic 0	0.00672833017137
topic 1	0.000394068017638
topic 2	0.00589220526453
topic 3	0.000851543750937
topic 4	0.00652770132964
topic 5	0.0
topic 6	0.0
