topic	weight
topic 0	0.0
topic 1	0.0158125296949
topic 2	0.0244632098426
topic 3	0.00470437483209
topic 4	0.00170632665466
topic 5	0.0112747830889
topic 6	0.0
