topic	weight
topic 0	0.00576439183717
topic 1	0.00721245484121
topic 2	0.0152259587483
topic 3	0.00231708023935
topic 4	0.0104970847792
topic 5	0.000924059951409
topic 6	0.0
