topic	weight
topic 0	0.000260160447306
topic 1	0.0
topic 2	0.00138365938483
topic 3	0.000732013987921
topic 4	0.0015616001426
topic 5	0.0063537950659
topic 6	0.0
