topic	weight
topic 0	0.11902232951
topic 1	0.0108167298603
topic 2	0.00978014430293
topic 3	0.00609650862765
topic 4	0.00321973159127
topic 5	0.148553900942
topic 6	0.0
