topic	weight
topic 0	0.0
topic 1	0.000881016685324
topic 2	0.0002521558791
topic 3	0.00322382142905
topic 4	0.0
topic 5	0.0
topic 6	0.0
