topic	weight
topic 0	0.000274209266898
topic 1	8.42349575354e-05
topic 2	0.000656245590909
topic 3	9.05602343229e-05
topic 4	0.0010646351427
topic 5	0.0
topic 6	0.0
