topic	weight
topic 0	0.0
topic 1	0.00749246032584
topic 2	0.000807340363739
topic 3	0.00161439424353
topic 4	0.00840481577049
topic 5	0.00196407904034
topic 6	0.000458077468908
