topic	weight
topic 0	0.0
topic 1	0.0
topic 2	0.0
topic 3	0.0466896302313
topic 4	0.013919443286
topic 5	4.08091796344e-05
topic 6	0.0
