topic	weight
topic 0	0.176416492418
topic 1	0.0
topic 2	0.00242325602292
topic 3	0.0
topic 4	0.00426146287478
topic 5	0.0
topic 6	0.0
