topic	weight
topic 0	0.0
topic 1	0.0103700216202
topic 2	0.0
topic 3	0.0
topic 4	0.00189333503441
topic 5	0.0090074654462
topic 6	0.0
