topic	weight
topic 0	0.000571124968624
topic 1	0.110471996887
topic 2	0.000502322650571
topic 3	0.00187116100933
topic 4	0.00327183568592
topic 5	0.0
topic 6	0.0
