topic	weight
topic 0	0.0
topic 1	0.0
topic 2	0.0
topic 3	0.186847815465
topic 4	0.0
topic 5	0.0
topic 6	9.15560419823e-05
