topic	weight
topic 0	7.133951019e-06
topic 1	0.0
topic 2	0.0
topic 3	0.0
topic 4	0.0144637611879
topic 5	0.0
topic 6	0.0
