topic	weight
topic 0	0.0105139688566
topic 1	0.00258969174141
topic 2	0.00105861883776
topic 3	0.00170123951521
topic 4	0.00105039401411
topic 5	0.0342060957373
topic 6	0.000212562760291
