topic	weight
topic 0	4.89532580011e-05
topic 1	0.0
topic 2	1.76208187965e-05
topic 3	4.37983467461e-05
topic 4	1.17704083341e-05
topic 5	0.0
topic 6	0.0
