topic	weight
topic 0	0.0
topic 1	0.000380414735206
topic 2	0.0012715265775
topic 3	0.000642736868753
topic 4	0.0023613653797
topic 5	0.000247571645095
topic 6	0.0
