topic	weight
topic 0	0.0
topic 1	0.000738874901192
topic 2	0.0021653916475
topic 3	0.0115607662473
topic 4	0.000234211802524
topic 5	0.00815892365007
topic 6	0.00102815715596
