topic	weight
topic 0	0.0
topic 1	0.00480042517899
topic 2	0.0147397031004
topic 3	0.00518359319934
topic 4	0.00950014663637
topic 5	0.0119060589036
topic 6	0.0
