topic	weight
topic 0	0.00211860082429
topic 1	0.0032339551929
topic 2	0.00594379892795
topic 3	0.000307408095248
topic 4	0.0049925790759
topic 5	0.00742179235942
topic 6	0.00114783471249
