topic	weight
topic 0	0.0
topic 1	0.00121958362381
topic 2	0.00430443500945
topic 3	0.00543045617771
topic 4	0.000119319835595
topic 5	0.0
topic 6	0.0
