topic	weight
topic 0	0.0
topic 1	0.00501463200414
topic 2	0.000243782375647
topic 3	0.000207507896489
topic 4	0.00382283029117
topic 5	0.12085148284
topic 6	0.0
