topic	weight
topic 0	0.0
topic 1	0.0176650992895
topic 2	0.0140905835443
topic 3	0.00520041448642
topic 4	0.0154999308438
topic 5	0.00463241103505
topic 6	0.0
