topic	weight
topic 0	0.0
topic 1	0.000221337562981
topic 2	0.000195602860323
topic 3	0.000731886971705
topic 4	0.000236495990407
topic 5	0.00159040181555
topic 6	8.54592608721e-05
