topic	weight
topic 0	0.00170897502463
topic 1	0.00852883814947
topic 2	0.00215652495461
topic 3	0.000989929193865
topic 4	0.00294839779989
topic 5	0.00722853326716
topic 6	3.62249773315e-05
