topic	weight
topic 0	0.0
topic 1	0.00479660387144
topic 2	0.00424530250672
topic 3	0.004554311421
topic 4	0.0
topic 5	0.000548630315357
topic 6	3.50244977925e-05
