topic	weight
topic 0	0.000118116127605
topic 1	0.0
topic 2	4.37963138669e-05
topic 3	2.58950433147e-06
topic 4	6.60521737917e-05
topic 5	0.0
topic 6	0.0
