topic	weight
topic 0	0.0
topic 1	0.00744207472653
topic 2	0.0394383584261
topic 3	0.00856517467147
topic 4	0.00811380417388
topic 5	0.0096057979211
topic 6	0.0
