topic	weight
topic 0	0.000354558646935
topic 1	0.0
topic 2	0.00128497115888
topic 3	0.00981912419187
topic 4	8.07507907814e-05
topic 5	0.0
topic 6	0.00122664166056
