topic	weight
topic 0	0.0
topic 1	0.0
topic 2	0.0455592591259
topic 3	0.0
topic 4	0.00931454332617
topic 5	0.0
topic 6	0.00539249083406
