topic	weight
topic 0	0.0
topic 1	0.000307969575786
topic 2	0.000167044604898
topic 3	0.000169578333357
topic 4	0.000220418695554
topic 5	0.00032984859289
topic 6	0.0
