topic	weight
topic 0	0.0
topic 1	0.030255043531
topic 2	0.0
topic 3	0.00189987231349
topic 4	0.0
topic 5	0.0150589443538
topic 6	0.0
