topic	weight
topic 0	0.000100266335562
topic 1	0.000541339080293
topic 2	0.00427421324734
topic 3	0.000928123769641
topic 4	0.00581197903475
topic 5	0.0
topic 6	0.0
