topic	weight
topic 0	0.00239065217727
topic 1	0.000120467157161
topic 2	0.000917090056932
topic 3	0.0
topic 4	0.00297901001054
topic 5	0.0
topic 6	0.0
