topic	weight
topic 0	0.0
topic 1	6.78875633166e-05
topic 2	0.000250070006673
topic 3	5.14534436875e-05
topic 4	0.000317889103676
topic 5	0.000411615919868
topic 6	8.09620407656e-06
