topic	weight
topic 0	0.0
topic 1	0.0
topic 2	0.0
topic 3	0.119606451974
topic 4	0.0
topic 5	0.000348044443902
topic 6	0.0
