topic	weight
topic 0	0.00577238475902
topic 1	0.00999078204438
topic 2	0.0152138697679
topic 3	0.00243282470642
topic 4	0.00613186274725
topic 5	0.000120895942252
topic 6	0.0
