topic	weight
topic 0	0.00544130393296
topic 1	0.00766995568464
topic 2	0.0126011832462
topic 3	0.00273451547752
topic 4	0.0070979771772
topic 5	0.11272310564
topic 6	0.0
