topic	weight
topic 0	0.00357817906931
topic 1	0.000681633848779
topic 2	0.00318546058876
topic 3	0.0
topic 4	0.00169371459008
topic 5	0.00118089980092
topic 6	0.00265198408903
