topic	weight
topic 0	0.00335616187779
topic 1	0.000924522853366
topic 2	0.0
topic 3	0.000675239010786
topic 4	0.00979974727144
topic 5	0.0
topic 6	0.00582130067607
