topic	weight
topic 0	0.000626462820482
topic 1	0.0112507596769
topic 2	0.00507616860619
topic 3	0.00350442745947
topic 4	0.00842309451865
topic 5	0.00729857466231
topic 6	0.0
