topic	weight
topic 0	0.0
topic 1	0.00060669804505
topic 2	0.000245435936899
topic 3	4.97230950752e-05
topic 4	0.0
topic 5	0.000150542298845
topic 6	0.0
