topic	weight
topic 0	0.0
topic 1	0.00153288389801
topic 2	0.000347525872345
topic 3	4.40721825523e-05
topic 4	0.0
topic 5	0.00382135758706
topic 6	0.0
