topic	weight
topic 0	0.0
topic 1	0.00340293319714
topic 2	0.00429162284106
topic 3	0.000195524014363
topic 4	0.000788629131019
topic 5	0.00258308952544
topic 6	0.0
