topic	weight
topic 0	0.00181588369177
topic 1	0.0
topic 2	6.6085313848e-05
topic 3	0.000113643625269
topic 4	7.75200401087e-05
topic 5	0.0
topic 6	2.23092258597e-05
