topic	weight
topic 0	0.0
topic 1	0.000504969797743
topic 2	0.0423183210033
topic 3	0.0
topic 4	0.0
topic 5	0.0
topic 6	0.0190542597118
