topic	weight
topic 0	0.00538847807861
topic 1	0.0
topic 2	0.0115540203643
topic 3	0.0
topic 4	0.0
topic 5	3.04727726297e-05
topic 6	0.0
