topic	weight
topic 0	0.0
topic 1	0.000183355274911
topic 2	0.0231345611141
topic 3	0.0
topic 4	0.00474989320032
topic 5	0.00393195089133
topic 6	0.0
