topic	weight
topic 0	0.0
topic 1	0.0579210173508
topic 2	0.0994227870392
topic 3	0.0154010984306
topic 4	0.0682930343249
topic 5	0.0102811876661
topic 6	0.0
