topic	weight
topic 0	0.000776314622355
topic 1	0.0
topic 2	0.0
topic 3	0.0
topic 4	0.0
topic 5	0.181778010379
topic 6	0.0
