topic	weight
topic 0	0.0204241895107
topic 1	0.0
topic 2	0.0266142967516
topic 3	0.00105150074755
topic 4	0.0119879975329
topic 5	0.00988602050573
topic 6	0.0
