topic	weight
topic 0	0.0
topic 1	0.0
topic 2	0.0702685396505
topic 3	0.0
topic 4	9.57403015421e-05
topic 5	0.0
topic 6	0.00357210512888
