topic	weight
topic 0	0.0
topic 1	0.00321497550857
topic 2	0.0
topic 3	0.0
topic 4	0.0
topic 5	0.000153820672251
topic 6	0.197924675591
