topic	weight
topic 0	0.0
topic 1	0.00519198107248
topic 2	0.0139654570499
topic 3	0.0118732495578
topic 4	0.00497092632941
topic 5	0.00886364539454
topic 6	0.0
