topic	weight
topic 0	0.0058222116838
topic 1	0.00479233968233
topic 2	0.0417768607713
topic 3	0.00420311327294
topic 4	0.0131867491096
topic 5	0.00541584025033
topic 6	0.0
