topic	weight
topic 0	0.000258031627328
topic 1	0.0
topic 2	0.0
topic 3	0.11104889032
topic 4	0.0
topic 5	0.115505115609
topic 6	0.0
