topic	weight
topic 0	0.0045179225949
topic 1	0.0
topic 2	0.00148785223916
topic 3	0.0020570536293
topic 4	0.0
topic 5	0.0
topic 6	7.53266418959e-05
