topic	weight
topic 0	0.0
topic 1	0.00299449933118
topic 2	0.00730484073424
topic 3	0.00301819860473
topic 4	0.00748346964244
topic 5	0.00404207276261
topic 6	0.000149521986584
