topic	weight
topic 0	0.00933970920622
topic 1	0.00948074554752
topic 2	0.021830339358
topic 3	0.00630903202733
topic 4	0.0159722595787
topic 5	0.0
topic 6	0.0
