topic	weight
topic 0	0.0
topic 1	0.00593246519091
topic 2	0.0073659485848
topic 3	0.116430787774
topic 4	0.0
topic 5	0.0123944085002
topic 6	0.0
