topic	weight
topic 0	0.0
topic 1	0.00534887035588
topic 2	0.00107504898191
topic 3	0.0180846013865
topic 4	0.0
topic 5	0.0674170598475
topic 6	0.0
