topic	weight
topic 0	0.0
topic 1	0.00206355073488
topic 2	0.0122489533869
topic 3	0.0
topic 4	0.0117849844365
topic 5	0.00417196813068
topic 6	0.0160156455961
