topic	weight
topic 0	0.0
topic 1	0.00215186084459
topic 2	0.0097847951314
topic 3	0.00451523069659
topic 4	0.00456031969715
topic 5	0.0015972793305
topic 6	0.0
