topic	weight
topic 0	0.0
topic 1	0.00126952684001
topic 2	0.0168401280292
topic 3	1.10788479252e-05
topic 4	0.00853379323672
topic 5	0.00299077327063
topic 6	0.0134618807155
