topic	weight
topic 0	0.0
topic 1	0.0135019530712
topic 2	0.00602032380943
topic 3	0.00100638848725
topic 4	0.0540686720689
topic 5	0.00672532111315
topic 6	0.00253945121734
