topic	weight
topic 0	0.0
topic 1	0.0
topic 2	0.0
topic 3	0.0127008119509
topic 4	0.0
topic 5	0.000105715343219
topic 6	0.0
