topic	weight
topic 0	0.0
topic 1	0.00170631441128
topic 2	0.00876356763764
topic 3	0.00243103326423
topic 4	0.0071042288824
topic 5	0.0034984770999
topic 6	0.00911184373355
