topic	weight
topic 0	0.0
topic 1	0.00451833303395
topic 2	0.0
topic 3	0.0
topic 4	0.00316577333729
topic 5	0.000860709470002
topic 6	0.00457249475642
