topic	weight
topic 0	0.00987912001964
topic 1	0.00926217753644
topic 2	0.0161403635116
topic 3	0.0055248456253
topic 4	0.0199472817375
topic 5	0.000886932189298
topic 6	0.0
