topic	weight
topic 0	0.00243276320027
topic 1	0.0
topic 2	0.0
topic 3	0.000617483592517
topic 4	0.00700886107569
topic 5	6.32991158894e-05
topic 6	0.00371621891076
