topic	weight
topic 0	0.000208463831981
topic 1	0.0012030339416
topic 2	0.00267700688622
topic 3	0.00206895402255
topic 4	0.000947165358783
topic 5	0.00122487934027
topic 6	0.0
