topic	weight
topic 0	0.0126042763492
topic 1	0.00706834650447
topic 2	0.0319085649054
topic 3	0.00316824670863
topic 4	0.00728292880686
topic 5	0.0
topic 6	0.0
