topic	weight
topic 0	0.00753709883347
topic 1	0.00315840456926
topic 2	0.0070624935673
topic 3	0.000432132947461
topic 4	0.00832644073724
topic 5	0.00177455224515
topic 6	0.0
