topic	weight
topic 0	0.0
topic 1	0.008604772327
topic 2	0.000313499150133
topic 3	0.0
topic 4	0.00442551391368
topic 5	0.00922063803673
topic 6	0.0
