topic	weight
topic 0	0.161535874116
topic 1	0.0
topic 2	0.0
topic 3	0.000310973305192
topic 4	0.000256292361233
topic 5	0.0211494693683
topic 6	0.000316925386039
