topic	weight
topic 0	3.53601859293e-05
topic 1	0.000205096902089
topic 2	0.000837031871327
topic 3	0.00112571101613
topic 4	8.97283605445e-05
topic 5	8.662814077e-05
topic 6	0.0
