topic	weight
topic 0	0.0483701706393
topic 1	0.0
topic 2	0.17267284481
topic 3	0.000672556216405
topic 4	0.0
topic 5	0.0
topic 6	0.0
