topic	weight
topic 0	0.0
topic 1	0.00423391428422
topic 2	0.00854879088402
topic 3	0.00243666175274
topic 4	0.0277972881739
topic 5	0.000202801238116
topic 6	0.0
