topic	weight
topic 0	0.000878573532487
topic 1	0.00627572178045
topic 2	0.0146181916179
topic 3	0.00226243725271
topic 4	0.0141234104292
topic 5	0.00625210795645
topic 6	0.0174804146453
