topic	weight
topic 0	0.00323769872263
topic 1	0.00931588050018
topic 2	0.0169075885835
topic 3	0.00506180145937
topic 4	0.0111440616675
topic 5	0.0167355194981
topic 6	0.0
