topic	weight
topic 0	0.0
topic 1	0.000796879432472
topic 2	0.0049509024739
topic 3	0.0
topic 4	0.0472257746676
topic 5	0.00538687684183
topic 6	0.0133919107104
