topic	weight
topic 0	0.00218774445482
topic 1	0.000446918920933
topic 2	0.0013023618109
topic 3	0.00271432316786
topic 4	0.00282630077368
topic 5	0.00102673463958
topic 6	0.00158543687148
