topic	weight
topic 0	0.0
topic 1	0.142613731722
topic 2	0.00512458762662
topic 3	0.00798480296519
topic 4	0.00416581349824
topic 5	0.00168531424859
topic 6	0.0
