topic	weight
topic 0	0.11294161092
topic 1	0.0
topic 2	0.00527994372242
topic 3	0.000430507933
topic 4	0.0
topic 5	0.0
topic 6	0.0
