topic	weight
topic 0	0.0
topic 1	0.00744581600433
topic 2	0.000237629844056
topic 3	0.000230716261168
topic 4	0.00185373762234
topic 5	0.00253951409458
topic 6	0.0
