topic	weight
topic 0	0.00114435246023
topic 1	0.00100556669622
topic 2	0.00807382276791
topic 3	0.000544010212405
topic 4	0.00316369850049
topic 5	0.00434600274291
topic 6	0.0
