topic	weight
topic 0	0.0
topic 1	0.0
topic 2	0.00440790149368
topic 3	0.00331719069469
topic 4	0.000181277782458
topic 5	0.00181138936201
topic 6	0.00449724740653
