topic	weight
topic 0	0.109834442221
topic 1	0.0
topic 2	0.0
topic 3	0.0
topic 4	0.0
topic 5	0.244632533375
topic 6	0.0
