topic	weight
topic 0	0.00113955743857
topic 1	0.00966493787453
topic 2	0.000868264787253
topic 3	0.0507438212408
topic 4	0.0260133749568
topic 5	0.00977421752394
topic 6	0.0
