topic	weight
topic 0	0.0
topic 1	0.00180119665825
topic 2	0.0232945630695
topic 3	0.0
topic 4	0.0118003214965
topic 5	0.00421419954697
topic 6	0.0187037184792
