topic	weight
topic 0	0.0
topic 1	0.139912691689
topic 2	0.00155445187505
topic 3	0.0
topic 4	0.0
topic 5	0.0
topic 6	0.0
