topic	weight
topic 0	0.00728003900859
topic 1	0.00642356966092
topic 2	0.0177655985921
topic 3	0.00643642642501
topic 4	0.0065681113006
topic 5	0.0
topic 6	0.0
