topic	weight
topic 0	0.0
topic 1	0.00384774513784
topic 2	0.0
topic 3	0.0022049153289
topic 4	0.0
topic 5	0.0
topic 6	0.0019481044156
