topic	weight
topic 0	0.00481294619476
topic 1	0.0
topic 2	0.0189082563807
topic 3	0.00138651859414
topic 4	0.00535401959412
topic 5	0.0
topic 6	0.0
