topic	weight
topic 0	0.00107469350798
topic 1	0.00343597974907
topic 2	0.00288493236209
topic 3	0.0
topic 4	0.00230292546225
topic 5	0.00255645350874
topic 6	0.00265160892209
