topic	weight
topic 0	0.0
topic 1	0.0109955295726
topic 2	0.018654571402
topic 3	0.0110628072029
topic 4	0.00216453843512
topic 5	0.00416526453079
topic 6	0.0
