topic	weight
topic 0	0.0
topic 1	0.000985332356371
topic 2	0.0014518266799
topic 3	0.0
topic 4	0.00487944646045
topic 5	0.0
topic 6	0.0
