topic	weight
topic 0	0.00503010048064
topic 1	0.00135331455374
topic 2	0.000226919948223
topic 3	7.8354549758e-05
topic 4	0.00118019049692
topic 5	0.0
topic 6	0.0
