topic	weight
topic 0	0.00233943170269
topic 1	0.00215785186368
topic 2	0.00259005165734
topic 3	0.00126200307184
topic 4	0.00127880464077
topic 5	0.00110676289768
topic 6	7.46686884795e-05
