topic	weight
topic 0	0.0
topic 1	0.0
topic 2	0.0
topic 3	0.106453310005
topic 4	0.0
topic 5	0.0
topic 6	0.000135081508805
