topic	weight
topic 0	0.0
topic 1	0.00708086780941
topic 2	0.0443684296548
topic 3	0.000240719681091
topic 4	0.0246162895403
topic 5	0.00783870692086
topic 6	0.00156811695591
