topic	weight
topic 0	0.0178662542967
topic 1	0.0
topic 2	0.000111757598971
topic 3	0.0
topic 4	0.000950260204946
topic 5	0.0
topic 6	0.00331075632336
