topic	weight
topic 0	0.0
topic 1	0.155389388722
topic 2	0.0
topic 3	0.00737224439483
topic 4	0.0
topic 5	0.0
topic 6	0.0
