topic	weight
topic 0	0.0
topic 1	0.00743027968836
topic 2	0.0
topic 3	0.00076762060927
topic 4	0.00048280773024
topic 5	0.00259207558462
topic 6	0.00132396963613
