topic	weight
topic 0	0.00143162320709
topic 1	0.0
topic 2	0.00242029211534
topic 3	0.178567580289
topic 4	0.0
topic 5	0.0
topic 6	0.0
