topic	weight
topic 0	0.0
topic 1	0.00422921420783
topic 2	0.00428266639691
topic 3	0.00477182831547
topic 4	0.00878771561024
topic 5	0.0590001704061
topic 6	0.0
