topic	weight
topic 0	0.000261553031001
topic 1	1.04020474392e-05
topic 2	0.000865082427502
topic 3	4.01249819953e-05
topic 4	0.000381590406842
topic 5	0.0
topic 6	0.0
