topic	weight
topic 0	0.0
topic 1	0.0032264082519
topic 2	0.00544020113831
topic 3	0.00236196512009
topic 4	0.00656341510895
topic 5	0.000497473742782
topic 6	0.0
