topic	weight
topic 0	0.00467434671712
topic 1	0.000354174525326
topic 2	0.00707038207902
topic 3	0.00386914305153
topic 4	0.00364187269327
topic 5	0.000431701226638
topic 6	0.0
