topic	weight
topic 0	7.38938370598e-05
topic 1	0.00159519642298
topic 2	0.00169705785945
topic 3	0.000184387998242
topic 4	0.00170817049016
topic 5	0.00532698015173
topic 6	0.0
