topic	weight
topic 0	0.00708757628372
topic 1	0.00183449286047
topic 2	0.000642803565687
topic 3	0.00428497039084
topic 4	0.00189052633744
topic 5	0.0497825687251
topic 6	0.000131185536468
