topic	weight
topic 0	0.0
topic 1	0.00567043924969
topic 2	0.00498151371022
topic 3	0.00557766682426
topic 4	0.0177431131336
topic 5	0.0
topic 6	0.0
