topic	weight
topic 0	0.0
topic 1	0.0
topic 2	0.0
topic 3	0.0
topic 4	0.157153950371
topic 5	0.00412425187582
topic 6	0.00024308048923
