topic	weight
topic 0	0.0
topic 1	0.00817240494067
topic 2	0.00199476354156
topic 3	0.0
topic 4	6.29309657875e-05
topic 5	0.000117719694478
topic 6	0.0
