topic	weight
topic 0	0.0
topic 1	9.21429075891e-06
topic 2	8.06768079764e-05
topic 3	0.0
topic 4	0.00179592351883
topic 5	0.000147946759695
topic 6	0.0
