topic	weight
topic 0	0.0
topic 1	0.00182657140431
topic 2	0.0148932870335
topic 3	0.0
topic 4	0.00272463269889
topic 5	0.0
topic 6	0.0
