topic	weight
topic 0	0.0110457641444
topic 1	0.0
topic 2	4.2517321751e-05
topic 3	0.000223667048675
topic 4	0.00322891998307
topic 5	0.0
topic 6	0.0389251648327
