topic	weight
topic 0	0.188875499552
topic 1	0.0051041962704
topic 2	0.000427829977089
topic 3	0.000678741869877
topic 4	0.00305477257736
topic 5	0.0
topic 6	0.0
