topic	weight
topic 0	8.17345266596e-06
topic 1	0.00589179697575
topic 2	0.0109919830959
topic 3	0.000320003388091
topic 4	0.0117616880151
topic 5	0.00058140931896
topic 6	0.00194567833324
