topic	weight
topic 0	0.00359994234364
topic 1	0.0
topic 2	0.00219884367471
topic 3	0.160088635736
topic 4	0.0
topic 5	0.0
topic 6	0.0
