topic	weight
topic 0	0.0
topic 1	0.0205630119042
topic 2	0.00434445465655
topic 3	0.0310026054639
topic 4	0.0912335613725
topic 5	0.0
topic 6	0.0
