topic	weight
topic 0	0.0093301233291
topic 1	0.000344859165539
topic 2	0.0151854882476
topic 3	0.0
topic 4	0.00382034737784
topic 5	0.0
topic 6	0.0
