topic	weight
topic 0	9.77431942601e-05
topic 1	1.81889588897e-05
topic 2	0.000483633083964
topic 3	0.00296257097399
topic 4	0.0
topic 5	0.0
topic 6	0.0
