topic	weight
topic 0	0.0
topic 1	0.00668434219228
topic 2	0.0179254076092
topic 3	0.00397379779105
topic 4	0.00672992211004
topic 5	0.0961121569011
topic 6	0.0
