topic	weight
topic 0	0.0
topic 1	0.000858444176376
topic 2	0.00140793760737
topic 3	0.000796537981088
topic 4	0.00902896126826
topic 5	0.000667119625125
topic 6	0.0
