topic	weight
topic 0	0.000708063588871
topic 1	0.000829311161023
topic 2	0.00242175338594
topic 3	0.000468684368135
topic 4	0.00218680455696
topic 5	0.0
topic 6	0.0
