topic	weight
topic 0	0.0
topic 1	0.0
topic 2	0.0196628122374
topic 3	0.000756783756166
topic 4	0.00491435196072
topic 5	0.00504782308975
topic 6	0.0
