topic	weight
topic 0	0.0
topic 1	0.000763385527692
topic 2	0.00171435442738
topic 3	0.00370617087096
topic 4	0.000337030637865
topic 5	0.000417880008794
topic 6	0.0
