topic	weight
topic 0	0.0
topic 1	0.00919558754277
topic 2	0.0201730346102
topic 3	0.0
topic 4	0.100377864507
topic 5	0.0042815046856
topic 6	0.0
