topic	weight
topic 0	0.0
topic 1	0.000268002995662
topic 2	0.000236788393451
topic 3	0.0
topic 4	0.000637983478482
topic 5	0.000341290461794
topic 6	0.00472935756819
