topic	weight
topic 0	0.0
topic 1	0.00554227901051
topic 2	0.00739513315992
topic 3	0.00568332638716
topic 4	0.00112327319259
topic 5	0.0110882989262
topic 6	0.0
