topic	weight
topic 0	0.0
topic 1	0.00244748699931
topic 2	0.0006190536932
topic 3	0.00074027653502
topic 4	0.00177017641022
topic 5	0.00250288885203
topic 6	0.0
