topic	weight
topic 0	0.0
topic 1	0.000997425515783
topic 2	0.00367690100571
topic 3	0.00859008384774
topic 4	0.000220342148832
topic 5	0.00278836379628
topic 6	0.0
