topic	weight
topic 0	0.0
topic 1	0.0106421018841
topic 2	3.60023139921e-05
topic 3	0.000714890957371
topic 4	0.010390847908
topic 5	0.0026799642486
topic 6	0.00176751865561
