topic	weight
topic 0	0.00381825860671
topic 1	0.0
topic 2	0.0
topic 3	0.0
topic 4	0.0
topic 5	0.0105850474827
topic 6	0.0
