topic	weight
topic 0	0.000105483990456
topic 1	0.00375089409225
topic 2	0.00508522893421
topic 3	0.00139905162083
topic 4	0.00456388510987
topic 5	0.00107211743451
topic 6	0.0
