topic	weight
topic 0	5.35731216197e-05
topic 1	0.00118295045347
topic 2	0.00437128216141
topic 3	0.00210676604021
topic 4	0.00582301163934
topic 5	0.00404297490111
topic 6	0.0
