topic	weight
topic 0	0.0103612512842
topic 1	0.0
topic 2	0.00217043535287
topic 3	0.00329672192615
topic 4	0.000510773884373
topic 5	0.0
topic 6	0.0
