topic	weight
topic 0	0.0
topic 1	0.00505672179523
topic 2	0.00157258998931
topic 3	0.0
topic 4	0.00727921219271
topic 5	0.00358116777409
topic 6	0.0
