topic	weight
topic 0	0.0
topic 1	0.00717614803431
topic 2	0.00599415009742
topic 3	0.00202725011045
topic 4	0.00479302180084
topic 5	0.00222863455029
topic 6	0.000195040020274
