topic	weight
topic 0	0.0
topic 1	0.00358500994839
topic 2	0.0080488606476
topic 3	0.000557047541248
topic 4	0.00415586298152
topic 5	0.000240625964897
topic 6	3.26326818004e-05
