topic	weight
topic 0	0.0
topic 1	0.00918872532754
topic 2	0.0120451275164
topic 3	0.00954393311064
topic 4	0.00152952823768
topic 5	0.0186078437769
topic 6	0.0
