topic	weight
topic 0	0.00437852920437
topic 1	0.000676471295333
topic 2	0.0033437685458
topic 3	0.00794882655567
topic 4	0.00610385783882
topic 5	0.000182104223961
topic 6	0.0
