topic	weight
topic 0	0.0
topic 1	0.132569927202
topic 2	0.0
topic 3	0.0
topic 4	0.00644402353789
topic 5	0.00405904725281
topic 6	0.00116437607837
