topic	weight
topic 0	0.175125829775
topic 1	0.0
topic 2	0.0
topic 3	0.0
topic 4	8.5005182452e-05
topic 5	0.0
topic 6	0.0
