topic	weight
topic 0	0.0120463713035
topic 1	0.00253390799182
topic 2	0.000862696706523
topic 3	0.00703350840246
topic 4	0.00178051537489
topic 5	0.0742535913883
topic 6	0.000264465091136
