topic	weight
topic 0	0.233536676443
topic 1	0.0
topic 2	0.00589351702819
topic 3	0.0104588134281
topic 4	0.0194654963606
topic 5	0.418250047276
topic 6	0.00559528176842
