topic	weight
topic 0	0.00890995326125
topic 1	0.00063003173252
topic 2	0.0
topic 3	0.00361104266941
topic 4	0.000106361774838
topic 5	0.201946502639
topic 6	0.0
