topic	weight
topic 0	0.00103679254002
topic 1	6.62879758837e-05
topic 2	0.000248648240692
topic 3	0.0
topic 4	0.00523047190413
topic 5	0.00362166100509
topic 6	0.0
