topic	weight
topic 0	0.00155705784422
topic 1	0.00499519712157
topic 2	0.0159070863728
topic 3	0.0
topic 4	0.0608131613591
topic 5	0.00286589447045
topic 6	0.0057084365577
