topic	weight
topic 0	0.0
topic 1	0.00541396021797
topic 2	0.000214988161464
topic 3	0.00120187564556
topic 4	0.000494439366085
topic 5	0.00190810868118
topic 6	2.78942836174e-05
