topic	weight
topic 0	0.0
topic 1	0.000785196620891
topic 2	0.000131943803444
topic 3	0.000238737911994
topic 4	0.000646792526669
topic 5	0.000183213416606
topic 6	8.60626899787e-05
