topic	weight
topic 0	0.119467589891
topic 1	0.107927588765
topic 2	0.369867687849
topic 3	0.0298875787002
topic 4	0.0717740745448
topic 5	0.0
topic 6	0.0
