topic	weight
topic 0	0.00649799836088
topic 1	0.179987521972
topic 2	0.0138366452617
topic 3	0.00247659077544
topic 4	0.00743595591809
topic 5	0.0
topic 6	0.0
