topic	weight
topic 0	0.0
topic 1	0.0339597691317
topic 2	0.120231207891
topic 3	0.0
topic 4	0.0626986954417
topic 5	0.015975384398
topic 6	0.00196580021496
