topic	weight
topic 0	0.000294895521015
topic 1	0.00170268067766
topic 2	0.0140464094202
topic 3	0.0
topic 4	0.011442266078
topic 5	0.00368695567932
topic 6	0.0151965383498
