topic	weight
topic 0	0.0
topic 1	0.0
topic 2	0.000320003599942
topic 3	0.000511509604959
topic 4	9.79395151837e-05
topic 5	0.00188270496926
topic 6	0.000137245107444
