topic	weight
topic 0	0.0
topic 1	0.00276639201545
topic 2	0.0205973884808
topic 3	0.0
topic 4	0.0103105595853
topic 5	0.00594739582286
topic 6	0.0149417987006
