topic	weight
topic 0	0.00412879067777
topic 1	0.00580354816561
topic 2	0.0127897979757
topic 3	0.00335969928533
topic 4	0.00527748589676
topic 5	0.00104299886401
topic 6	0.0
