topic	weight
topic 0	0.0
topic 1	0.0
topic 2	0.0120870947045
topic 3	0.0
topic 4	1.07438155016
topic 5	0.0
topic 6	0.0
