topic	weight
topic 0	0.0
topic 1	0.000800509366639
topic 2	0.0
topic 3	0.184373334786
topic 4	0.0
topic 5	0.0
topic 6	0.0
