topic	weight
topic 0	0.0
topic 1	0.00172698791667
topic 2	0.00404713649574
topic 3	0.000241299907805
topic 4	0.00201583795386
topic 5	0.00847288239179
topic 6	0.0
