topic	weight
topic 0	9.14500680961e-05
topic 1	0.0
topic 2	0.000129784881329
topic 3	1.38908875794e-05
topic 4	0.00065068392674
topic 5	6.99150148444e-05
topic 6	0.0
