topic	weight
topic 0	0.0
topic 1	0.019971421263
topic 2	0.0
topic 3	0.00090786972836
topic 4	0.00050922588725
topic 5	0.000222059711721
topic 6	0.0
