topic	weight
topic 0	0.0
topic 1	0.0
topic 2	0.0
topic 3	0.0
topic 4	0.174573096972
topic 5	0.00132983201588
topic 6	0.173846076629
