topic	weight
topic 0	0.0
topic 1	0.00817832535186
topic 2	0.00694704910084
topic 3	0.00993745875133
topic 4	0.00177413175922
topic 5	0.0028708646759
topic 6	0.0
