topic	weight
topic 0	0.0108800716308
topic 1	0.00896635253881
topic 2	0.0422746683314
topic 3	0.0
topic 4	0.00905681756703
topic 5	0.0099142064264
topic 6	0.0
