topic	weight
topic 0	0.00034741765558
topic 1	0.00189175655291
topic 2	0.00508973473841
topic 3	0.000440463292537
topic 4	0.000792247645498
topic 5	0.000872845001572
topic 6	0.0
