topic	weight
topic 0	0.0
topic 1	0.00920369608662
topic 2	0.0160678686049
topic 3	0.0088517039209
topic 4	0.00148577360517
topic 5	0.00336522339981
topic 6	0.0
