topic	weight
topic 0	0.0014756651885
topic 1	0.000714041750943
topic 2	0.00214450735907
topic 3	0.000487345492519
topic 4	0.00490147998416
topic 5	0.00487072133635
topic 6	0.0
