topic	weight
topic 0	0.0106412701157
topic 1	0.0
topic 2	0.000111411710291
topic 3	0.00238867329589
topic 4	0.000622212263895
topic 5	0.0
topic 6	0.00070007712998
