topic	weight
topic 0	0.21523029804
topic 1	0.241485806487
topic 2	0.0
topic 3	0.0
topic 4	0.0
topic 5	0.0
topic 6	0.0
