topic	weight
topic 0	0.0
topic 1	0.00245139950557
topic 2	0.0061707424451
topic 3	0.000519773152712
topic 4	0.00367477100954
topic 5	0.00903796926203
topic 6	0.0
