topic	weight
topic 0	0.0
topic 1	1.40892933541e-05
topic 2	0.00122007130136
topic 3	0.0
topic 4	0.0116541372385
topic 5	0.00356770297412
topic 6	0.0
