topic	weight
topic 0	0.000243945555191
topic 1	0.00553119545371
topic 2	0.0
topic 3	0.0
topic 4	0.0577063968076
topic 5	0.00989029662723
topic 6	0.00265114475499
