topic	weight
topic 0	0.0
topic 1	0.00184437935992
topic 2	0.00392559591895
topic 3	0.000984519670252
topic 4	0.00818449425299
topic 5	0.0845439940337
topic 6	0.0
