topic	weight
topic 0	0.00126489413836
topic 1	0.00337483836026
topic 2	0.00238937798708
topic 3	0.0031859595026
topic 4	0.00192117240433
topic 5	0.00127784455458
topic 6	0.0
