topic	weight
topic 0	0.0
topic 1	0.000326299220243
topic 2	0.00171294733985
topic 3	0.000354230958704
topic 4	0.000128299407823
topic 5	0.00059282803457
topic 6	0.0
