topic	weight
topic 0	0.0
topic 1	0.000906045269412
topic 2	0.0147288594706
topic 3	0.0
topic 4	0.00820138314533
topic 5	0.0
topic 6	0.0
