topic	weight
topic 0	0.0
topic 1	0.0157205472785
topic 2	0.00667237411737
topic 3	0.0
topic 4	0.0163937206227
topic 5	0.008024113975
topic 6	0.000293106165156
