topic	weight
topic 0	0.105173366319
topic 1	0.0
topic 2	0.000691292255468
topic 3	0.000686591698832
topic 4	0.00410835699591
topic 5	0.0
topic 6	0.0
