topic	weight
topic 0	0.0
topic 1	0.00397314272951
topic 2	0.0189438855828
topic 3	0.00044371410411
topic 4	0.0070655107209
topic 5	0.0
topic 6	0.0
