topic	weight
topic 0	0.000117723683682
topic 1	0.0
topic 2	0.00305943565219
topic 3	0.00532390892878
topic 4	0.056670814621
topic 5	0.0024478262206
topic 6	0.00516967109444
