topic	weight
topic 0	0.000825672916296
topic 1	0.000621985271949
topic 2	0.00107298212936
topic 3	0.00135968695309
topic 4	0.000668171686796
topic 5	0.000385151117951
topic 6	0.0
