topic	weight
topic 0	0.000669223762571
topic 1	0.00228889470762
topic 2	0.0148298826844
topic 3	0.00681074260792
topic 4	0.00688276764185
topic 5	0.0103237319868
topic 6	0.0
