topic	weight
topic 0	0.0
topic 1	0.000235101969369
topic 2	0.000462357940181
topic 3	0.0
topic 4	0.000177704303784
topic 5	0.000193429343497
topic 6	0.0
