topic	weight
topic 0	0.00361046359808
topic 1	0.0014782810604
topic 2	0.000827935561748
topic 3	0.000218154717571
topic 4	0.000186657027856
topic 5	0.00486292549812
topic 6	5.39636626738e-05
