topic	weight
topic 0	0.00216155909847
topic 1	0.0
topic 2	0.000987607081973
topic 3	0.110578099952
topic 4	0.0108524181163
topic 5	0.0
topic 6	0.0
