topic	weight
topic 0	0.000744646658301
topic 1	0.0
topic 2	0.000324118373532
topic 3	0.096149930802
topic 4	0.00945777031949
topic 5	0.0
topic 6	0.0
