topic	weight
topic 0	0.0
topic 1	3.70372450174e-05
topic 2	7.15946801548e-05
topic 3	0.0
topic 4	0.000177834827328
topic 5	0.0
topic 6	0.0
