topic	weight
topic 0	3.70395402004e-05
topic 1	0.0
topic 2	0.0191132254659
topic 3	0.0
topic 4	0.0
topic 5	3.06824472556e-05
topic 6	0.0
