topic	weight
topic 0	0.0
topic 1	0.00137523300649
topic 2	0.00271680023284
topic 3	0.00588325628057
topic 4	0.000721132790373
topic 5	0.000802789958538
topic 6	0.000766165718508
