topic	weight
topic 0	0.0
topic 1	0.141194246382
topic 2	0.0
topic 3	0.0
topic 4	0.0
topic 5	0.000726053071308
topic 6	0.0
