topic	weight
topic 0	0.00120930434481
topic 1	0.011998770757
topic 2	0.00602922138105
topic 3	0.0019754797088
topic 4	0.0
topic 5	0.00430000942612
topic 6	0.00362039976636
