topic	weight
topic 0	0.0
topic 1	0.226778979634
topic 2	0.00722990210584
topic 3	0.0
topic 4	0.0102495205624
topic 5	0.00152454342204
topic 6	0.0195713284085
