topic	weight
topic 0	0.0
topic 1	0.0
topic 2	0.0266017274044
topic 3	0.000989881944639
topic 4	0.00679280226511
topic 5	0.00695699695785
topic 6	0.0
