topic	weight
topic 0	0.0
topic 1	0.000382548674757
topic 2	0.00208965150363
topic 3	0.000323534430686
topic 4	0.00821703816762
topic 5	0.00917150055027
topic 6	0.0
