topic	weight
topic 0	0.0
topic 1	0.000237424422576
topic 2	0.000582737197262
topic 3	0.000890975922318
topic 4	0.000672315884683
topic 5	9.62351193098e-05
topic 6	0.0
