topic	weight
topic 0	0.0
topic 1	0.0805576590745
topic 2	0.145901409055
topic 3	0.0452053662692
topic 4	0.0152283989093
topic 5	0.110453240627
topic 6	0.0
