topic	weight
topic 0	0.000299810694788
topic 1	0.000696170036809
topic 2	0.00250961399387
topic 3	0.0
topic 4	0.00251355423122
topic 5	0.000126924631402
topic 6	0.0
