topic	weight
topic 0	0.000188276522263
topic 1	0.00701154971968
topic 2	0.007483037728
topic 3	0.00952538258253
topic 4	0.00180344347854
topic 5	0.0108805616236
topic 6	0.003178465534
