topic	weight
topic 0	0.00384300252798
topic 1	0.000675427709757
topic 2	0.01223272911
topic 3	0.00734641635878
topic 4	0.000846707996784
topic 5	0.00507606463357
topic 6	0.0
