topic	weight
topic 0	0.0
topic 1	0.0057001309183
topic 2	0.00712308617309
topic 3	0.0
topic 4	0.030918231156
topic 5	0.0
topic 6	0.00186913952925
