topic	weight
topic 0	0.0
topic 1	0.0106268222859
topic 2	0.0170978577686
topic 3	0.00659023454624
topic 4	0.0723623327378
topic 5	0.00621216526519
topic 6	0.00390831236236
