topic	weight
topic 0	0.0
topic 1	0.00118716710271
topic 2	0.00256983750755
topic 3	0.00280262655295
topic 4	3.85120576444e-05
topic 5	0.00911888749849
topic 6	0.0
