topic	weight
topic 0	0.00101391082468
topic 1	0.00235020451366
topic 2	0.0162148171429
topic 3	0.0177008705823
topic 4	0.00744869445018
topic 5	0.00250637370348
topic 6	0.0103581404609
