topic	weight
topic 0	0.0817108084689
topic 1	0.0
topic 2	0.0
topic 3	0.000268462080021
topic 4	0.000871098434884
topic 5	0.0
topic 6	0.000322053442162
