topic	weight
topic 0	0.000841725518487
topic 1	0.0037382746655
topic 2	0.00379546208652
topic 3	0.00301814652132
topic 4	0.00752808597165
topic 5	0.00786636384899
topic 6	0.0
