topic	weight
topic 0	0.000329691656666
topic 1	0.000169148082958
topic 2	0.000987703414364
topic 3	0.000452049738636
topic 4	0.000836163263487
topic 5	0.0
topic 6	0.000431780222773
