topic	weight
topic 0	0.0
topic 1	0.000500480064728
topic 2	0.00122220948065
topic 3	0.0
topic 4	0.00237737460635
topic 5	0.000370322478609
topic 6	0.0
