topic	weight
topic 0	8.3574192754e-05
topic 1	0.000339213712145
topic 2	0.00129268865923
topic 3	0.00125158867678
topic 4	0.000444963910398
topic 5	0.0
topic 6	0.0
