topic	weight
topic 0	0.0
topic 1	0.0388114682384
topic 2	0.00177690845412
topic 3	0.00239188654933
topic 4	0.0232283223547
topic 5	0.00757024851602
topic 6	0.0130261063617
