topic	weight
topic 0	0.0090640286642
topic 1	0.14607454987
topic 2	0.0255410868581
topic 3	0.0111567370611
topic 4	0.00967023678484
topic 5	0.00199210870071
topic 6	0.0
