topic	weight
topic 0	0.00245773438896
topic 1	0.000311842642806
topic 2	0.00710503285104
topic 3	0.0
topic 4	0.00982967726944
topic 5	0.000171812100156
topic 6	0.0
