topic	weight
topic 0	0.0
topic 1	0.0
topic 2	0.0
topic 3	0.0
topic 4	0.212189945027
topic 5	0.0
topic 6	0.00172907154921
