topic	weight
topic 0	0.0031943632071
topic 1	0.0316581038534
topic 2	0.0126639302025
topic 3	0.0
topic 4	0.00979166061655
topic 5	0.00921682422006
topic 6	0.0
