topic	weight
topic 0	0.142554013682
topic 1	0.0
topic 2	0.000420949972538
topic 3	0.00169176791152
topic 4	0.0026719568492
topic 5	0.0
topic 6	0.0
