topic	weight
topic 0	6.73301085939e-05
topic 1	0.0144324914285
topic 2	0.00445352135283
topic 3	0.00100079489956
topic 4	0.0
topic 5	0.00212595544981
topic 6	0.000280967513489
