topic	weight
topic 0	0.0
topic 1	0.000699672388693
topic 2	0.000124994763364
topic 3	0.000418624852172
topic 4	0.000726464751386
topic 5	0.00353979074978
topic 6	4.12987603986e-06
