topic	weight
topic 0	0.0
topic 1	0.00660347131744
topic 2	0.0149262441753
topic 3	0.000831176067238
topic 4	0.0123859539123
topic 5	0.00475218354478
topic 6	0.0154411186459
