topic	weight
topic 0	0.000166367355725
topic 1	0.0
topic 2	0.000746416132695
topic 3	0.000236712884489
topic 4	2.6431168467e-05
topic 5	3.51623733072e-05
topic 6	0.000225946622378
