topic	weight
topic 0	0.000453185190993
topic 1	0.00406022675681
topic 2	0.00131281678447
topic 3	0.000817067826098
topic 4	0.00268288812094
topic 5	0.00319029293114
topic 6	0.0
