topic	weight
topic 0	0.00156033805752
topic 1	2.31388776469e-05
topic 2	0.00866565758044
topic 3	0.00115048811784
topic 4	0.000396655089938
topic 5	0.000455251299938
topic 6	0.00158191034922
