topic	weight
topic 0	0.0
topic 1	0.00384636064331
topic 2	0.00153287738139
topic 3	0.000704214101508
topic 4	0.000695682468785
topic 5	0.00129856236474
topic 6	0.0
