topic	weight
topic 0	0.0
topic 1	0.0
topic 2	0.0
topic 3	0.0
topic 4	0.00585059640756
topic 5	0.123392620709
topic 6	0.0
