topic	weight
topic 0	0.0
topic 1	0.00599187101379
topic 2	0.0254500769628
topic 3	0.00130167807322
topic 4	0.00232392445823
topic 5	0.00037138047653
topic 6	0.0
