topic	weight
topic 0	0.0010662003638
topic 1	0.00246575295094
topic 2	0.0800828581157
topic 3	0.00246998412173
topic 4	0.00437759262929
topic 5	0.00577297442556
topic 6	0.00487003490781
