topic	weight
topic 0	0.0
topic 1	0.015407948544
topic 2	5.00152582878e-05
topic 3	0.0
topic 4	0.00728816983107
topic 5	0.00296280035481
topic 6	0.000671987440989
