topic	weight
topic 0	0.0
topic 1	0.000232873693905
topic 2	0.0
topic 3	0.0600440662835
topic 4	0.0
topic 5	0.0
topic 6	7.32265231228e-05
