topic	weight
topic 0	0.000869023093038
topic 1	3.34825409177e-05
topic 2	0.00256584150894
topic 3	0.000899120288983
topic 4	0.00102151720572
topic 5	0.0
topic 6	0.000435001938213
