topic	weight
topic 0	0.0004027272579
topic 1	0.0105457812034
topic 2	0.0202499930393
topic 3	0.00864878002886
topic 4	0.00314483040666
topic 5	0.00377893031241
topic 6	0.0
