topic	weight
topic 0	0.0
topic 1	0.00769971053845
topic 2	0.00161253796573
topic 3	0.0
topic 4	0.000605692201931
topic 5	0.0
topic 6	0.0
