topic	weight
topic 0	0.0
topic 1	0.0
topic 2	0.00160673155208
topic 3	0.00272238280298
topic 4	0.000277412556633
topic 5	0.0
topic 6	0.0
