topic	weight
topic 0	0.0
topic 1	0.000526993007117
topic 2	0.0
topic 3	0.00789819780312
topic 4	0.144507467525
topic 5	0.000648609251176
topic 6	0.00430994626674
