topic	weight
topic 0	2.46297027914e-05
topic 1	2.15399270046e-05
topic 2	0.000134193464307
topic 3	8.70129340352e-05
topic 4	0.000198503564303
topic 5	0.0
topic 6	4.32673415398e-05
