topic	weight
topic 0	0.00271609829435
topic 1	0.0205907819209
topic 2	0.0134298076144
topic 3	0.00437438404618
topic 4	0.000983945414906
topic 5	0.00898087303874
topic 6	0.0
