topic	weight
topic 0	0.0
topic 1	0.00742128502484
topic 2	0.0147643693429
topic 3	0.00801120919267
topic 4	0.0032734685225
topic 5	0.00312084978573
topic 6	0.0
