topic	weight
topic 0	0.0
topic 1	0.137665848398
topic 2	0.0
topic 3	0.00235211433523
topic 4	0.0134647408465
topic 5	0.00133345111209
topic 6	0.0
