topic	weight
topic 0	2.0823814771e-05
topic 1	8.43088280077e-05
topic 2	8.0249499148e-05
topic 3	0.0
topic 4	0.00081253134846
topic 5	1.26938692744e-05
topic 6	0.0
