topic	weight
topic 0	0.0
topic 1	0.00279707093477
topic 2	5.62339030441e-06
topic 3	0.00285540186412
topic 4	0.0107886980024
topic 5	0.000538265867464
topic 6	0.00131084805024
