topic	weight
topic 0	0.119133525968
topic 1	0.00598162638719
topic 2	0.0154770843479
topic 3	0.00728480736966
topic 4	0.0102693402147
topic 5	0.0
topic 6	0.0
