topic	weight
topic 0	0.000239213603584
topic 1	0.0121667215865
topic 2	0.0116147000606
topic 3	0.000827584324209
topic 4	0.0154144984259
topic 5	0.00247443074083
topic 6	0.00153278140501
