topic	weight
topic 0	0.000140556532175
topic 1	0.000346553494277
topic 2	0.00344348583587
topic 3	0.0
topic 4	0.0
topic 5	0.240691125716
topic 6	0.0
