topic	weight
topic 0	0.00262112133229
topic 1	0.0
topic 2	0.00883305611079
topic 3	0.000163584902707
topic 4	0.00238305602902
topic 5	0.00317142207096
topic 6	0.0
