topic	weight
topic 0	7.50280587049e-05
topic 1	0.000325959414582
topic 2	0.00284057724307
topic 3	0.00155535762146
topic 4	0.00370392139077
topic 5	0.0
topic 6	0.0
