topic	weight
topic 0	5.01623040083e-06
topic 1	0.0
topic 2	0.000141728398039
topic 3	0.00271149452033
topic 4	0.00058247597685
topic 5	6.28349096153e-05
topic 6	0.0
