topic	weight
topic 0	0.0
topic 1	0.00197525575533
topic 2	0.00138004065624
topic 3	0.00354959871544
topic 4	4.42789109281e-05
topic 5	0.00183041653914
topic 6	0.0
