topic	weight
topic 0	0.233927920786
topic 1	0.0
topic 2	0.0
topic 3	0.000428892489996
topic 4	0.000222802713021
topic 5	0.0298467827486
topic 6	0.000377488630343
