topic	weight
topic 0	0.0
topic 1	0.000390454987433
topic 2	0.00232275383135
topic 3	0.000661015656133
topic 4	0.00459661339003
topic 5	0.0060113933643
topic 6	0.0
