topic	weight
topic 0	0.00405313351025
topic 1	0.000837951347811
topic 2	0.00534395864124
topic 3	0.00265075809714
topic 4	0.00318938377525
topic 5	3.22871627804e-05
topic 6	0.0
