topic	weight
topic 0	0.0
topic 1	0.00276766862791
topic 2	0.0
topic 3	0.0
topic 4	0.00255662245594
topic 5	0.0851336182231
topic 6	0.0
