topic	weight
topic 0	0.00895887676145
topic 1	0.00194086825632
topic 2	0.000776926166505
topic 3	0.00541743133397
topic 4	0.00141330912335
topic 5	0.0612739966248
topic 6	0.000183951007706
