topic	weight
topic 0	0.0
topic 1	0.00756346044031
topic 2	0.00951339945181
topic 3	0.0
topic 4	0.014698963086
topic 5	0.0
topic 6	0.00258146473188
