topic	weight
topic 0	0.00211223104913
topic 1	0.000641011173842
topic 2	0.0140371112224
topic 3	0.000269587474993
topic 4	0.00113001896533
topic 5	0.00134571380687
topic 6	0.0
