topic	weight
topic 0	1.88237930553e-05
topic 1	0.000634897358006
topic 2	0.000342288814682
topic 3	0.00859213093041
topic 4	2.77376637178e-06
topic 5	0.0
topic 6	0.0
