topic	weight
topic 0	0.0
topic 1	0.00140247215056
topic 2	0.00211323401212
topic 3	0.000209258555852
topic 4	0.00284744739252
topic 5	0.00484448861987
topic 6	0.0
