topic	weight
topic 0	0.0
topic 1	0.00273170433478
topic 2	0.00350447505068
topic 3	0.00769217750956
topic 4	0.00126031632946
topic 5	0.0112960355784
topic 6	0.00066656319247
