topic	weight
topic 0	0.00693259326981
topic 1	0.000526306601849
topic 2	0.00602465253194
topic 3	0.000305172853317
topic 4	0.00693124356391
topic 5	0.0
topic 6	0.0
