topic	weight
topic 0	0.0
topic 1	0.00907120045983
topic 2	0.0149500948494
topic 3	0.00741523957441
topic 4	0.00172971149379
topic 5	0.00333167820856
topic 6	0.0
