topic	weight
topic 0	0.0
topic 1	0.000278902299315
topic 2	0.00104421215183
topic 3	0.00885995424909
topic 4	0.000288575363919
topic 5	0.000464210985601
topic 6	2.39067142142e-05
