topic	weight
topic 0	0.0
topic 1	0.00268211358251
topic 2	0.000856012590546
topic 3	0.0516428823017
topic 4	0.0168891844242
topic 5	0.0269133783416
topic 6	0.0
