topic	weight
topic 0	0.0
topic 1	0.00381924615831
topic 2	5.05440380427e-06
topic 3	0.000104234348828
topic 4	0.000475298766428
topic 5	0.00133504360083
topic 6	0.0
