topic	weight
topic 0	0.00852869476771
topic 1	0.00732202421611
topic 2	0.0204465169713
topic 3	0.0529990157256
topic 4	0.0260305860016
topic 5	0.0
topic 6	0.0
