topic	weight
topic 0	0.0
topic 1	0.00910510784887
topic 2	0.0111318963001
topic 3	0.00629270199089
topic 4	0.00446103232578
topic 5	0.00414980585436
topic 6	0.00100840408774
