topic	weight
topic 0	0.00194040788232
topic 1	0.00114428564263
topic 2	0.00211268402861
topic 3	0.00508606639792
topic 4	0.00130194558595
topic 5	0.0
topic 6	7.46627119152e-05
