topic	weight
topic 0	0.00149942920133
topic 1	0.00605379867983
topic 2	0.000259478659828
topic 3	0.000435055567628
topic 4	0.00021847285911
topic 5	0.00440938484051
topic 6	0.0
