topic	weight
topic 0	0.0
topic 1	0.0104747600601
topic 2	0.00329399387823
topic 3	0.00100245401512
topic 4	0.00854324255468
topic 5	0.00415052956994
topic 6	0.000579166965245
