topic	weight
topic 0	0.0
topic 1	0.21579086956
topic 2	0.0160255217453
topic 3	0.0
topic 4	0.0
topic 5	0.0
topic 6	0.0
