topic	weight
topic 0	0.0104450488009
topic 1	0.00661279597482
topic 2	0.00518506520018
topic 3	0.0
topic 4	0.00800847549259
topic 5	0.00892446668906
topic 6	0.0
