topic	weight
topic 0	0.0
topic 1	0.147426049146
topic 2	0.0
topic 3	0.000345955895006
topic 4	0.00466763110306
topic 5	0.00840297969006
topic 6	0.00524974141647
