topic	weight
topic 0	0.0
topic 1	0.0048392872721
topic 2	0.00912180189937
topic 3	0.0052644574957
topic 4	0.00137081232296
topic 5	0.00213272504077
topic 6	0.0
