topic	weight
topic 0	0.0
topic 1	0.00270813463569
topic 2	0.0360556703309
topic 3	0.0045042136773
topic 4	0.00617374240602
topic 5	0.00109040310659
topic 6	0.0
