topic	weight
topic 0	5.66999907176e-05
topic 1	0.0
topic 2	0.0
topic 3	0.0381502562841
topic 4	1.01077510524e-05
topic 5	0.00113953963329
topic 6	8.96839185801e-05
