topic	weight
topic 0	0.0
topic 1	0.0
topic 2	0.00266006839871
topic 3	0.000335701489235
topic 4	0.00111474438404
topic 5	0.000325264866754
topic 6	0.0
