topic	weight
topic 0	0.00442417920918
topic 1	0.0
topic 2	0.0
topic 3	0.000252024598062
topic 4	0.000274133286798
topic 5	0.276037098215
topic 6	0.000909467471415
