topic	weight
topic 0	0.0128751108369
topic 1	0.00617306042072
topic 2	0.0210357743242
topic 3	0.00255037219263
topic 4	0.0125515018455
topic 5	0.000973392088501
topic 6	0.0
