topic	weight
topic 0	0.0
topic 1	0.00278072504276
topic 2	0.000136652589087
topic 3	0.0
topic 4	0.000445391494426
topic 5	0.00113080323613
topic 6	0.00154069224655
