topic	weight
topic 0	0.0
topic 1	0.00139791593723
topic 2	0.00331217179267
topic 3	0.0
topic 4	0.0124331563869
topic 5	0.00774915518268
topic 6	0.0026324841181
