topic	weight
topic 0	0.0
topic 1	2.93389613645e-06
topic 2	0.000512877136201
topic 3	0.010180985232
topic 4	0.0
topic 5	5.23676000785e-05
topic 6	7.30148595463e-05
