topic	weight
topic 0	0.0
topic 1	0.161371714169
topic 2	0.0
topic 3	0.0
topic 4	0.0
topic 5	0.00103799548039
topic 6	0.241071360999
