topic	weight
topic 0	0.00367527418099
topic 1	0.0069892080816
topic 2	0.000692021664504
topic 3	0.00161158828248
topic 4	0.00642244491309
topic 5	0.0175835189707
topic 6	0.0
