topic	weight
topic 0	0.0
topic 1	0.0133481994189
topic 2	0.00342199606069
topic 3	0.0119489593239
topic 4	0.000739967185359
topic 5	0.00612919483571
topic 6	0.00801816624613
