topic	weight
topic 0	0.0
topic 1	0.000612387485373
topic 2	0.0394827217513
topic 3	0.00027308231061
topic 4	0.0
topic 5	0.0
topic 6	0.0175347799395
