topic	weight
topic 0	0.0
topic 1	0.00134834892725
topic 2	0.0158261781003
topic 3	0.00456901158532
topic 4	0.00784601519049
topic 5	0.00435011858715
topic 6	0.0117485868245
