topic	weight
topic 0	0.0
topic 1	0.129853428932
topic 2	0.0
topic 3	0.0
topic 4	0.0
topic 5	0.00322761397062
topic 6	0.00491136106753
