topic	weight
topic 0	3.43248956552e-05
topic 1	8.35672601682e-05
topic 2	0.0
topic 3	0.0
topic 4	0.00103488812262
topic 5	0.0
topic 6	0.0
