topic	weight
topic 0	0.0
topic 1	0.000824617009648
topic 2	0.00219512889469
topic 3	0.000519070003534
topic 4	0.00143907562914
topic 5	0.00768529504445
topic 6	4.14009664528e-05
