topic	weight
topic 0	0.0
topic 1	4.92409606976e-05
topic 2	0.000339750154951
topic 3	0.000711706488044
topic 4	0.00171324666942
topic 5	0.000360287630559
topic 6	0.00559483565181
