topic	weight
topic 0	0.0056102413023
topic 1	0.00392374862687
topic 2	0.00666003257637
topic 3	0.00436479120923
topic 4	0.00341997632392
topic 5	0.0
topic 6	0.0
