topic	weight
topic 0	0.0
topic 1	0.0107907963241
topic 2	0.0191101611342
topic 3	0.0
topic 4	0.0
topic 5	0.000813474110811
topic 6	0.0
