topic	weight
topic 0	0.0
topic 1	0.0077448619817
topic 2	0.000278413313947
topic 3	0.00149487925769
topic 4	0.000236781592
topic 5	0.00457654489135
topic 6	0.0
