topic	weight
topic 0	0.0
topic 1	0.0
topic 2	0.00211619204462
topic 3	0.00263648287375
topic 4	0.000323752128961
topic 5	0.0
topic 6	0.0
