topic	weight
topic 0	0.0
topic 1	0.00022235322321
topic 2	0.00148416547109
topic 3	4.14534469694e-06
topic 4	0.0126591930292
topic 5	0.0
topic 6	0.0
