topic	weight
topic 0	0.000184584023954
topic 1	0.00139214237596
topic 2	0.00406974835001
topic 3	0.000672142659565
topic 4	0.00111656668332
topic 5	0.000188212836178
topic 6	0.0
