topic	weight
topic 0	0.000491558737986
topic 1	0.0211851946017
topic 2	0.0098721700346
topic 3	0.00398165136005
topic 4	0.000104198968484
topic 5	0.00997224488717
topic 6	0.0
