topic	weight
topic 0	0.000106505429114
topic 1	0.0
topic 2	0.000500581125533
topic 3	0.00273812297715
topic 4	0.0
topic 5	4.72450145971e-06
topic 6	0.000149364003743
