topic	weight
topic 0	0.0
topic 1	0.0
topic 2	0.0
topic 3	0.0278161124233
topic 4	0.0
topic 5	0.0
topic 6	0.000215842937329
