topic	weight
topic 0	0.00487838507884
topic 1	0.014306960504
topic 2	0.000462794883104
topic 3	0.00287806345624
topic 4	0.00354144973914
topic 5	0.0670769487653
topic 6	0.0
