topic	weight
topic 0	0.0011716616087
topic 1	0.0145623556666
topic 2	0.00181949008463
topic 3	0.0021067667193
topic 4	0.0134169603499
topic 5	0.0101394267727
topic 6	0.000320740208739
