topic	weight
topic 0	0.00143600440693
topic 1	6.11673689312e-05
topic 2	0.000326506649781
topic 3	0.00210722619604
topic 4	0.000631952515313
topic 5	0.000424284224032
topic 6	0.0
