topic	weight
topic 0	0.0
topic 1	0.00766534340506
topic 2	0.011902648412
topic 3	0.00183424352207
topic 4	0.0124235220844
topic 5	0.0141943421932
topic 6	0.0
