topic	weight
topic 0	0.0
topic 1	0.0934710942621
topic 2	0.00662044456788
topic 3	0.00138159293246
topic 4	0.0497179083219
topic 5	0.0357279498419
topic 6	0.0
