topic	weight
topic 0	9.71755477749e-05
topic 1	1.63256691214e-05
topic 2	8.99481983593e-05
topic 3	0.0
topic 4	3.38500935779e-05
topic 5	7.2245928699e-05
topic 6	0.0
