topic	weight
topic 0	0.00452741151801
topic 1	0.000165755024147
topic 2	0.133468925528
topic 3	0.000369113379482
topic 4	0.000312795402177
topic 5	0.0
topic 6	0.0
