topic	weight
topic 0	0.015965719617
topic 1	0.0
topic 2	0.0135615037013
topic 3	0.000588661475666
topic 4	0.00535507874344
topic 5	0.02734798073
topic 6	0.0
