topic	weight
topic 0	3.44308039061e-05
topic 1	0.0
topic 2	9.17846553757e-06
topic 3	2.69744500431e-05
topic 4	0.000118678328317
topic 5	0.0
topic 6	7.63560969589e-05
