topic	weight
topic 0	0.00319264072975
topic 1	6.25430075002e-05
topic 2	0.00365960177378
topic 3	0.00245796306416
topic 4	0.00209175516682
topic 5	0.00128466503407
topic 6	0.0
