topic	weight
topic 0	0.00138993200499
topic 1	0.00101148394092
topic 2	0.00130004771054
topic 3	0.00432361736169
topic 4	0.00029546951472
topic 5	0.243066843029
topic 6	0.0
