topic	weight
topic 0	0.0
topic 1	0.0
topic 2	0.115768314522
topic 3	0.00658453321937
topic 4	0.0818113119462
topic 5	0.0
topic 6	0.0
