topic	weight
topic 0	0.0
topic 1	0.0
topic 2	0.00103063911189
topic 3	0.172883041324
topic 4	0.0
topic 5	0.00029880161035
topic 6	0.00441900257026
