topic	weight
topic 0	3.19713078348e-05
topic 1	2.41030636518e-05
topic 2	0.000175344622737
topic 3	0.000140713201727
topic 4	0.000107235250449
topic 5	0.000231407369496
topic 6	0.0
