topic	weight
topic 0	0.00289570903431
topic 1	0.00632967007335
topic 2	0.0102555880131
topic 3	0.13561060994
topic 4	0.00405110458139
topic 5	0.00133025619757
topic 6	0.00389952743773
