topic	weight
topic 0	0.000536155798288
topic 1	0.00825518773057
topic 2	0.00013857290229
topic 3	0.000484181748023
topic 4	0.000309219203309
topic 5	0.0052251014489
topic 6	0.0
