topic	weight
topic 0	0.000729773769425
topic 1	0.0015691987281
topic 2	0.0045561076884
topic 3	0.00244189239693
topic 4	0.00177208946927
topic 5	0.0011568177973
topic 6	0.00246906753843
