topic	weight
topic 0	0.0712364394424
topic 1	0.0
topic 2	0.0
topic 3	0.0
topic 4	0.000525446004523
topic 5	0.212184819021
topic 6	0.0
