topic	weight
topic 0	0.0
topic 1	0.00356998550165
topic 2	0.0134106754602
topic 3	0.001926756717
topic 4	0.00875981492824
topic 5	0.00183695971043
topic 6	0.0
