topic	weight
topic 0	0.00307973024784
topic 1	8.95405070214e-06
topic 2	0.00413830910148
topic 3	0.000788922721804
topic 4	0.00211990491352
topic 5	0.0011936691936
topic 6	0.0
