topic	weight
topic 0	0.242703648619
topic 1	0.0
topic 2	0.0
topic 3	0.0
topic 4	0.0
topic 5	2.06935913061
topic 6	0.0
