topic	weight
topic 0	0.0121583796748
topic 1	0.0
topic 2	0.0
topic 3	0.000694796954998
topic 4	0.00187009043301
topic 5	0.0292112659628
topic 6	0.000255918750195
