topic	weight
topic 0	0.0020851602458
topic 1	0.0
topic 2	0.0
topic 3	0.0
topic 4	0.092718671436
topic 5	0.0
topic 6	0.0
