topic	weight
topic 0	0.00101343201534
topic 1	0.0
topic 2	0.0242870002265
topic 3	0.0202090127003
topic 4	0.00556682150449
topic 5	0.00533922540736
topic 6	0.0
