topic	weight
topic 0	0.0
topic 1	4.53844783453e-05
topic 2	0.000218209291557
topic 3	2.78867913156e-05
topic 4	0.00112168294267
topic 5	0.00142252411527
topic 6	3.37254277603e-05
