topic	weight
topic 0	0.0
topic 1	0.00485559219155
topic 2	0.0251091409461
topic 3	0.00502200238054
topic 4	0.0184188708455
topic 5	0.0161822237647
topic 6	0.0143135270188
