topic	weight
topic 0	0.00345795691383
topic 1	0.0
topic 2	0.00276513396333
topic 3	0.0
topic 4	0.00305539287899
topic 5	0.1878877983
topic 6	0.0
