topic	weight
topic 0	0.0
topic 1	0.0306171823158
topic 2	0.011477697961
topic 3	0.0059344312358
topic 4	0.000597300264315
topic 5	0.084685927393
topic 6	0.0
