topic	weight
topic 0	0.130524300916
topic 1	0.0
topic 2	0.000283465329821
topic 3	0.00123660765584
topic 4	0.000801301411081
topic 5	0.0
topic 6	0.0
