topic	weight
topic 0	0.0
topic 1	0.0101849506
topic 2	0.0
topic 3	0.000223740699053
topic 4	0.00616405520559
topic 5	0.00214125494275
topic 6	0.00062479951533
