topic	weight
topic 0	0.0
topic 1	0.00489208675939
topic 2	0.00190739008717
topic 3	1.77509470318e-05
topic 4	0.00596669006613
topic 5	0.00320653271006
topic 6	0.0
