topic	weight
topic 0	0.0
topic 1	0.009362358415
topic 2	0.00835833607288
topic 3	0.0216094286706
topic 4	0.093885189838
topic 5	0.0
topic 6	0.000264330305348
