topic	weight
topic 0	3.12035445332e-05
topic 1	5.21298083166e-05
topic 2	0.00022027473643
topic 3	8.06938468244e-05
topic 4	0.000763358004139
topic 5	0.0
topic 6	0.0
