topic	weight
topic 0	0.0
topic 1	0.0
topic 2	0.0
topic 3	0.153152636755
topic 4	0.0809007471334
topic 5	0.0
topic 6	0.0
