topic	weight
topic 0	0.0
topic 1	0.00044570952929
topic 2	0.00502871579953
topic 3	0.0
topic 4	0.0185188483679
topic 5	0.012052777656
topic 6	0.00404363510901
