topic	weight
topic 0	0.00238016241391
topic 1	0.00103658289665
topic 2	0.00250318581391
topic 3	6.58029665547e-05
topic 4	0.0179778910906
topic 5	0.006033274229
topic 6	0.00707810661083
