topic	weight
topic 0	7.556408427e-05
topic 1	8.82524979554e-05
topic 2	0.00019780151549
topic 3	8.23946470515e-05
topic 4	0.000421714661111
topic 5	0.0
topic 6	0.0
