topic	weight
topic 0	0.0
topic 1	0.0
topic 2	0.000322304868323
topic 3	0.0237090206085
topic 4	0.00473257744767
topic 5	0.0
topic 6	0.0
