topic	weight
topic 0	0.0
topic 1	0.234870443844
topic 2	0.0141933992938
topic 3	0.00840087482591
topic 4	0.0
topic 5	0.000710825706154
topic 6	0.0
