topic	weight
topic 0	0.000307340006128
topic 1	3.24133532513e-05
topic 2	0.00302978723304
topic 3	0.000527119322966
topic 4	0.000679634293567
topic 5	0.00262530985265
topic 6	0.0
