topic	weight
topic 0	0.0019206458716
topic 1	0.000254451285587
topic 2	0.00267798479661
topic 3	0.022049340171
topic 4	0.0
topic 5	0.0
topic 6	0.0
