topic	weight
topic 0	0.00496081515028
topic 1	0.00422177561894
topic 2	0.00704539103878
topic 3	0.000918214315599
topic 4	0.0126499579625
topic 5	0.000798857290825
topic 6	0.0
