topic	weight
topic 0	0.0
topic 1	0.00862468725729
topic 2	0.0111617286556
topic 3	0.00495696527967
topic 4	0.0149649067602
topic 5	0.0
topic 6	0.00289688633198
