topic	weight
topic 0	0.00102886326779
topic 1	0.0
topic 2	0.00312232868495
topic 3	0.00275960174646
topic 4	0.00561072303374
topic 5	0.0292973689892
topic 6	0.0
