topic	weight
topic 0	0.0
topic 1	0.00815742855549
topic 2	0.0074309441435
topic 3	0.00287217694287
topic 4	0.0117786632859
topic 5	0.00658366583567
topic 6	0.0
