topic	weight
topic 0	0.010590000964
topic 1	0.0
topic 2	0.000250401746212
topic 3	0.000104312972543
topic 4	2.88873165038e-05
topic 5	0.0131301091105
topic 6	0.0
