topic	weight
topic 0	0.0
topic 1	0.00226497116662
topic 2	0.0119393442145
topic 3	0.00386555978218
topic 4	0.00300785841468
topic 5	0.0105733751692
topic 6	0.00326059426735
