topic	weight
topic 0	0.0
topic 1	0.000827578977559
topic 2	0.00184591880403
topic 3	0.00592252275789
topic 4	0.112821702279
topic 5	0.00751034580361
topic 6	0.00304802098551
