topic	weight
topic 0	0.00026217135092
topic 1	0.0
topic 2	0.00444630357829
topic 3	0.00450292027398
topic 4	0.0484935289695
topic 5	0.00121566391013
topic 6	0.00472607529424
