topic	weight
topic 0	0.0
topic 1	0.0
topic 2	0.000458216644312
topic 3	0.0153137387301
topic 4	0.0
topic 5	0.0
topic 6	0.0
