topic	weight
topic 0	0.0
topic 1	0.0
topic 2	0.0940781555566
topic 3	7.31996930111e-05
topic 4	0.0
topic 5	0.0
topic 6	0.0
