topic	weight
topic 0	0.00111308206106
topic 1	4.3689423316e-05
topic 2	0.00263663597551
topic 3	0.000187112235888
topic 4	0.000979095652087
topic 5	0.0
topic 6	0.0
