topic	weight
topic 0	0.0
topic 1	9.52007279402e-05
topic 2	0.00105742510814
topic 3	0.000314303954425
topic 4	0.00032001955668
topic 5	0.0173165462647
topic 6	0.00027918256989
