topic	weight
topic 0	0.000518030611122
topic 1	0.00128075149541
topic 2	0.00458022041898
topic 3	0.00195014198484
topic 4	0.000751993612062
topic 5	0.000133736101315
topic 6	3.1444259063e-05
