topic	weight
topic 0	0.000297444310181
topic 1	5.14290896178e-05
topic 2	0.0014583505328
topic 3	3.80611683497e-05
topic 4	0.000355598454785
topic 5	0.00019278651848
topic 6	0.0
