topic	weight
topic 0	0.0
topic 1	0.0024069573164
topic 2	0.00969930622357
topic 3	0.0
topic 4	0.0130640955938
topic 5	0.00345120258859
topic 6	0.0137771457388
