topic	weight
topic 0	4.35070152505e-05
topic 1	0.000408542242311
topic 2	0.00083714801802
topic 3	0.00104396406025
topic 4	0.000274840107966
topic 5	0.00021863434346
topic 6	0.0
