topic	weight
topic 0	0.0
topic 1	0.0012738392435
topic 2	0.0
topic 3	0.0
topic 4	0.00317442775156
topic 5	0.0873749866055
topic 6	0.00168032586134
