topic	weight
topic 0	0.0
topic 1	0.00178851726403
topic 2	0.00159054827507
topic 3	0.0032757390409
topic 4	0.0188610341834
topic 5	3.64951953698e-05
topic 6	0.0
