topic	weight
topic 0	0.100212205699
topic 1	0.000970239488131
topic 2	0.00286064409007
topic 3	0.000237600487147
topic 4	0.00778195776624
topic 5	0.0
topic 6	0.00356943864341
