topic	weight
topic 0	0.0056457965919
topic 1	0.00310853760559
topic 2	0.00553093576589
topic 3	0.00406427349989
topic 4	0.0042522421556
topic 5	9.07284262116e-05
topic 6	0.0
