topic	weight
topic 0	0.0
topic 1	0.0
topic 2	0.132551589268
topic 3	0.00340689058909
topic 4	0.0
topic 5	0.00633605540578
topic 6	0.0
