topic	weight
topic 0	0.0
topic 1	0.0
topic 2	0.00450495541099
topic 3	0.0153077544943
topic 4	0.0
topic 5	0.0
topic 6	0.0
