topic	weight
topic 0	0.00115245490246
topic 1	0.00488462439965
topic 2	0.0161114738906
topic 3	0.00766485692081
topic 4	0.005323415306
topic 5	0.000388253114679
topic 6	0.0
