topic	weight
topic 0	0.128250574458
topic 1	0.0
topic 2	0.00021536779313
topic 3	0.00121802148521
topic 4	0.0
topic 5	0.0
topic 6	0.0
