topic	weight
topic 0	0.0
topic 1	0.000290942412758
topic 2	0.00060783690206
topic 3	0.00194211065766
topic 4	0.000231312595856
topic 5	0.000250864307319
topic 6	0.000105174173819
