topic	weight
topic 0	0.0
topic 1	0.0047583308802
topic 2	0.00396432625638
topic 3	0.0
topic 4	0.0148603988167
topic 5	0.00434064542386
topic 6	0.0
