topic	weight
topic 0	0.000286848933081
topic 1	0.000500915567253
topic 2	0.00763531077476
topic 3	0.00153366407456
topic 4	0.00363786587055
topic 5	0.000960351620655
topic 6	0.00047245470746
