topic	weight
topic 0	0.0
topic 1	0.00234261132332
topic 2	0.00131594699042
topic 3	0.000708979009709
topic 4	0.00118496350485
topic 5	0.00248388911019
topic 6	0.0
