topic	weight
topic 0	0.0
topic 1	0.00399103257486
topic 2	0.0314840543121
topic 3	0.0
topic 4	0.014436662324
topic 5	0.00620433736169
topic 6	0.0116592668866
