topic	weight
topic 0	0.0170925438568
topic 1	0.0
topic 2	0.00106298758385
topic 3	0.000577910057394
topic 4	0.00021669459064
topic 5	0.0
topic 6	0.0
