topic	weight
topic 0	0.00298313332176
topic 1	0.0
topic 2	0.00120195911841
topic 3	0.000779026339759
topic 4	0.000746174329914
topic 5	0.0
topic 6	0.0
