topic	weight
topic 0	0.00195516547065
topic 1	0.000319763045829
topic 2	0.00417659267256
topic 3	0.0273309097932
topic 4	0.0
topic 5	0.000950019056274
topic 6	0.0
