topic	weight
topic 0	0.0
topic 1	0.0
topic 2	0.00264334486443
topic 3	0.000743384465538
topic 4	0.00752437968767
topic 5	0.0247339161124
topic 6	0.0
