topic	weight
topic 0	0.0
topic 1	7.59269832417e-05
topic 2	0.00522521030842
topic 3	0.00266204476012
topic 4	0.00198346243985
topic 5	0.000673839972555
topic 6	0.00442489292303
