topic	weight
topic 0	0.00885369396244
topic 1	0.0
topic 2	0.00109618022645
topic 3	0.0
topic 4	0.001860437401
topic 5	0.217039988362
topic 6	0.0
