topic	weight
topic 0	0.0
topic 1	0.00123077998163
topic 2	0.00756368085335
topic 3	0.00509906900858
topic 4	0.00361460549642
topic 5	0.00771755540601
topic 6	0.0
