topic	weight
topic 0	0.0
topic 1	0.00441808942813
topic 2	0.00377983538017
topic 3	0.00382659294934
topic 4	0.000425481050621
topic 5	0.000498518494643
topic 6	0.0
