topic	weight
topic 0	0.0
topic 1	0.00103433557527
topic 2	0.0613623324897
topic 3	0.0
topic 4	0.0110401158903
topic 5	0.00161736700984
topic 6	0.015634223591
