topic	weight
topic 0	0.0
topic 1	0.00552093725751
topic 2	0.0077998136228
topic 3	0.00552976367284
topic 4	0.00877642777935
topic 5	0.0114050778948
topic 6	0.0
