topic	weight
topic 0	0.0
topic 1	0.0
topic 2	0.0
topic 3	0.00555049418387
topic 4	0.000914362267376
topic 5	0.00229716082344
topic 6	0.0
