topic	weight
topic 0	0.000824804695436
topic 1	0.0
topic 2	7.29800287196e-05
topic 3	4.90426201415e-05
topic 4	0.0
topic 5	0.00128148378778
topic 6	0.0
