topic	weight
topic 0	0.0
topic 1	0.00254515117962
topic 2	3.70527644132e-05
topic 3	6.86659397333e-05
topic 4	0.00035989230759
topic 5	0.000908403645149
topic 6	1.12943208389e-05
