topic	weight
topic 0	0.128060232314
topic 1	0.00178922704042
topic 2	0.00409534566531
topic 3	0.00293095535398
topic 4	0.00272793263155
topic 5	0.0
topic 6	0.000134550303808
