topic	weight
topic 0	1.96357211195e-05
topic 1	0.00214798704846
topic 2	0.0026736950599
topic 3	0.0
topic 4	0.000646359355768
topic 5	0.0
topic 6	0.0
