topic	weight
topic 0	0.0
topic 1	0.00349592145144
topic 2	0.00451133227859
topic 3	0.000595623444944
topic 4	0.00830747229264
topic 5	0.0
topic 6	0.0
