topic	weight
topic 0	0.0031706317947
topic 1	0.0
topic 2	5.4351869102e-05
topic 3	0.0
topic 4	0.00303075584246
topic 5	0.00145159005625
topic 6	0.0
