topic	weight
topic 0	0.0
topic 1	2.60748260208e-05
topic 2	9.20134602428e-05
topic 3	1.97562724326e-05
topic 4	3.03665271343e-05
topic 5	0.000128768210959
topic 6	0.0
