topic	weight
topic 0	0.0
topic 1	0.000479061529233
topic 2	0.0083836138311
topic 3	0.0510140370802
topic 4	0.0776874466611
topic 5	0.00827390979101
topic 6	0.0
