topic	weight
topic 0	0.000303041250729
topic 1	0.0151572913553
topic 2	0.00147100587457
topic 3	0.00168386692369
topic 4	0.00800640729747
topic 5	0.0146326756514
topic 6	0.0
