topic	weight
topic 0	0.0
topic 1	0.00107543099839
topic 2	0.00563090703797
topic 3	0.00183731520297
topic 4	0.00196368658637
topic 5	0.000769719365506
topic 6	2.38919002644e-06
