topic	weight
topic 0	0.0
topic 1	0.000253838620389
topic 2	0.00142849002211
topic 3	0.000903093974581
topic 4	0.00105165029242
topic 5	0.000411832067845
topic 6	0.000241613875267
