topic	weight
topic 0	0.0
topic 1	0.000108428796431
topic 2	0.00223765972584
topic 3	0.0
topic 4	0.00144170939451
topic 5	0.000721874641714
topic 6	0.0
