topic	weight
topic 0	0.0
topic 1	0.000827783577262
topic 2	0.00305652640144
topic 3	0.0366338052272
topic 4	0.000431079196081
topic 5	0.0
topic 6	0.0
