topic	weight
topic 0	0.0
topic 1	0.0076482630749
topic 2	0.0180963198575
topic 3	0.007427773067
topic 4	0.0107776678806
topic 5	0.0106735878749
topic 6	0.0
