topic	weight
topic 0	0.000182641613797
topic 1	0.000129372285616
topic 2	0.00617314969186
topic 3	0.00163490195059
topic 4	0.00148844506234
topic 5	0.00181493814247
topic 6	0.0
