topic	weight
topic 0	0.0
topic 1	0.000130946390188
topic 2	0.000319278123757
topic 3	0.00105135778784
topic 4	0.000257534948114
topic 5	0.000457918665414
topic 6	0.0
