topic	weight
topic 0	0.0
topic 1	0.000226366299697
topic 2	0.000686220441813
topic 3	0.00261760365599
topic 4	0.00085020586019
topic 5	0.000528101670426
topic 6	0.0
