topic	weight
topic 0	0.0
topic 1	0.000958496042855
topic 2	0.000281831336827
topic 3	0.0
topic 4	0.000375700414946
topic 5	0.0017033687382
topic 6	0.0
