topic	weight
topic 0	0.0
topic 1	0.00760411295146
topic 2	0.013922497938
topic 3	0.0063513224087
topic 4	0.0196086481567
topic 5	0.0
topic 6	0.00330315665452
