topic	weight
topic 0	0.0
topic 1	0.0
topic 2	0.000924375272838
topic 3	0.0016868381607
topic 4	0.00659628841767
topic 5	0.000170272035383
topic 6	0.0
