topic	weight
topic 0	0.00660387307987
topic 1	0.0
topic 2	0.0
topic 3	5.26387430766e-06
topic 4	0.0
topic 5	0.0117389015566
topic 6	0.0
