topic	weight
topic 0	0.00614756927079
topic 1	0.00473899256196
topic 2	0.00785561931735
topic 3	0.0
topic 4	0.0284730470623
topic 5	0.00303413592756
topic 6	0.0
