topic	weight
topic 0	0.00171318118918
topic 1	0.00397316950259
topic 2	0.00729065449964
topic 3	0.00375009153173
topic 4	0.00795992861892
topic 5	0.000428948224091
topic 6	0.0
