topic	weight
topic 0	0.00425213129842
topic 1	0.000518587821436
topic 2	0.0026906617734
topic 3	0.00103770869759
topic 4	0.00390878635186
topic 5	0.0
topic 6	0.0
