topic	weight
topic 0	0.0
topic 1	0.0109696747133
topic 2	0.355092038174
topic 3	0.0
topic 4	0.00982008071741
topic 5	0.0
topic 6	0.0
