topic	weight
topic 0	0.0
topic 1	0.00324369475722
topic 2	0.0176271107327
topic 3	0.00501797787128
topic 4	0.015092458941
topic 5	0.010950120939
topic 6	0.00959371650191
