topic	weight
topic 0	0.0
topic 1	0.00249580715464
topic 2	6.02275402022e-05
topic 3	0.033012874992
topic 4	0.0125521092742
topic 5	0.00400609347909
topic 6	0.0
