topic	weight
topic 0	0.167584859288
topic 1	0.0
topic 2	0.000643657743188
topic 3	0.0
topic 4	0.00350896630152
topic 5	0.0
topic 6	0.000189442076415
