topic	weight
topic 0	0.000780290090545
topic 1	0.0029211821201
topic 2	0.00456388543671
topic 3	0.000367267675371
topic 4	0.00106995506767
topic 5	0.000162045763265
topic 6	0.0
