topic	weight
topic 0	0.0
topic 1	6.94074758007e-05
topic 2	0.000319449724484
topic 3	9.12751096899e-05
topic 4	0.000412320953783
topic 5	0.00501684389873
topic 6	0.0
