topic	weight
topic 0	0.0
topic 1	0.00132065525402
topic 2	0.0030632395057
topic 3	0.000496676281258
topic 4	0.000991568427177
topic 5	0.00119941149951
topic 6	0.0
