topic	weight
topic 0	0.0137370296299
topic 1	0.00216660350391
topic 2	0.0104880052304
topic 3	0.0035921275364
topic 4	0.00663419376135
topic 5	0.0131852670245
topic 6	0.0
