topic	weight
topic 0	0.00282091890763
topic 1	0.000445230224489
topic 2	0.00374072778885
topic 3	0.000416378096004
topic 4	0.00421706566572
topic 5	0.0
topic 6	0.0
