topic	weight
topic 0	0.0
topic 1	0.000110144691759
topic 2	9.50584632578e-05
topic 3	0.000196670895186
topic 4	0.00606917958387
topic 5	0.0
topic 6	0.0
