topic	weight
topic 0	0.0
topic 1	0.0129102213935
topic 2	0.0071421146694
topic 3	0.0
topic 4	0.0157630250077
topic 5	0.00416002306778
topic 6	0.00052112345498
