topic	weight
topic 0	0.0
topic 1	0.148827073577
topic 2	0.0106797563007
topic 3	0.000834062707503
topic 4	0.0
topic 5	0.0
topic 6	0.0
