topic	weight
topic 0	0.000565788581734
topic 1	0.0010521766558
topic 2	0.0393884495247
topic 3	0.0
topic 4	0.0
topic 5	6.73653339081e-05
topic 6	0.0
