topic	weight
topic 0	0.0
topic 1	0.00676523723662
topic 2	0.00146714168831
topic 3	0.000530786334155
topic 4	0.000824263746197
topic 5	0.000733333451788
topic 6	0.0
