topic	weight
topic 0	0.000481890332917
topic 1	0.00750463468078
topic 2	0.0020856281711
topic 3	0.000462446769905
topic 4	0.00214833047443
topic 5	0.0110445219769
topic 6	0.0
