topic	weight
topic 0	0.00251293376988
topic 1	0.000129813973725
topic 2	0.00100108755922
topic 3	0.00112037506081
topic 4	0.00254494094278
topic 5	0.00398095253617
topic 6	0.000721385601539
