topic	weight
topic 0	0.0
topic 1	0.00110822846913
topic 2	0.00311004965711
topic 3	0.0
topic 4	0.00648549409695
topic 5	0.0
topic 6	0.000503048784015
