topic	weight
topic 0	0.0
topic 1	0.0
topic 2	0.020540290681
topic 3	0.00171806103382
topic 4	0.00592582860974
topic 5	0.00550767860135
topic 6	0.0
