topic	weight
topic 0	0.0
topic 1	0.0400028057348
topic 2	0.030030936867
topic 3	0.0372038613963
topic 4	0.00795172775804
topic 5	0.214211280736
topic 6	0.0
