topic	weight
topic 0	0.0
topic 1	0.0
topic 2	0.0257328406037
topic 3	0.0
topic 4	0.00781733414718
topic 5	0.000664256855548
topic 6	0.00661847375559
