topic	weight
topic 0	0.0
topic 1	0.0109743534895
topic 2	0.0656703206011
topic 3	0.00925688096734
topic 4	0.0117828770883
topic 5	0.00580832330249
topic 6	0.00185675146527
