topic	weight
topic 0	0.0
topic 1	6.4303529941e-05
topic 2	7.37734673135e-05
topic 3	4.68278789147e-05
topic 4	0.0
topic 5	0.00276157626729
topic 6	0.0
