topic	weight
topic 0	0.0
topic 1	0.00332482899222
topic 2	0.00248249031731
topic 3	0.0053323550577
topic 4	0.00656879754286
topic 5	0.00469515188267
topic 6	0.0
