topic	weight
topic 0	0.0
topic 1	0.00352390633773
topic 2	0.00075935246548
topic 3	0.000629679172188
topic 4	0.00120233941941
topic 5	0.00388429121835
topic 6	0.0
