topic	weight
topic 0	0.0
topic 1	0.0
topic 2	0.0
topic 3	0.0
topic 4	0.0142618693317
topic 5	1.03157497069
topic 6	0.0
