topic	weight
topic 0	0.0
topic 1	0.000151491737224
topic 2	0.000231358692454
topic 3	0.000614966658939
topic 4	0.000714629072754
topic 5	0.000669243159294
topic 6	0.0
