topic	weight
topic 0	0.0
topic 1	0.020813162085
topic 2	0.00860224197243
topic 3	0.00135514277969
topic 4	0.000757382155775
topic 5	0.000304943832686
topic 6	0.000628391265593
