topic	weight
topic 0	0.00216079501201
topic 1	0.00146624976965
topic 2	0.00343551346639
topic 3	0.00618037808452
topic 4	0.000852680831886
topic 5	0.0
topic 6	0.000237255709766
