topic	weight
topic 0	0.000614850588052
topic 1	0.000411342356219
topic 2	0.00536740993659
topic 3	0.0
topic 4	0.00243805586912
topic 5	0.00120964845073
topic 6	0.00178346019408
