topic	weight
topic 0	0.0
topic 1	5.11969992445e-05
topic 2	0.000133592933328
topic 3	0.00259724244303
topic 4	0.0
topic 5	0.00139708797618
topic 6	0.000157598764613
