topic	weight
topic 0	0.0
topic 1	0.00213652648856
topic 2	0.00328463299605
topic 3	0.0633871185706
topic 4	0.00395523024963
topic 5	0.000387381890114
topic 6	0.0
