topic	weight
topic 0	0.0142286225678
topic 1	0.0
topic 2	0.000561451726921
topic 3	0.0
topic 4	0.00230770807645
topic 5	0.0215040360525
topic 6	0.0
