topic	weight
topic 0	0.0
topic 1	0.011369182959
topic 2	0.00498697484812
topic 3	0.0124803247774
topic 4	0.00181658076418
topic 5	0.0673231499746
topic 6	0.0
