topic	weight
topic 0	0.0
topic 1	0.000357591497103
topic 2	0.00112937965194
topic 3	0.00131106084217
topic 4	0.000574199391551
topic 5	0.000593613018007
topic 6	0.0
