topic	weight
topic 0	0.00203372748032
topic 1	0.0
topic 2	0.000304348910159
topic 3	2.61614859483e-05
topic 4	0.000285546807514
topic 5	0.0
topic 6	6.91167724093e-06
