topic	weight
topic 0	0.00334060498509
topic 1	9.7378833836e-05
topic 2	0.00156448928298
topic 3	0.000570127157423
topic 4	0.000341657346152
topic 5	0.000364952566813
topic 6	0.0
