topic	weight
topic 0	0.0
topic 1	0.00740682610275
topic 2	0.0126669188885
topic 3	0.00569927563471
topic 4	0.0109311617062
topic 5	0.00504850539863
topic 6	0.0
