topic	weight
topic 0	0.0
topic 1	0.00216918848543
topic 2	0.0147664359838
topic 3	0.0
topic 4	0.0130319100671
topic 5	0.00474168438266
topic 6	0.0183993534407
