topic	weight
topic 0	0.0
topic 1	0.00237341812376
topic 2	0.0108712463823
topic 3	0.0
topic 4	0.0925824740024
topic 5	0.0093200359235
topic 6	0.00936157056871
