topic	weight
topic 0	0.0120534098613
topic 1	0.000541328911124
topic 2	0.000752857989488
topic 3	3.16012615048e-05
topic 4	0.00296397545666
topic 5	0.0
topic 6	0.00146213631081
