topic	weight
topic 0	0.0
topic 1	0.0168762980434
topic 2	0.0276706194914
topic 3	0.0137861066075
topic 4	0.00294926206512
topic 5	0.00626600648147
topic 6	0.0
