topic	weight
topic 0	0.0
topic 1	0.00147286955035
topic 2	0.00137631616043
topic 3	0.0
topic 4	0.0156726068737
topic 5	0.00226097115302
topic 6	0.0
