topic	weight
topic 0	0.00378741785819
topic 1	0.00544007909162
topic 2	0.0315836188064
topic 3	0.0076549725419
topic 4	0.00946387368953
topic 5	0.00852072348219
topic 6	0.0
