topic	weight
topic 0	0.0
topic 1	0.036333726255
topic 2	0.0
topic 3	0.000405353813347
topic 4	0.0
topic 5	0.0101477247407
topic 6	0.0
