topic	weight
topic 0	0.0
topic 1	0.00669367617408
topic 2	0.000548800957277
topic 3	0.0
topic 4	0.187232332957
topic 5	0.0125333715597
topic 6	0.000131147344131
