topic	weight
topic 0	0.00655049548417
topic 1	0.0
topic 2	0.0
topic 3	0.0
topic 4	0.0
topic 5	0.20993984355
topic 6	0.0
