topic	weight
topic 0	0.0
topic 1	0.0
topic 2	0.0
topic 3	0.00821267565135
topic 4	0.0773888088987
topic 5	0.000949908215244
topic 6	0.0
