topic	weight
topic 0	0.0
topic 1	0.13868341423
topic 2	0.00599709877343
topic 3	0.0
topic 4	0.013232435114
topic 5	0.0
topic 6	0.0015011086109
