topic	weight
topic 0	0.141463118047
topic 1	0.0
topic 2	0.0
topic 3	0.0
topic 4	0.0
topic 5	0.151001273645
topic 6	0.0
