word	weight
handlers	2.43476920796
testing	0.20343046998
test	0.170714492228
junit	0.0750630198689
connect	0.0655111349371
event	0.0539651700796
service	0.0476113943236
understanding	0.0425211233217
services	0.0389251648327
root	0.0349956329207
default	0.034123225031
json	0.0341125686578
parameters	0.0339915222887
handle	0.0337597431856
start	0.0317824081698
website	0.0286565779013
person	0.0276242165139
events	0.0246295104257
thing	0.0235562748262
load	0.0233729357593
