word	weight
handler	1.51528940431
file	1.07438155016
fill	0.876063900781
default	0.547466882771
service	0.478180972013
root	0.191038069319
reading	0.176681068407
method	0.131387204539
json	0.116879196932
test	0.102668556531
gson	0.0999473728436
person	0.095516498403
register	0.0919946960907
read	0.0912335613725
load	0.0770450392127
error	0.0748844334964
clear	0.0741996725621
getting	0.0717740745448
event	0.0694298006763
exception	0.0682930343249
