word	weight
server	2.71677326652
proxy	0.36300555429
connecting	0.319830751337
family	0.241485806487
running	0.230813421425
design	0.205722888548
connection	0.156229061358
class	0.146662806669
get	0.121725229697
response	0.11862886373
pass	0.113445840661
getting	0.107927588765
app	0.104977923931
json	0.104755908839
fms	0.0976620121897
request	0.0934710942621
connect	0.0872097534258
http	0.0810073316705
problems	0.0805576590745
trouble	0.0705995242765
